2026-03-28 09:03:57,741 - game.simulation.components.abilities - WARNING - Failed to create ability 'EmissiveArmor': could not convert string to float: '=15 * (ship_class_mass / 1000)**(1/3)'
2026-03-28 09:03:57,743 - game.simulation.components.abilities - WARNING - Failed to create ability 'WarpJump': could not convert string to float: '=ship_class_mass'
2026-03-28 09:03:57,743 - game.simulation.components.abilities - WARNING - Failed to create ability 'EmissiveArmor': could not convert string to float: '=15 * (ship_class_mass / 1000)**(1/3)'
2026-03-28 09:03:57,745 - game.simulation.components.abilities - WARNING - Failed to create ability 'WarpJump': could not convert string to float: '=ship_class_mass'
2026-03-28 09:03:57,748 - game.simulation.entities.ship_loader - INFO - Loaded 5 layer configurations from vehiclelayers.json.
2026-03-28 09:03:57,748 - game.simulation.entities.ship_loader - INFO - Loaded 30 vehicle classes.
2026-03-28 09:03:57,749 - game.core.json_utils - DEBUG - JSON file not found: C:\Dev\Starship Battles\output\settings\keybindings.json
2026-03-28 09:03:57,749 - game.ui.renderer.sprites - INFO - Loading sprites from C:\Dev\Starship Battles\assets\Images\Components\Tiles
2026-03-28 09:03:57,765 - game.ui.renderer.sprites - INFO - Loaded 242 sprites from directory (max index 241)
2026-03-28 09:03:57,776 - game.core.profiling - INFO - Profiler initialized with session ID: 2a6cde1c-d1d5-4ec6-8fff-93f11c63dfab
2026-03-28 09:03:57,782 - game.ui.screens.workshop_screen - DEBUG - Workshop NOT setting theme - integrated=False, empire_theme_id=None
2026-03-28 09:03:57,784 - game.ui.assets.ship_theme_manager - INFO - Discovered 5 ship themes: ['Atlantians', 'Federation', 'Klingons', 'Romulans', 'Thoraliens']
2026-03-28 09:03:58,644 - game.simulation.formula_system - WARNING - Formula evaluation failed for '40 - (0.01 * range_to_target)': Undefined variable in formula '40 - (0.01 * range_to_target)': name 'range_to_target' is not defined
2026-03-28 09:03:58,674 - game.simulation.components.abilities - WARNING - Failed to create ability 'EmissiveArmor': could not convert string to float: '=15 * (ship_class_mass / 1000)**(1/3)'
2026-03-28 09:03:58,718 - game.simulation.formula_system - WARNING - Formula evaluation failed for '15 * (1 - 0.00005 * range_to_target)': Undefined variable in formula '15 * (1 - 0.00005 * range_to_target)': name 'range_to_target' is not defined
2026-03-28 09:03:58,811 - game.simulation.components.abilities - WARNING - Failed to create ability 'WarpJump': could not convert string to float: '=ship_class_mass'
2026-03-28 09:03:58,935 - game.strategy.engine.game_initializer - INFO - GameInitializer: Creating empire 0 with theme=Federation
2026-03-28 09:03:58,935 - game.strategy.engine.game_initializer - INFO - GameInitializer: Creating empire 1 with theme=Atlantians
2026-03-28 09:03:58,976 - game.strategy.generation.planet_image_registry - INFO - Loaded 509 planet images across 12 types
2026-03-28 09:03:58,978 - game.strategy.engine.game_initializer - INFO - GameInitializer: Generating Galaxy (type=random, seed=None)...
2026-03-28 09:03:58,992 - game.strategy.engine.game_initializer - INFO - GameInitializer: Generated 25 systems.
2026-03-28 09:03:58,992 - game.strategy.engine.game_initializer - INFO - GameInitializer: Adjusted Segovia I to match species preferences (type=CRYOPLANET, gravity=1.0g, temp=293K, water=50%)
2026-03-28 09:03:58,992 - game.strategy.engine.game_initializer - INFO - GameInitializer: Seeded 13992681 population on Segovia I
2026-03-28 09:03:58,992 - game.strategy.engine.game_initializer - INFO - GameInitializer: Empire 'Terran Command' home at system 0
2026-03-28 09:03:58,992 - game.strategy.engine.game_initializer - INFO - GameInitializer: Adjusted Eldamar I to match species preferences (type=ICE_GIANT, gravity=1.0g, temp=293K, water=50%)
2026-03-28 09:03:58,992 - game.strategy.engine.game_initializer - INFO - GameInitializer: Seeded 65825121 population on Eldamar I
2026-03-28 09:03:58,993 - game.strategy.engine.game_initializer - INFO - GameInitializer: Empire 'Xeno Hive' home at system 24
2026-03-28 09:03:59,172 - game.assets.asset_manager - INFO - Loaded asset manifest from C:\Dev\Starship Battles\assets\asset_manifest.json
2026-03-28 09:04:24,466 - game.core.json_utils - DEBUG - JSON file not found: C:\Dev\Starship Battles\simulation_tests\data\vehiclelayers.json
2026-03-28 09:04:24,468 - game.core.json_utils - DEBUG - JSON file not found: C:\Dev\Starship Battles\simulation_tests\data\vehiclelayers.json
2026-03-28 09:04:24,468 - game.simulation.entities.ship_loader - INFO - Loaded 14 vehicle classes.
2026-03-28 09:04:24,470 - game.simulation.systems.battle_engine - INFO - Ship 'Test Attacker Beam360 Low' (Team 0): HP=120/120 Mass=400.0 Thrust=0 Fuel=0.0 TurnSpeed=0.00 MaxSpeed=0.00
2026-03-28 09:04:24,470 - game.simulation.systems.battle_engine - INFO - Ship 'Test Target Stationary' (Team 1): HP=1000000100/1000000100 Mass=400.0 Thrust=0 Fuel=0.0 TurnSpeed=0.00 MaxSpeed=0.00
2026-03-28 09:04:26,439 - game.ui.screens.battle_ui - DEBUG - BattleUI.handle_click at (1130, 286)
2026-03-28 09:04:26,439 - game.ui.screens.battle_ui - DEBUG - test_mode=True, battle_over=False
2026-03-28 09:04:27,872 - game.ai.strategy_manager - INFO - StrategyManager loaded: 7 strategies, 5 targeting, 7 movement
2026-03-28 09:04:32,874 - game.ui.screens.battle_screen - DEBUG - Test complete! ticks=501
2026-03-28 09:04:33,172 - game.ui.screens.battle_screen - DEBUG - Test PASSED
2026-03-28 09:04:33,172 - game.ui.screens.battle_screen - DEBUG - Results populated: ['test_id', 'ticks_run', 'ticks', 'initial_hp', 'final_hp', 'damage_dealt', 'target_alive', 'hit_rate', 'expected_hit_chance', 'validation_results', 'validation_summary', 'has_validation_failures', 'has_validation_warnings']
2026-03-28 09:04:58,763 - game.ui.screens.battle_ui - DEBUG - BattleUI.handle_click at (1912, 1101)
2026-03-28 09:04:58,763 - game.ui.screens.battle_ui - DEBUG - test_mode=True, battle_over=True
2026-03-28 09:04:58,763 - game.ui.screens.battle_ui - DEBUG - Return button rect: Rect(1770, 1050, 300, 60)
2026-03-28 09:04:58,763 - game.ui.screens.battle_ui - DEBUG - Return to Combat Lab button clicked!
2026-03-28 09:04:58,765 - game.app - DEBUG - Returning to Combat Lab from test
2026-03-28 09:04:58,783 - game.core.json_utils - DEBUG - Saved JSON to C:\Dev\Starship Battles\simulation_tests\test_history.json
2026-03-28 09:05:21,933 - game.core.json_utils - DEBUG - JSON file not found: C:\Dev\Starship Battles\simulation_tests\data\vehiclelayers.json
2026-03-28 09:05:21,934 - game.core.json_utils - DEBUG - JSON file not found: C:\Dev\Starship Battles\simulation_tests\data\vehiclelayers.json
2026-03-28 09:05:21,934 - game.simulation.entities.ship_loader - INFO - Loaded 14 vehicle classes.
2026-03-28 09:05:21,936 - game.simulation.systems.battle_engine - INFO - Ship 'Test Attacker Beam360 Low' (Team 0): HP=120/120 Mass=400.0 Thrust=0 Fuel=0.0 TurnSpeed=0.00 MaxSpeed=0.00
2026-03-28 09:05:21,936 - game.simulation.systems.battle_engine - INFO - Ship 'Test Target Stationary' (Team 1): HP=1000000100/1000000100 Mass=400.0 Thrust=0 Fuel=0.0 TurnSpeed=0.00 MaxSpeed=0.00
2026-03-28 09:05:22,963 - game.ui.screens.battle_ui - DEBUG - BattleUI.handle_click at (1313, 713)
2026-03-28 09:05:22,963 - game.ui.screens.battle_ui - DEBUG - test_mode=True, battle_over=False
2026-03-28 09:05:28,787 - game.ui.screens.battle_screen - DEBUG - Test complete! ticks=501
2026-03-28 09:05:28,787 - game.ui.screens.battle_screen - DEBUG - Test PASSED
2026-03-28 09:05:28,787 - game.ui.screens.battle_screen - DEBUG - Results populated: ['test_id', 'ticks_run', 'ticks', 'initial_hp', 'final_hp', 'damage_dealt', 'target_alive', 'hit_rate', 'expected_hit_chance', 'validation_results', 'validation_summary', 'has_validation_failures', 'has_validation_warnings']
2026-03-28 09:05:34,717 - game.ui.screens.battle_ui - DEBUG - BattleUI.handle_click at (1912, 1096)
2026-03-28 09:05:34,718 - game.ui.screens.battle_ui - DEBUG - test_mode=True, battle_over=True
2026-03-28 09:05:34,718 - game.ui.screens.battle_ui - DEBUG - Return button rect: Rect(1770, 1050, 300, 60)
2026-03-28 09:05:34,718 - game.ui.screens.battle_ui - DEBUG - Return to Combat Lab button clicked!
2026-03-28 09:05:34,718 - game.app - DEBUG - Returning to Combat Lab from test
2026-03-28 09:05:34,737 - game.core.json_utils - DEBUG - Saved JSON to C:\Dev\Starship Battles\simulation_tests\test_history.json
2026-03-28 09:05:46,260 - game.core.json_utils - DEBUG - JSON file not found: C:\Dev\Starship Battles\simulation_tests\data\vehiclelayers.json
2026-03-28 09:05:46,260 - game.core.json_utils - DEBUG - JSON file not found: C:\Dev\Starship Battles\simulation_tests\data\vehiclelayers.json
2026-03-28 09:05:46,260 - game.simulation.entities.ship_loader - INFO - Loaded 14 vehicle classes.
2026-03-28 09:05:46,263 - game.simulation.systems.battle_engine - INFO - Ship 'Test Attacker Beam360 Low' (Team 0): HP=120/120 Mass=400.0 Thrust=0 Fuel=0.0 TurnSpeed=0.00 MaxSpeed=0.00
2026-03-28 09:05:46,263 - game.simulation.systems.battle_engine - INFO - Ship 'Test Target Stationary' (Team 1): HP=1000000100/1000000100 Mass=400.0 Thrust=0 Fuel=0.0 TurnSpeed=0.00 MaxSpeed=0.00
2026-03-28 09:05:46,359 - game.core.json_utils - DEBUG - Saved JSON to C:\Dev\Starship Battles\simulation_tests\test_history.json
2026-03-28 09:05:50,997 - game.core.json_utils - DEBUG - JSON file not found: C:\Dev\Starship Battles\simulation_tests\data\vehiclelayers.json
2026-03-28 09:05:50,997 - game.core.json_utils - DEBUG - JSON file not found: C:\Dev\Starship Battles\simulation_tests\data\vehiclelayers.json
2026-03-28 09:05:50,997 - game.simulation.entities.ship_loader - INFO - Loaded 14 vehicle classes.
2026-03-28 09:05:51,000 - game.simulation.systems.battle_engine - INFO - Ship 'Test Attacker Beam360 Low' (Team 0): HP=120/120 Mass=400.0 Thrust=0 Fuel=0.0 TurnSpeed=0.00 MaxSpeed=0.00
2026-03-28 09:05:51,000 - game.simulation.systems.battle_engine - INFO - Ship 'Test Target Stationary' (Team 1): HP=1000000100/1000000100 Mass=400.0 Thrust=0 Fuel=0.0 TurnSpeed=0.00 MaxSpeed=0.00
2026-03-28 09:05:53,352 - game.ui.screens.battle_ui - DEBUG - BattleUI.handle_click at (1273, 438)
2026-03-28 09:05:53,352 - game.ui.screens.battle_ui - DEBUG - test_mode=True, battle_over=False
2026-03-28 09:05:59,022 - game.ui.screens.battle_screen - DEBUG - Test complete! ticks=501
2026-03-28 09:05:59,024 - game.ui.screens.battle_screen - DEBUG - Test PASSED
2026-03-28 09:05:59,024 - game.ui.screens.battle_screen - DEBUG - Results populated: ['test_id', 'ticks_run', 'ticks', 'initial_hp', 'final_hp', 'damage_dealt', 'target_alive', 'hit_rate', 'expected_hit_chance', 'validation_results', 'validation_summary', 'has_validation_failures', 'has_validation_warnings']
2026-03-28 09:06:02,063 - game.ui.screens.battle_ui - DEBUG - BattleUI.handle_click at (1875, 1110)
2026-03-28 09:06:02,063 - game.ui.screens.battle_ui - DEBUG - test_mode=True, battle_over=True
2026-03-28 09:06:02,063 - game.ui.screens.battle_ui - DEBUG - Return button rect: Rect(1770, 1050, 300, 60)
2026-03-28 09:06:02,063 - game.ui.screens.battle_ui - DEBUG - Click was not on return button
2026-03-28 09:06:02,063 - game.app - DEBUG - Returning to Combat Lab from test
2026-03-28 09:06:02,081 - game.core.json_utils - DEBUG - Saved JSON to C:\Dev\Starship Battles\simulation_tests\test_history.json
2026-03-28 09:06:29,867 - game.core.json_utils - DEBUG - JSON file not found: C:\Dev\Starship Battles\simulation_tests\data\vehiclelayers.json
2026-03-28 09:06:29,868 - game.core.json_utils - DEBUG - JSON file not found: C:\Dev\Starship Battles\simulation_tests\data\vehiclelayers.json
2026-03-28 09:06:29,868 - game.simulation.entities.ship_loader - INFO - Loaded 14 vehicle classes.
2026-03-28 09:06:29,870 - game.simulation.systems.battle_engine - INFO - Ship 'Test Attacker Beam360 High' (Team 0): HP=120/120 Mass=400.0 Thrust=0 Fuel=0.0 TurnSpeed=0.00 MaxSpeed=0.00
2026-03-28 09:06:29,870 - game.simulation.systems.battle_engine - INFO - Ship 'Test Target Stationary' (Team 1): HP=1000000100/1000000100 Mass=400.0 Thrust=0 Fuel=0.0 TurnSpeed=0.00 MaxSpeed=0.00
2026-03-28 09:06:31,868 - game.ui.screens.battle_ui - DEBUG - BattleUI.handle_click at (1983, 425)
2026-03-28 09:06:31,868 - game.ui.screens.battle_ui - DEBUG - test_mode=True, battle_over=False
2026-03-28 09:06:38,130 - game.ui.screens.battle_screen - DEBUG - Test complete! ticks=501
2026-03-28 09:06:38,131 - game.ui.screens.battle_screen - DEBUG - Test PASSED
2026-03-28 09:06:38,131 - game.ui.screens.battle_screen - DEBUG - Results populated: ['test_id', 'ticks_run', 'ticks', 'initial_hp', 'final_hp', 'damage_dealt', 'target_alive', 'hit_rate', 'expected_hit_chance', 'validation_results', 'validation_summary', 'has_validation_failures', 'has_validation_warnings']
2026-03-28 09:06:42,849 - game.ui.screens.battle_ui - DEBUG - BattleUI.handle_click at (1909, 1106)
2026-03-28 09:06:42,849 - game.ui.screens.battle_ui - DEBUG - test_mode=True, battle_over=True
2026-03-28 09:06:42,849 - game.ui.screens.battle_ui - DEBUG - Return button rect: Rect(1770, 1050, 300, 60)
2026-03-28 09:06:42,849 - game.ui.screens.battle_ui - DEBUG - Return to Combat Lab button clicked!
2026-03-28 09:06:42,849 - game.app - DEBUG - Returning to Combat Lab from test
2026-03-28 09:06:42,868 - game.core.json_utils - DEBUG - Saved JSON to C:\Dev\Starship Battles\simulation_tests\test_history.json
2026-03-28 09:06:58,591 - game.core.json_utils - DEBUG - JSON file not found: C:\Dev\Starship Battles\simulation_tests\data\vehiclelayers.json
2026-03-28 09:06:58,591 - game.core.json_utils - DEBUG - JSON file not found: C:\Dev\Starship Battles\simulation_tests\data\vehiclelayers.json
2026-03-28 09:06:58,591 - game.simulation.entities.ship_loader - INFO - Loaded 14 vehicle classes.
2026-03-28 09:06:58,594 - game.simulation.systems.battle_engine - INFO - Ship 'Test Attacker Beam360 Med' (Team 0): HP=120/120 Mass=400.0 Thrust=0 Fuel=0.0 TurnSpeed=0.00 MaxSpeed=0.00
2026-03-28 09:06:58,594 - game.simulation.systems.battle_engine - INFO - Ship 'Test Target Emissive Armor' (Team 1): HP=1000000200/1000000200 Mass=400.0 Thrust=0 Fuel=0.0 TurnSpeed=0.00 MaxSpeed=0.00
2026-03-28 09:07:00,253 - game.ui.screens.battle_ui - DEBUG - BattleUI.handle_click at (1362, 507)
2026-03-28 09:07:00,253 - game.ui.screens.battle_ui - DEBUG - test_mode=True, battle_over=False
2026-03-28 09:07:06,242 - game.ui.screens.battle_screen - DEBUG - Test complete! ticks=501
2026-03-28 09:07:06,242 - game.ui.screens.battle_screen - DEBUG - Test PASSED
2026-03-28 09:07:06,242 - game.ui.screens.battle_screen - DEBUG - Results populated: ['test_id', 'ticks_run', 'ticks', 'initial_hp', 'final_hp', 'damage_dealt', 'target_alive', 'emissive_armor_value', 'beam_damage_per_hit']
2026-03-28 09:07:08,133 - game.ui.screens.battle_ui - DEBUG - BattleUI.handle_click at (1966, 1086)
2026-03-28 09:07:08,133 - game.ui.screens.battle_ui - DEBUG - test_mode=True, battle_over=True
2026-03-28 09:07:08,133 - game.ui.screens.battle_ui - DEBUG - Return button rect: Rect(1770, 1050, 300, 60)
2026-03-28 09:07:08,133 - game.ui.screens.battle_ui - DEBUG - Return to Combat Lab button clicked!
2026-03-28 09:07:08,133 - game.app - DEBUG - Returning to Combat Lab from test
2026-03-28 09:07:08,152 - game.core.json_utils - DEBUG - Saved JSON to C:\Dev\Starship Battles\simulation_tests\test_history.json
2026-03-28 09:07:51,049 - game.core.json_utils - DEBUG - JSON file not found: C:\Dev\Starship Battles\simulation_tests\data\vehiclelayers.json
2026-03-28 09:07:51,050 - game.core.json_utils - DEBUG - JSON file not found: C:\Dev\Starship Battles\simulation_tests\data\vehiclelayers.json
2026-03-28 09:07:51,050 - game.simulation.entities.ship_loader - INFO - Loaded 14 vehicle classes.
2026-03-28 09:07:51,053 - game.simulation.systems.battle_engine - INFO - Ship 'Test Attacker Proj360' (Team 0): HP=150/150 Mass=400.0 Thrust=0 Fuel=0.0 TurnSpeed=0.00 MaxSpeed=0.00
2026-03-28 09:07:51,053 - game.simulation.systems.battle_engine - INFO - Ship 'Test Target Linear Slow' (Team 1): HP=750/750 Mass=1000.0 Thrust=50.0 Fuel=0.0 TurnSpeed=0.00 MaxSpeed=1.25
2026-03-28 09:07:52,300 - game.ui.screens.battle_ui - DEBUG - BattleUI.handle_click at (1086, 661)
2026-03-28 09:07:52,300 - game.ui.screens.battle_ui - DEBUG - test_mode=True, battle_over=False
2026-03-28 09:07:53,092 - game.simulation.components.abilities.weapons - DEBUG - check_firing_solution Arc FAIL: diff 5.710593137499643 > 0.0
2026-03-28 09:07:53,104 - game.simulation.components.abilities.weapons - DEBUG - check_firing_solution Arc FAIL: diff 5.710593137499643 > 0.0
2026-03-28 09:07:53,110 - game.simulation.components.abilities.weapons - DEBUG - check_firing_solution Arc FAIL: diff 5.710593137499643 > 0.0
2026-03-28 09:07:53,122 - game.simulation.components.abilities.weapons - DEBUG - check_firing_solution Arc FAIL: diff 5.710593137499643 > 0.0
2026-03-28 09:07:53,134 - game.simulation.components.abilities.weapons - DEBUG - check_firing_solution Arc FAIL: diff 5.710593137499643 > 0.0
2026-03-28 09:07:53,141 - game.simulation.components.abilities.weapons - DEBUG - check_firing_solution Arc FAIL: diff 5.710593137499643 > 0.0
2026-03-28 09:07:53,153 - game.simulation.components.abilities.weapons - DEBUG - check_firing_solution Arc FAIL: diff 5.710593137499643 > 0.0
2026-03-28 09:07:53,165 - game.simulation.components.abilities.weapons - DEBUG - check_firing_solution Arc FAIL: diff 5.710593137499643 > 0.0
2026-03-28 09:07:53,171 - game.simulation.components.abilities.weapons - DEBUG - check_firing_solution Arc FAIL: diff 5.710593137499643 > 0.0
2026-03-28 09:07:53,182 - game.simulation.components.abilities.weapons - DEBUG - check_firing_solution Arc FAIL: diff 5.710593137499643 > 0.0
2026-03-28 09:07:53,194 - game.simulation.components.abilities.weapons - DEBUG - check_firing_solution Arc FAIL: diff 5.710593137499643 > 0.0
2026-03-28 09:07:53,201 - game.simulation.components.abilities.weapons - DEBUG - check_firing_solution Arc FAIL: diff 5.710593137499643 > 0.0
2026-03-28 09:07:53,213 - game.simulation.components.abilities.weapons - DEBUG - check_firing_solution Arc FAIL: diff 5.710593137499643 > 0.0
2026-03-28 09:07:53,224 - game.simulation.components.abilities.weapons - DEBUG - check_firing_solution Arc FAIL: diff 5.710593137499643 > 0.0
2026-03-28 09:07:53,230 - game.simulation.components.abilities.weapons - DEBUG - check_firing_solution Arc FAIL: diff 5.710593137499643 > 0.0
2026-03-28 09:07:53,243 - game.simulation.components.abilities.weapons - DEBUG - check_firing_solution Arc FAIL: diff 5.710593137499643 > 0.0
2026-03-28 09:07:53,255 - game.simulation.components.abilities.weapons - DEBUG - check_firing_solution Arc FAIL: diff 5.710593137499643 > 0.0
2026-03-28 09:07:53,261 - game.simulation.components.abilities.weapons - DEBUG - check_firing_solution Arc FAIL: diff 5.710593137499643 > 0.0
2026-03-28 09:07:53,272 - game.simulation.components.abilities.weapons - DEBUG - check_firing_solution Arc FAIL: diff 5.710593137499643 > 0.0
2026-03-28 09:07:53,284 - game.simulation.components.abilities.weapons - DEBUG - check_firing_solution Arc FAIL: diff 5.710593137499643 > 0.0
2026-03-28 09:07:53,291 - game.simulation.components.abilities.weapons - DEBUG - check_firing_solution Arc FAIL: diff 5.710593137499643 > 0.0
2026-03-28 09:07:53,304 - game.simulation.components.abilities.weapons - DEBUG - check_firing_solution Arc FAIL: diff 5.710593137499643 > 0.0
2026-03-28 09:07:53,310 - game.simulation.components.abilities.weapons - DEBUG - check_firing_solution Arc FAIL: diff 5.710593137499643 > 0.0
2026-03-28 09:07:53,322 - game.simulation.components.abilities.weapons - DEBUG - check_firing_solution Arc FAIL: diff 5.710593137499643 > 0.0
2026-03-28 09:07:53,334 - game.simulation.components.abilities.weapons - DEBUG - check_firing_solution Arc FAIL: diff 5.710593137499643 > 0.0
2026-03-28 09:07:53,341 - game.simulation.components.abilities.weapons - DEBUG - check_firing_solution Arc FAIL: diff 5.710593137499643 > 0.0
2026-03-28 09:07:53,352 - game.simulation.components.abilities.weapons - DEBUG - check_firing_solution Arc FAIL: diff 5.710593137499643 > 0.0
2026-03-28 09:07:53,364 - game.simulation.components.abilities.weapons - DEBUG - check_firing_solution Arc FAIL: diff 5.710593137499643 > 0.0
2026-03-28 09:07:53,371 - game.simulation.components.abilities.weapons - DEBUG - check_firing_solution Arc FAIL: diff 5.710593137499643 > 0.0
2026-03-28 09:07:53,383 - game.simulation.components.abilities.weapons - DEBUG - check_firing_solution Arc FAIL: diff 5.710593137499643 > 0.0
2026-03-28 09:07:53,394 - game.simulation.components.abilities.weapons - DEBUG - check_firing_solution Arc FAIL: diff 5.710593137499643 > 0.0
2026-03-28 09:07:53,400 - game.simulation.components.abilities.weapons - DEBUG - check_firing_solution Arc FAIL: diff 5.710593137499643 > 0.0
2026-03-28 09:07:53,412 - game.simulation.components.abilities.weapons - DEBUG - check_firing_solution Arc FAIL: diff 5.710593137499643 > 0.0
2026-03-28 09:07:53,424 - game.simulation.components.abilities.weapons - DEBUG - check_firing_solution Arc FAIL: diff 5.710593137499643 > 0.0
2026-03-28 09:07:53,430 - game.simulation.components.abilities.weapons - DEBUG - check_firing_solution Arc FAIL: diff 5.710593137499643 > 0.0
2026-03-28 09:07:53,443 - game.simulation.components.abilities.weapons - DEBUG - check_firing_solution Arc FAIL: diff 5.710593137499643 > 0.0
2026-03-28 09:07:53,455 - game.simulation.components.abilities.weapons - DEBUG - check_firing_solution Arc FAIL: diff 5.710593137499643 > 0.0
2026-03-28 09:07:53,460 - game.simulation.components.abilities.weapons - DEBUG - check_firing_solution Arc FAIL: diff 5.710593137499643 > 0.0
2026-03-28 09:07:53,472 - game.simulation.components.abilities.weapons - DEBUG - check_firing_solution Arc FAIL: diff 5.710593137499643 > 0.0
2026-03-28 09:07:53,485 - game.simulation.components.abilities.weapons - DEBUG - check_firing_solution Arc FAIL: diff 5.710593137499643 > 0.0
2026-03-28 09:07:53,490 - game.simulation.components.abilities.weapons - DEBUG - check_firing_solution Arc FAIL: diff 5.710593137499643 > 0.0
2026-03-28 09:07:53,503 - game.simulation.components.abilities.weapons - DEBUG - check_firing_solution Arc FAIL: diff 5.710593137499643 > 0.0
2026-03-28 09:07:53,515 - game.simulation.components.abilities.weapons - DEBUG - check_firing_solution Arc FAIL: diff 5.710593137499643 > 0.0
2026-03-28 09:07:53,521 - game.simulation.components.abilities.weapons - DEBUG - check_firing_solution Arc FAIL: diff 5.710593137499643 > 0.0
2026-03-28 09:07:53,532 - game.simulation.components.abilities.weapons - DEBUG - check_firing_solution Arc FAIL: diff 5.710593137499643 > 0.0
2026-03-28 09:07:53,544 - game.simulation.components.abilities.weapons - DEBUG - check_firing_solution Arc FAIL: diff 5.710593137499643 > 0.0
2026-03-28 09:07:53,551 - game.simulation.components.abilities.weapons - DEBUG - check_firing_solution Arc FAIL: diff 5.710593137499643 > 0.0
2026-03-28 09:07:53,563 - game.simulation.components.abilities.weapons - DEBUG - check_firing_solution Arc FAIL: diff 5.710593137499643 > 0.0
2026-03-28 09:07:53,574 - game.simulation.components.abilities.weapons - DEBUG - check_firing_solution Arc FAIL: diff 5.710593137499643 > 0.0
2026-03-28 09:07:53,580 - game.simulation.components.abilities.weapons - DEBUG - check_firing_solution Arc FAIL: diff 5.710593137499643 > 0.0
2026-03-28 09:07:53,593 - game.simulation.components.abilities.weapons - DEBUG - check_firing_solution Arc FAIL: diff 5.710593137499643 > 0.0
2026-03-28 09:07:53,605 - game.simulation.components.abilities.weapons - DEBUG - check_firing_solution Arc FAIL: diff 5.710593137499643 > 0.0
2026-03-28 09:07:53,611 - game.simulation.components.abilities.weapons - DEBUG - check_firing_solution Arc FAIL: diff 5.710593137499643 > 0.0
2026-03-28 09:07:53,623 - game.simulation.components.abilities.weapons - DEBUG - check_firing_solution Arc FAIL: diff 5.710593137499643 > 0.0
2026-03-28 09:07:53,630 - game.simulation.components.abilities.weapons - DEBUG - check_firing_solution Arc FAIL: diff 5.710593137499643 > 0.0
2026-03-28 09:07:53,643 - game.simulation.components.abilities.weapons - DEBUG - check_firing_solution Arc FAIL: diff 5.710593137499643 > 0.0
2026-03-28 09:07:53,655 - game.simulation.components.abilities.weapons - DEBUG - check_firing_solution Arc FAIL: diff 5.710593137499643 > 0.0
2026-03-28 09:07:53,661 - game.simulation.components.abilities.weapons - DEBUG - check_firing_solution Arc FAIL: diff 5.710593137499643 > 0.0
2026-03-28 09:07:53,673 - game.simulation.components.abilities.weapons - DEBUG - check_firing_solution Arc FAIL: diff 5.710593137499643 > 0.0
2026-03-28 09:07:53,684 - game.simulation.components.abilities.weapons - DEBUG - check_firing_solution Arc FAIL: diff 5.710593137499643 > 0.0
2026-03-28 09:07:53,691 - game.simulation.components.abilities.weapons - DEBUG - check_firing_solution Arc FAIL: diff 5.710593137499643 > 0.0
2026-03-28 09:07:53,703 - game.simulation.components.abilities.weapons - DEBUG - check_firing_solution Arc FAIL: diff 5.710593137499643 > 0.0
2026-03-28 09:07:53,714 - game.simulation.components.abilities.weapons - DEBUG - check_firing_solution Arc FAIL: diff 5.710593137499643 > 0.0
2026-03-28 09:07:53,721 - game.simulation.components.abilities.weapons - DEBUG - check_firing_solution Arc FAIL: diff 5.710593137499643 > 0.0
2026-03-28 09:07:53,733 - game.simulation.components.abilities.weapons - DEBUG - check_firing_solution Arc FAIL: diff 5.710593137499643 > 0.0
2026-03-28 09:07:53,744 - game.simulation.components.abilities.weapons - DEBUG - check_firing_solution Arc FAIL: diff 5.710593137499643 > 0.0
2026-03-28 09:07:53,751 - game.simulation.components.abilities.weapons - DEBUG - check_firing_solution Arc FAIL: diff 5.710593137499643 > 0.0
2026-03-28 09:07:53,762 - game.simulation.components.abilities.weapons - DEBUG - check_firing_solution Arc FAIL: diff 5.710593137499643 > 0.0
2026-03-28 09:07:53,774 - game.simulation.components.abilities.weapons - DEBUG - check_firing_solution Arc FAIL: diff 5.710593137499643 > 0.0
2026-03-28 09:07:53,781 - game.simulation.components.abilities.weapons - DEBUG - check_firing_solution Arc FAIL: diff 5.710593137499643 > 0.0
2026-03-28 09:07:53,793 - game.simulation.components.abilities.weapons - DEBUG - check_firing_solution Arc FAIL: diff 5.710593137499643 > 0.0
2026-03-28 09:07:53,805 - game.simulation.components.abilities.weapons - DEBUG - check_firing_solution Arc FAIL: diff 5.710593137499643 > 0.0
2026-03-28 09:07:53,811 - game.simulation.components.abilities.weapons - DEBUG - check_firing_solution Arc FAIL: diff 5.710593137499643 > 0.0
2026-03-28 09:07:53,822 - game.simulation.components.abilities.weapons - DEBUG - check_firing_solution Arc FAIL: diff 5.710593137499643 > 0.0
2026-03-28 09:07:53,834 - game.simulation.components.abilities.weapons - DEBUG - check_firing_solution Arc FAIL: diff 5.710593137499643 > 0.0
2026-03-28 09:07:53,840 - game.simulation.components.abilities.weapons - DEBUG - check_firing_solution Arc FAIL: diff 5.710593137499643 > 0.0
2026-03-28 09:07:53,853 - game.simulation.components.abilities.weapons - DEBUG - check_firing_solution Arc FAIL: diff 5.710593137499643 > 0.0
2026-03-28 09:07:53,865 - game.simulation.components.abilities.weapons - DEBUG - check_firing_solution Arc FAIL: diff 5.710593137499643 > 0.0
2026-03-28 09:07:53,871 - game.simulation.components.abilities.weapons - DEBUG - check_firing_solution Arc FAIL: diff 5.710593137499643 > 0.0
2026-03-28 09:07:53,883 - game.simulation.components.abilities.weapons - DEBUG - check_firing_solution Arc FAIL: diff 5.710593137499643 > 0.0
2026-03-28 09:07:53,894 - game.simulation.components.abilities.weapons - DEBUG - check_firing_solution Arc FAIL: diff 5.710593137499643 > 0.0
2026-03-28 09:07:53,900 - game.simulation.components.abilities.weapons - DEBUG - check_firing_solution Arc FAIL: diff 5.710593137499643 > 0.0
2026-03-28 09:07:53,912 - game.simulation.components.abilities.weapons - DEBUG - check_firing_solution Arc FAIL: diff 5.710593137499643 > 0.0
2026-03-28 09:07:53,924 - game.simulation.components.abilities.weapons - DEBUG - check_firing_solution Arc FAIL: diff 5.710593137499643 > 0.0
2026-03-28 09:07:53,931 - game.simulation.components.abilities.weapons - DEBUG - check_firing_solution Arc FAIL: diff 5.710593137499643 > 0.0
2026-03-28 09:07:53,943 - game.simulation.components.abilities.weapons - DEBUG - check_firing_solution Arc FAIL: diff 5.710593137499643 > 0.0
2026-03-28 09:07:53,955 - game.simulation.components.abilities.weapons - DEBUG - check_firing_solution Arc FAIL: diff 5.710593137499643 > 0.0
2026-03-28 09:07:53,962 - game.simulation.components.abilities.weapons - DEBUG - check_firing_solution Arc FAIL: diff 5.710593137499643 > 0.0
2026-03-28 09:07:53,972 - game.simulation.components.abilities.weapons - DEBUG - check_firing_solution Arc FAIL: diff 5.710593137499643 > 0.0
2026-03-28 09:07:53,985 - game.simulation.components.abilities.weapons - DEBUG - check_firing_solution Arc FAIL: diff 5.710593137499643 > 0.0
2026-03-28 09:07:53,990 - game.simulation.components.abilities.weapons - DEBUG - check_firing_solution Arc FAIL: diff 5.710593137499643 > 0.0
2026-03-28 09:07:54,004 - game.simulation.components.abilities.weapons - DEBUG - check_firing_solution Arc FAIL: diff 5.710593137499643 > 0.0
2026-03-28 09:07:54,010 - game.simulation.components.abilities.weapons - DEBUG - check_firing_solution Arc FAIL: diff 5.710593137499643 > 0.0
2026-03-28 09:07:54,021 - game.simulation.components.abilities.weapons - DEBUG - check_firing_solution Arc FAIL: diff 5.710593137499643 > 0.0
2026-03-28 09:07:54,034 - game.simulation.components.abilities.weapons - DEBUG - check_firing_solution Arc FAIL: diff 5.710593137499643 > 0.0
2026-03-28 09:07:54,045 - game.simulation.components.abilities.weapons - DEBUG - check_firing_solution Arc FAIL: diff 5.710593137499643 > 0.0
2026-03-28 09:07:54,052 - game.simulation.components.abilities.weapons - DEBUG - check_firing_solution Arc FAIL: diff 5.710593137499643 > 0.0
2026-03-28 09:07:54,064 - game.simulation.components.abilities.weapons - DEBUG - check_firing_solution Arc FAIL: diff 5.710593137499643 > 0.0
2026-03-28 09:07:54,075 - game.simulation.components.abilities.weapons - DEBUG - check_firing_solution Arc FAIL: diff 5.710593137499643 > 0.0
2026-03-28 09:07:54,081 - game.simulation.components.abilities.weapons - DEBUG - check_firing_solution Arc FAIL: diff 5.710593137499643 > 0.0
2026-03-28 09:07:54,093 - game.simulation.components.abilities.weapons - DEBUG - check_firing_solution Arc FAIL: diff 5.710593137499643 > 0.0
2026-03-28 09:07:54,105 - game.simulation.components.abilities.weapons - DEBUG - check_firing_solution Arc FAIL: diff 5.710593137499643 > 0.0
2026-03-28 09:07:54,111 - game.simulation.components.abilities.weapons - DEBUG - check_firing_solution Arc FAIL: diff 5.710593137499643 > 0.0
2026-03-28 09:07:54,122 - game.simulation.components.abilities.weapons - DEBUG - check_firing_solution Arc FAIL: diff 5.710593137499643 > 0.0
2026-03-28 09:07:54,134 - game.simulation.components.abilities.weapons - DEBUG - check_firing_solution Arc FAIL: diff 5.710593137499643 > 0.0
2026-03-28 09:07:54,140 - game.simulation.components.abilities.weapons - DEBUG - check_firing_solution Arc FAIL: diff 5.710593137499643 > 0.0
2026-03-28 09:07:54,152 - game.simulation.components.abilities.weapons - DEBUG - check_firing_solution Arc FAIL: diff 5.710593137499643 > 0.0
2026-03-28 09:07:54,163 - game.simulation.components.abilities.weapons - DEBUG - check_firing_solution Arc FAIL: diff 5.710593137499643 > 0.0
2026-03-28 09:07:54,171 - game.simulation.components.abilities.weapons - DEBUG - check_firing_solution Arc FAIL: diff 5.710593137499643 > 0.0
2026-03-28 09:07:54,183 - game.simulation.components.abilities.weapons - DEBUG - check_firing_solution Arc FAIL: diff 5.710593137499643 > 0.0
2026-03-28 09:07:54,194 - game.simulation.components.abilities.weapons - DEBUG - check_firing_solution Arc FAIL: diff 5.710593137499643 > 0.0
2026-03-28 09:07:54,200 - game.simulation.components.abilities.weapons - DEBUG - check_firing_solution Arc FAIL: diff 5.710593137499643 > 0.0
2026-03-28 09:07:54,212 - game.simulation.components.abilities.weapons - DEBUG - check_firing_solution Arc FAIL: diff 5.710593137499643 > 0.0
2026-03-28 09:07:54,224 - game.simulation.components.abilities.weapons - DEBUG - check_firing_solution Arc FAIL: diff 5.710593137499643 > 0.0
2026-03-28 09:07:54,230 - game.simulation.components.abilities.weapons - DEBUG - check_firing_solution Arc FAIL: diff 5.710593137499643 > 0.0
2026-03-28 09:07:54,242 - game.simulation.components.abilities.weapons - DEBUG - check_firing_solution Arc FAIL: diff 5.710593137499643 > 0.0
2026-03-28 09:07:54,254 - game.simulation.components.abilities.weapons - DEBUG - check_firing_solution Arc FAIL: diff 5.710593137499643 > 0.0
2026-03-28 09:07:54,260 - game.simulation.components.abilities.weapons - DEBUG - check_firing_solution Arc FAIL: diff 5.710593137499643 > 0.0
2026-03-28 09:07:54,271 - game.simulation.components.abilities.weapons - DEBUG - check_firing_solution Arc FAIL: diff 5.710593137499643 > 0.0
2026-03-28 09:07:54,282 - game.simulation.components.abilities.weapons - DEBUG - check_firing_solution Arc FAIL: diff 5.710593137499643 > 0.0
2026-03-28 09:07:54,295 - game.simulation.components.abilities.weapons - DEBUG - check_firing_solution Arc FAIL: diff 5.710593137499643 > 0.0
2026-03-28 09:07:54,301 - game.simulation.components.abilities.weapons - DEBUG - check_firing_solution Arc FAIL: diff 5.710593137499643 > 0.0
2026-03-28 09:07:54,313 - game.simulation.components.abilities.weapons - DEBUG - check_firing_solution Arc FAIL: diff 5.710593137499643 > 0.0
2026-03-28 09:07:54,326 - game.simulation.components.abilities.weapons - DEBUG - check_firing_solution Arc FAIL: diff 5.710593137499643 > 0.0
2026-03-28 09:07:54,332 - game.simulation.components.abilities.weapons - DEBUG - check_firing_solution Arc FAIL: diff 5.710593137499643 > 0.0
2026-03-28 09:07:54,343 - game.simulation.components.abilities.weapons - DEBUG - check_firing_solution Arc FAIL: diff 5.710593137499643 > 0.0
2026-03-28 09:07:54,355 - game.simulation.components.abilities.weapons - DEBUG - check_firing_solution Arc FAIL: diff 5.710593137499643 > 0.0
2026-03-28 09:07:54,360 - game.simulation.components.abilities.weapons - DEBUG - check_firing_solution Arc FAIL: diff 5.710593137499643 > 0.0
2026-03-28 09:07:54,372 - game.simulation.components.abilities.weapons - DEBUG - check_firing_solution Arc FAIL: diff 5.710593137499643 > 0.0
2026-03-28 09:07:54,384 - game.simulation.components.abilities.weapons - DEBUG - check_firing_solution Arc FAIL: diff 5.710593137499643 > 0.0
2026-03-28 09:07:54,391 - game.simulation.components.abilities.weapons - DEBUG - check_firing_solution Arc FAIL: diff 5.710593137499643 > 0.0
2026-03-28 09:07:54,403 - game.simulation.components.abilities.weapons - DEBUG - check_firing_solution Arc FAIL: diff 5.710593137499643 > 0.0
2026-03-28 09:07:54,415 - game.simulation.components.abilities.weapons - DEBUG - check_firing_solution Arc FAIL: diff 5.710593137499643 > 0.0
2026-03-28 09:07:54,421 - game.simulation.components.abilities.weapons - DEBUG - check_firing_solution Arc FAIL: diff 5.710593137499643 > 0.0
2026-03-28 09:07:54,433 - game.simulation.components.abilities.weapons - DEBUG - check_firing_solution Arc FAIL: diff 5.710593137499643 > 0.0
2026-03-28 09:07:54,445 - game.simulation.components.abilities.weapons - DEBUG - check_firing_solution Arc FAIL: diff 5.710593137499643 > 0.0
2026-03-28 09:07:54,451 - game.simulation.components.abilities.weapons - DEBUG - check_firing_solution Arc FAIL: diff 5.710593137499643 > 0.0
2026-03-28 09:07:54,463 - game.simulation.components.abilities.weapons - DEBUG - check_firing_solution Arc FAIL: diff 5.710593137499643 > 0.0
2026-03-28 09:07:54,475 - game.simulation.components.abilities.weapons - DEBUG - check_firing_solution Arc FAIL: diff 5.710593137499643 > 0.0
2026-03-28 09:07:54,480 - game.simulation.components.abilities.weapons - DEBUG - check_firing_solution Arc FAIL: diff 5.710593137499643 > 0.0
2026-03-28 09:07:54,493 - game.simulation.components.abilities.weapons - DEBUG - check_firing_solution Arc FAIL: diff 5.710593137499643 > 0.0
2026-03-28 09:07:54,505 - game.simulation.components.abilities.weapons - DEBUG - check_firing_solution Arc FAIL: diff 5.710593137499643 > 0.0
2026-03-28 09:07:54,511 - game.simulation.components.abilities.weapons - DEBUG - check_firing_solution Arc FAIL: diff 5.710593137499643 > 0.0
2026-03-28 09:07:54,523 - game.simulation.components.abilities.weapons - DEBUG - check_firing_solution Arc FAIL: diff 5.710593137499643 > 0.0
2026-03-28 09:07:54,535 - game.simulation.components.abilities.weapons - DEBUG - check_firing_solution Arc FAIL: diff 5.710593137499643 > 0.0
2026-03-28 09:07:54,540 - game.simulation.components.abilities.weapons - DEBUG - check_firing_solution Arc FAIL: diff 5.710593137499643 > 0.0
2026-03-28 09:07:54,552 - game.simulation.components.abilities.weapons - DEBUG - check_firing_solution Arc FAIL: diff 5.710593137499643 > 0.0
2026-03-28 09:07:54,564 - game.simulation.components.abilities.weapons - DEBUG - check_firing_solution Arc FAIL: diff 5.710593137499643 > 0.0
2026-03-28 09:07:54,570 - game.simulation.components.abilities.weapons - DEBUG - check_firing_solution Arc FAIL: diff 5.710593137499643 > 0.0
2026-03-28 09:07:54,583 - game.simulation.components.abilities.weapons - DEBUG - check_firing_solution Arc FAIL: diff 5.710593137499643 > 0.0
2026-03-28 09:07:54,594 - game.simulation.components.abilities.weapons - DEBUG - check_firing_solution Arc FAIL: diff 5.710593137499643 > 0.0
2026-03-28 09:07:54,600 - game.simulation.components.abilities.weapons - DEBUG - check_firing_solution Arc FAIL: diff 5.710593137499643 > 0.0
2026-03-28 09:07:54,611 - game.simulation.components.abilities.weapons - DEBUG - check_firing_solution Arc FAIL: diff 5.710593137499643 > 0.0
2026-03-28 09:07:54,622 - game.simulation.components.abilities.weapons - DEBUG - check_firing_solution Arc FAIL: diff 5.710593137499643 > 0.0
2026-03-28 09:07:54,635 - game.simulation.components.abilities.weapons - DEBUG - check_firing_solution Arc FAIL: diff 5.710593137499643 > 0.0
2026-03-28 09:07:54,642 - game.simulation.components.abilities.weapons - DEBUG - check_firing_solution Arc FAIL: diff 5.710593137499643 > 0.0
2026-03-28 09:07:54,655 - game.simulation.components.abilities.weapons - DEBUG - check_firing_solution Arc FAIL: diff 5.710593137499643 > 0.0
2026-03-28 09:07:54,660 - game.simulation.components.abilities.weapons - DEBUG - check_firing_solution Arc FAIL: diff 5.710593137499643 > 0.0
2026-03-28 09:07:54,672 - game.simulation.components.abilities.weapons - DEBUG - check_firing_solution Arc FAIL: diff 5.710593137499643 > 0.0
2026-03-28 09:07:54,684 - game.simulation.components.abilities.weapons - DEBUG - check_firing_solution Arc FAIL: diff 5.710593137499643 > 0.0
2026-03-28 09:07:54,690 - game.simulation.components.abilities.weapons - DEBUG - check_firing_solution Arc FAIL: diff 5.710593137499643 > 0.0
2026-03-28 09:07:54,701 - game.simulation.components.abilities.weapons - DEBUG - check_firing_solution Arc FAIL: diff 5.710593137499643 > 0.0
2026-03-28 09:07:54,714 - game.simulation.components.abilities.weapons - DEBUG - check_firing_solution Arc FAIL: diff 5.710593137499643 > 0.0
2026-03-28 09:07:54,724 - game.simulation.components.abilities.weapons - DEBUG - check_firing_solution Arc FAIL: diff 5.710593137499643 > 0.0
2026-03-28 09:07:54,731 - game.simulation.components.abilities.weapons - DEBUG - check_firing_solution Arc FAIL: diff 5.710593137499643 > 0.0
2026-03-28 09:07:54,743 - game.simulation.components.abilities.weapons - DEBUG - check_firing_solution Arc FAIL: diff 5.710593137499643 > 0.0
2026-03-28 09:07:54,755 - game.simulation.components.abilities.weapons - DEBUG - check_firing_solution Arc FAIL: diff 5.710593137499643 > 0.0
2026-03-28 09:07:54,761 - game.simulation.components.abilities.weapons - DEBUG - check_firing_solution Arc FAIL: diff 5.710593137499643 > 0.0
2026-03-28 09:07:54,773 - game.simulation.components.abilities.weapons - DEBUG - check_firing_solution Arc FAIL: diff 5.710593137499643 > 0.0
2026-03-28 09:07:54,785 - game.simulation.components.abilities.weapons - DEBUG - check_firing_solution Arc FAIL: diff 5.710593137499643 > 0.0
2026-03-28 09:07:54,790 - game.simulation.components.abilities.weapons - DEBUG - check_firing_solution Arc FAIL: diff 5.710593137499643 > 0.0
2026-03-28 09:07:54,803 - game.simulation.components.abilities.weapons - DEBUG - check_firing_solution Arc FAIL: diff 5.710593137499643 > 0.0
2026-03-28 09:07:54,815 - game.simulation.components.abilities.weapons - DEBUG - check_firing_solution Arc FAIL: diff 5.710593137499643 > 0.0
2026-03-28 09:07:54,821 - game.simulation.components.abilities.weapons - DEBUG - check_firing_solution Arc FAIL: diff 5.710593137499643 > 0.0
2026-03-28 09:07:54,833 - game.simulation.components.abilities.weapons - DEBUG - check_firing_solution Arc FAIL: diff 5.710593137499643 > 0.0
2026-03-28 09:07:54,844 - game.simulation.components.abilities.weapons - DEBUG - check_firing_solution Arc FAIL: diff 5.710593137499643 > 0.0
2026-03-28 09:07:54,850 - game.simulation.components.abilities.weapons - DEBUG - check_firing_solution Arc FAIL: diff 5.710593137499643 > 0.0
2026-03-28 09:07:54,861 - game.simulation.components.abilities.weapons - DEBUG - check_firing_solution Arc FAIL: diff 5.710593137499643 > 0.0
2026-03-28 09:07:54,874 - game.simulation.components.abilities.weapons - DEBUG - check_firing_solution Arc FAIL: diff 5.710593137499643 > 0.0
2026-03-28 09:07:54,885 - game.simulation.components.abilities.weapons - DEBUG - check_firing_solution Arc FAIL: diff 5.710593137499643 > 0.0
2026-03-28 09:07:54,891 - game.simulation.components.abilities.weapons - DEBUG - check_firing_solution Arc FAIL: diff 5.710593137499643 > 0.0
2026-03-28 09:07:54,904 - game.simulation.components.abilities.weapons - DEBUG - check_firing_solution Arc FAIL: diff 5.710593137499643 > 0.0
2026-03-28 09:07:54,910 - game.simulation.components.abilities.weapons - DEBUG - check_firing_solution Arc FAIL: diff 5.710593137499643 > 0.0
2026-03-28 09:07:54,921 - game.simulation.components.abilities.weapons - DEBUG - check_firing_solution Arc FAIL: diff 5.710593137499643 > 0.0
2026-03-28 09:07:54,932 - game.simulation.components.abilities.weapons - DEBUG - check_firing_solution Arc FAIL: diff 5.710593137499643 > 0.0
2026-03-28 09:07:54,946 - game.simulation.components.abilities.weapons - DEBUG - check_firing_solution Arc FAIL: diff 5.710593137499643 > 0.0
2026-03-28 09:07:54,952 - game.simulation.components.abilities.weapons - DEBUG - check_firing_solution Arc FAIL: diff 5.710593137499643 > 0.0
2026-03-28 09:07:54,964 - game.simulation.components.abilities.weapons - DEBUG - check_firing_solution Arc FAIL: diff 5.710593137499643 > 0.0
2026-03-28 09:07:54,974 - game.simulation.components.abilities.weapons - DEBUG - check_firing_solution Arc FAIL: diff 5.710593137499643 > 0.0
2026-03-28 09:07:54,981 - game.simulation.components.abilities.weapons - DEBUG - check_firing_solution Arc FAIL: diff 5.710593137499643 > 0.0
2026-03-28 09:07:54,994 - game.simulation.components.abilities.weapons - DEBUG - check_firing_solution Arc FAIL: diff 5.710593137499643 > 0.0
2026-03-28 09:07:55,006 - game.simulation.components.abilities.weapons - DEBUG - check_firing_solution Arc FAIL: diff 5.710593137499643 > 0.0
2026-03-28 09:07:55,011 - game.simulation.components.abilities.weapons - DEBUG - check_firing_solution Arc FAIL: diff 5.710593137499643 > 0.0
2026-03-28 09:07:55,022 - game.simulation.components.abilities.weapons - DEBUG - check_firing_solution Arc FAIL: diff 5.710593137499643 > 0.0
2026-03-28 09:07:55,034 - game.simulation.components.abilities.weapons - DEBUG - check_firing_solution Arc FAIL: diff 5.710593137499643 > 0.0
2026-03-28 09:07:55,041 - game.simulation.components.abilities.weapons - DEBUG - check_firing_solution Arc FAIL: diff 5.710593137499643 > 0.0
2026-03-28 09:07:55,053 - game.simulation.components.abilities.weapons - DEBUG - check_firing_solution Arc FAIL: diff 5.710593137499643 > 0.0
2026-03-28 09:07:55,065 - game.simulation.components.abilities.weapons - DEBUG - check_firing_solution Arc FAIL: diff 5.710593137499643 > 0.0
2026-03-28 09:07:55,071 - game.simulation.components.abilities.weapons - DEBUG - check_firing_solution Arc FAIL: diff 5.710593137499643 > 0.0
2026-03-28 09:07:55,083 - game.simulation.components.abilities.weapons - DEBUG - check_firing_solution Arc FAIL: diff 5.710593137499643 > 0.0
2026-03-28 09:07:55,094 - game.simulation.components.abilities.weapons - DEBUG - check_firing_solution Arc FAIL: diff 5.710593137499643 > 0.0
2026-03-28 09:07:55,100 - game.simulation.components.abilities.weapons - DEBUG - check_firing_solution Arc FAIL: diff 5.710593137499643 > 0.0
2026-03-28 09:07:55,112 - game.simulation.components.abilities.weapons - DEBUG - check_firing_solution Arc FAIL: diff 5.710593137499643 > 0.0
2026-03-28 09:07:55,124 - game.simulation.components.abilities.weapons - DEBUG - check_firing_solution Arc FAIL: diff 5.710593137499643 > 0.0
2026-03-28 09:07:55,129 - game.simulation.components.abilities.weapons - DEBUG - check_firing_solution Arc FAIL: diff 5.710593137499643 > 0.0
2026-03-28 09:07:55,141 - game.simulation.components.abilities.weapons - DEBUG - check_firing_solution Arc FAIL: diff 5.710593137499643 > 0.0
2026-03-28 09:07:55,154 - game.simulation.components.abilities.weapons - DEBUG - check_firing_solution Arc FAIL: diff 5.710593137499643 > 0.0
2026-03-28 09:07:55,160 - game.simulation.components.abilities.weapons - DEBUG - check_firing_solution Arc FAIL: diff 5.710593137499643 > 0.0
2026-03-28 09:07:55,171 - game.simulation.components.abilities.weapons - DEBUG - check_firing_solution Arc FAIL: diff 5.710593137499643 > 0.0
2026-03-28 09:07:55,184 - game.simulation.components.abilities.weapons - DEBUG - check_firing_solution Arc FAIL: diff 5.710593137499643 > 0.0
2026-03-28 09:07:55,196 - game.simulation.components.abilities.weapons - DEBUG - check_firing_solution Arc FAIL: diff 5.710593137499643 > 0.0
2026-03-28 09:07:55,202 - game.simulation.components.abilities.weapons - DEBUG - check_firing_solution Arc FAIL: diff 5.710593137499643 > 0.0
2026-03-28 09:07:55,214 - game.simulation.components.abilities.weapons - DEBUG - check_firing_solution Arc FAIL: diff 5.710593137499643 > 0.0
2026-03-28 09:07:55,224 - game.simulation.components.abilities.weapons - DEBUG - check_firing_solution Arc FAIL: diff 5.710593137499643 > 0.0
2026-03-28 09:07:55,231 - game.simulation.components.abilities.weapons - DEBUG - check_firing_solution Arc FAIL: diff 5.710593137499643 > 0.0
2026-03-28 09:07:55,243 - game.simulation.components.abilities.weapons - DEBUG - check_firing_solution Arc FAIL: diff 5.710593137499643 > 0.0
2026-03-28 09:07:55,255 - game.simulation.components.abilities.weapons - DEBUG - check_firing_solution Arc FAIL: diff 5.710593137499643 > 0.0
2026-03-28 09:07:55,261 - game.simulation.components.abilities.weapons - DEBUG - check_firing_solution Arc FAIL: diff 5.710593137499643 > 0.0
2026-03-28 09:07:55,272 - game.simulation.components.abilities.weapons - DEBUG - check_firing_solution Arc FAIL: diff 5.710593137499643 > 0.0
2026-03-28 09:07:55,284 - game.simulation.components.abilities.weapons - DEBUG - check_firing_solution Arc FAIL: diff 5.710593137499643 > 0.0
2026-03-28 09:07:55,291 - game.simulation.components.abilities.weapons - DEBUG - check_firing_solution Arc FAIL: diff 5.710593137499643 > 0.0
2026-03-28 09:07:55,302 - game.simulation.components.abilities.weapons - DEBUG - check_firing_solution Arc FAIL: diff 5.710593137499643 > 0.0
2026-03-28 09:07:55,314 - game.simulation.components.abilities.weapons - DEBUG - check_firing_solution Arc FAIL: diff 5.710593137499643 > 0.0
2026-03-28 09:07:55,321 - game.simulation.components.abilities.weapons - DEBUG - check_firing_solution Arc FAIL: diff 5.710593137499643 > 0.0
2026-03-28 09:07:55,333 - game.simulation.components.abilities.weapons - DEBUG - check_firing_solution Arc FAIL: diff 5.710593137499643 > 0.0
2026-03-28 09:07:55,345 - game.simulation.components.abilities.weapons - DEBUG - check_firing_solution Arc FAIL: diff 5.710593137499643 > 0.0
2026-03-28 09:07:55,351 - game.simulation.components.abilities.weapons - DEBUG - check_firing_solution Arc FAIL: diff 5.710593137499643 > 0.0
2026-03-28 09:07:55,363 - game.simulation.components.abilities.weapons - DEBUG - check_firing_solution Arc FAIL: diff 5.710593137499643 > 0.0
2026-03-28 09:07:55,375 - game.simulation.components.abilities.weapons - DEBUG - check_firing_solution Arc FAIL: diff 5.710593137499643 > 0.0
2026-03-28 09:07:55,381 - game.simulation.components.abilities.weapons - DEBUG - check_firing_solution Arc FAIL: diff 5.710593137499643 > 0.0
2026-03-28 09:07:55,393 - game.simulation.components.abilities.weapons - DEBUG - check_firing_solution Arc FAIL: diff 5.710593137499643 > 0.0
2026-03-28 09:07:55,405 - game.simulation.components.abilities.weapons - DEBUG - check_firing_solution Arc FAIL: diff 5.710593137499643 > 0.0
2026-03-28 09:07:55,411 - game.simulation.components.abilities.weapons - DEBUG - check_firing_solution Arc FAIL: diff 5.710593137499643 > 0.0
2026-03-28 09:07:55,422 - game.simulation.components.abilities.weapons - DEBUG - check_firing_solution Arc FAIL: diff 5.710593137499643 > 0.0
2026-03-28 09:07:55,435 - game.simulation.components.abilities.weapons - DEBUG - check_firing_solution Arc FAIL: diff 5.710593137499643 > 0.0
2026-03-28 09:07:55,441 - game.simulation.components.abilities.weapons - DEBUG - check_firing_solution Arc FAIL: diff 5.710593137499643 > 0.0
2026-03-28 09:07:55,454 - game.simulation.components.abilities.weapons - DEBUG - check_firing_solution Arc FAIL: diff 5.710593137499643 > 0.0
2026-03-28 09:07:55,460 - game.simulation.components.abilities.weapons - DEBUG - check_firing_solution Arc FAIL: diff 5.710593137499643 > 0.0
2026-03-28 09:07:55,472 - game.simulation.components.abilities.weapons - DEBUG - check_firing_solution Arc FAIL: diff 5.710593137499643 > 0.0
2026-03-28 09:07:55,484 - game.simulation.components.abilities.weapons - DEBUG - check_firing_solution Arc FAIL: diff 5.710593137499643 > 0.0
2026-03-28 09:07:55,490 - game.simulation.components.abilities.weapons - DEBUG - check_firing_solution Arc FAIL: diff 5.710593137499643 > 0.0
2026-03-28 09:07:55,502 - game.simulation.components.abilities.weapons - DEBUG - check_firing_solution Arc FAIL: diff 5.710593137499643 > 0.0
2026-03-28 09:07:55,514 - game.simulation.components.abilities.weapons - DEBUG - check_firing_solution Arc FAIL: diff 5.710593137499643 > 0.0
2026-03-28 09:07:55,521 - game.simulation.components.abilities.weapons - DEBUG - check_firing_solution Arc FAIL: diff 5.710593137499643 > 0.0
2026-03-28 09:07:55,532 - game.simulation.components.abilities.weapons - DEBUG - check_firing_solution Arc FAIL: diff 5.710593137499643 > 0.0
2026-03-28 09:07:55,544 - game.simulation.components.abilities.weapons - DEBUG - check_firing_solution Arc FAIL: diff 5.710593137499643 > 0.0
2026-03-28 09:07:55,551 - game.simulation.components.abilities.weapons - DEBUG - check_firing_solution Arc FAIL: diff 5.710593137499643 > 0.0
2026-03-28 09:07:55,563 - game.simulation.components.abilities.weapons - DEBUG - check_firing_solution Arc FAIL: diff 5.710593137499643 > 0.0
2026-03-28 09:07:55,574 - game.simulation.components.abilities.weapons - DEBUG - check_firing_solution Arc FAIL: diff 5.710593137499643 > 0.0
2026-03-28 09:07:55,581 - game.simulation.components.abilities.weapons - DEBUG - check_firing_solution Arc FAIL: diff 5.710593137499643 > 0.0
2026-03-28 09:07:55,593 - game.simulation.components.abilities.weapons - DEBUG - check_firing_solution Arc FAIL: diff 5.710593137499643 > 0.0
2026-03-28 09:07:55,605 - game.simulation.components.abilities.weapons - DEBUG - check_firing_solution Arc FAIL: diff 5.710593137499643 > 0.0
2026-03-28 09:07:55,612 - game.simulation.components.abilities.weapons - DEBUG - check_firing_solution Arc FAIL: diff 5.710593137499643 > 0.0
2026-03-28 09:07:55,622 - game.simulation.components.abilities.weapons - DEBUG - check_firing_solution Arc FAIL: diff 5.710593137499643 > 0.0
2026-03-28 09:07:55,635 - game.simulation.components.abilities.weapons - DEBUG - check_firing_solution Arc FAIL: diff 5.710593137499643 > 0.0
2026-03-28 09:07:55,642 - game.simulation.components.abilities.weapons - DEBUG - check_firing_solution Arc FAIL: diff 5.710593137499643 > 0.0
2026-03-28 09:07:55,654 - game.simulation.components.abilities.weapons - DEBUG - check_firing_solution Arc FAIL: diff 5.710593137499643 > 0.0
2026-03-28 09:07:55,660 - game.simulation.components.abilities.weapons - DEBUG - check_firing_solution Arc FAIL: diff 5.710593137499643 > 0.0
2026-03-28 09:07:55,672 - game.simulation.components.abilities.weapons - DEBUG - check_firing_solution Arc FAIL: diff 5.710593137499643 > 0.0
2026-03-28 09:07:55,684 - game.simulation.components.abilities.weapons - DEBUG - check_firing_solution Arc FAIL: diff 5.710593137499643 > 0.0
2026-03-28 09:07:55,690 - game.simulation.components.abilities.weapons - DEBUG - check_firing_solution Arc FAIL: diff 5.710593137499643 > 0.0
2026-03-28 09:07:55,702 - game.simulation.components.abilities.weapons - DEBUG - check_firing_solution Arc FAIL: diff 5.710593137499643 > 0.0
2026-03-28 09:07:55,714 - game.simulation.components.abilities.weapons - DEBUG - check_firing_solution Arc FAIL: diff 5.710593137499643 > 0.0
2026-03-28 09:07:55,721 - game.simulation.components.abilities.weapons - DEBUG - check_firing_solution Arc FAIL: diff 5.710593137499643 > 0.0
2026-03-28 09:07:55,733 - game.simulation.components.abilities.weapons - DEBUG - check_firing_solution Arc FAIL: diff 5.710593137499643 > 0.0
2026-03-28 09:07:55,744 - game.simulation.components.abilities.weapons - DEBUG - check_firing_solution Arc FAIL: diff 5.710593137499643 > 0.0
2026-03-28 09:07:55,751 - game.simulation.components.abilities.weapons - DEBUG - check_firing_solution Arc FAIL: diff 5.710593137499643 > 0.0
2026-03-28 09:07:55,763 - game.simulation.components.abilities.weapons - DEBUG - check_firing_solution Arc FAIL: diff 5.710593137499643 > 0.0
2026-03-28 09:07:55,774 - game.simulation.components.abilities.weapons - DEBUG - check_firing_solution Arc FAIL: diff 5.710593137499643 > 0.0
2026-03-28 09:07:55,780 - game.simulation.components.abilities.weapons - DEBUG - check_firing_solution Arc FAIL: diff 5.710593137499643 > 0.0
2026-03-28 09:07:55,793 - game.simulation.components.abilities.weapons - DEBUG - check_firing_solution Arc FAIL: diff 5.710593137499643 > 0.0
2026-03-28 09:07:55,805 - game.simulation.components.abilities.weapons - DEBUG - check_firing_solution Arc FAIL: diff 5.710593137499643 > 0.0
2026-03-28 09:07:55,816 - game.simulation.components.abilities.weapons - DEBUG - check_firing_solution Arc FAIL: diff 5.710593137499643 > 0.0
2026-03-28 09:07:55,822 - game.simulation.components.abilities.weapons - DEBUG - check_firing_solution Arc FAIL: diff 5.710593137499643 > 0.0
2026-03-28 09:07:55,834 - game.simulation.components.abilities.weapons - DEBUG - check_firing_solution Arc FAIL: diff 5.710593137499643 > 0.0
2026-03-28 09:07:55,839 - game.simulation.components.abilities.weapons - DEBUG - check_firing_solution Arc FAIL: diff 5.710593137499643 > 0.0
2026-03-28 09:07:55,851 - game.simulation.components.abilities.weapons - DEBUG - check_firing_solution Arc FAIL: diff 5.710593137499643 > 0.0
2026-03-28 09:07:55,863 - game.simulation.components.abilities.weapons - DEBUG - check_firing_solution Arc FAIL: diff 5.710593137499643 > 0.0
2026-03-28 09:07:55,871 - game.simulation.components.abilities.weapons - DEBUG - check_firing_solution Arc FAIL: diff 5.710593137499643 > 0.0
2026-03-28 09:07:55,883 - game.simulation.components.abilities.weapons - DEBUG - check_firing_solution Arc FAIL: diff 5.710593137499643 > 0.0
2026-03-28 09:07:55,895 - game.simulation.components.abilities.weapons - DEBUG - check_firing_solution Arc FAIL: diff 5.710593137499643 > 0.0
2026-03-28 09:07:55,901 - game.simulation.components.abilities.weapons - DEBUG - check_firing_solution Arc FAIL: diff 5.710593137499643 > 0.0
2026-03-28 09:07:55,913 - game.simulation.components.abilities.weapons - DEBUG - check_firing_solution Arc FAIL: diff 5.710593137499643 > 0.0
2026-03-28 09:07:55,924 - game.simulation.components.abilities.weapons - DEBUG - check_firing_solution Arc FAIL: diff 5.710593137499643 > 0.0
2026-03-28 09:07:55,930 - game.simulation.components.abilities.weapons - DEBUG - check_firing_solution Arc FAIL: diff 5.710593137499643 > 0.0
2026-03-28 09:07:55,943 - game.simulation.components.abilities.weapons - DEBUG - check_firing_solution Arc FAIL: diff 5.710593137499643 > 0.0
2026-03-28 09:07:55,955 - game.simulation.components.abilities.weapons - DEBUG - check_firing_solution Arc FAIL: diff 5.710593137499643 > 0.0
2026-03-28 09:07:55,962 - game.simulation.components.abilities.weapons - DEBUG - check_firing_solution Arc FAIL: diff 5.710593137499643 > 0.0
2026-03-28 09:07:55,974 - game.simulation.components.abilities.weapons - DEBUG - check_firing_solution Arc FAIL: diff 5.710593137499643 > 0.0
2026-03-28 09:07:55,986 - game.simulation.components.abilities.weapons - DEBUG - check_firing_solution Arc FAIL: diff 5.710593137499643 > 0.0
2026-03-28 09:07:55,991 - game.simulation.components.abilities.weapons - DEBUG - check_firing_solution Arc FAIL: diff 5.710593137499643 > 0.0
2026-03-28 09:07:56,004 - game.simulation.components.abilities.weapons - DEBUG - check_firing_solution Arc FAIL: diff 5.710593137499643 > 0.0
2026-03-28 09:07:56,010 - game.simulation.components.abilities.weapons - DEBUG - check_firing_solution Arc FAIL: diff 5.710593137499643 > 0.0
2026-03-28 09:07:56,022 - game.simulation.components.abilities.weapons - DEBUG - check_firing_solution Arc FAIL: diff 5.710593137499643 > 0.0
2026-03-28 09:07:56,034 - game.simulation.components.abilities.weapons - DEBUG - check_firing_solution Arc FAIL: diff 5.710593137499643 > 0.0
2026-03-28 09:07:56,040 - game.simulation.components.abilities.weapons - DEBUG - check_firing_solution Arc FAIL: diff 5.710593137499643 > 0.0
2026-03-28 09:07:56,051 - game.simulation.components.abilities.weapons - DEBUG - check_firing_solution Arc FAIL: diff 5.710593137499643 > 0.0
2026-03-28 09:07:56,064 - game.simulation.components.abilities.weapons - DEBUG - check_firing_solution Arc FAIL: diff 5.710593137499643 > 0.0
2026-03-28 09:07:56,069 - game.simulation.components.abilities.weapons - DEBUG - check_firing_solution Arc FAIL: diff 5.710593137499643 > 0.0
2026-03-28 09:07:56,082 - game.simulation.components.abilities.weapons - DEBUG - check_firing_solution Arc FAIL: diff 5.710593137499643 > 0.0
2026-03-28 09:07:56,094 - game.simulation.components.abilities.weapons - DEBUG - check_firing_solution Arc FAIL: diff 5.710593137499643 > 0.0
2026-03-28 09:07:56,106 - game.simulation.components.abilities.weapons - DEBUG - check_firing_solution Arc FAIL: diff 5.710593137499643 > 0.0
2026-03-28 09:07:56,112 - game.simulation.components.abilities.weapons - DEBUG - check_firing_solution Arc FAIL: diff 5.710593137499643 > 0.0
2026-03-28 09:07:56,122 - game.simulation.components.abilities.weapons - DEBUG - check_firing_solution Arc FAIL: diff 5.710593137499643 > 0.0
2026-03-28 09:07:56,134 - game.simulation.components.abilities.weapons - DEBUG - check_firing_solution Arc FAIL: diff 5.710593137499643 > 0.0
2026-03-28 09:07:56,140 - game.simulation.components.abilities.weapons - DEBUG - check_firing_solution Arc FAIL: diff 5.710593137499643 > 0.0
2026-03-28 09:07:56,152 - game.simulation.components.abilities.weapons - DEBUG - check_firing_solution Arc FAIL: diff 5.710593137499643 > 0.0
2026-03-28 09:07:56,164 - game.simulation.components.abilities.weapons - DEBUG - check_firing_solution Arc FAIL: diff 5.710593137499643 > 0.0
2026-03-28 09:07:56,171 - game.simulation.components.abilities.weapons - DEBUG - check_firing_solution Arc FAIL: diff 5.710593137499643 > 0.0
2026-03-28 09:07:56,182 - game.simulation.components.abilities.weapons - DEBUG - check_firing_solution Arc FAIL: diff 5.710593137499643 > 0.0
2026-03-28 09:07:56,195 - game.simulation.components.abilities.weapons - DEBUG - check_firing_solution Arc FAIL: diff 5.710593137499643 > 0.0
2026-03-28 09:07:56,200 - game.simulation.components.abilities.weapons - DEBUG - check_firing_solution Arc FAIL: diff 5.710593137499643 > 0.0
2026-03-28 09:07:56,212 - game.simulation.components.abilities.weapons - DEBUG - check_firing_solution Arc FAIL: diff 5.710593137499643 > 0.0
2026-03-28 09:07:56,224 - game.simulation.components.abilities.weapons - DEBUG - check_firing_solution Arc FAIL: diff 5.710593137499643 > 0.0
2026-03-28 09:07:56,230 - game.simulation.components.abilities.weapons - DEBUG - check_firing_solution Arc FAIL: diff 5.710593137499643 > 0.0
2026-03-28 09:07:56,243 - game.simulation.components.abilities.weapons - DEBUG - check_firing_solution Arc FAIL: diff 5.710593137499643 > 0.0
2026-03-28 09:07:56,256 - game.simulation.components.abilities.weapons - DEBUG - check_firing_solution Arc FAIL: diff 5.710593137499643 > 0.0
2026-03-28 09:07:56,262 - game.simulation.components.abilities.weapons - DEBUG - check_firing_solution Arc FAIL: diff 5.710593137499643 > 0.0
2026-03-28 09:07:56,272 - game.simulation.components.abilities.weapons - DEBUG - check_firing_solution Arc FAIL: diff 5.710593137499643 > 0.0
2026-03-28 09:07:56,285 - game.simulation.components.abilities.weapons - DEBUG - check_firing_solution Arc FAIL: diff 5.710593137499643 > 0.0
2026-03-28 09:07:56,292 - game.simulation.components.abilities.weapons - DEBUG - check_firing_solution Arc FAIL: diff 5.710593137499643 > 0.0
2026-03-28 09:07:56,304 - game.simulation.components.abilities.weapons - DEBUG - check_firing_solution Arc FAIL: diff 5.710593137499643 > 0.0
2026-03-28 09:07:56,310 - game.simulation.components.abilities.weapons - DEBUG - check_firing_solution Arc FAIL: diff 5.710593137499643 > 0.0
2026-03-28 09:07:56,321 - game.simulation.components.abilities.weapons - DEBUG - check_firing_solution Arc FAIL: diff 5.710593137499643 > 0.0
2026-03-28 09:07:56,334 - game.simulation.components.abilities.weapons - DEBUG - check_firing_solution Arc FAIL: diff 5.710593137499643 > 0.0
2026-03-28 09:07:56,340 - game.simulation.components.abilities.weapons - DEBUG - check_firing_solution Arc FAIL: diff 5.710593137499643 > 0.0
2026-03-28 09:07:56,352 - game.simulation.components.abilities.weapons - DEBUG - check_firing_solution Arc FAIL: diff 5.710593137499643 > 0.0
2026-03-28 09:07:56,364 - game.simulation.components.abilities.weapons - DEBUG - check_firing_solution Arc FAIL: diff 5.710593137499643 > 0.0
2026-03-28 09:07:56,374 - game.simulation.components.abilities.weapons - DEBUG - check_firing_solution Arc FAIL: diff 5.710593137499643 > 0.0
2026-03-28 09:07:56,381 - game.simulation.components.abilities.weapons - DEBUG - check_firing_solution Arc FAIL: diff 5.710593137499643 > 0.0
2026-03-28 09:07:56,393 - game.simulation.components.abilities.weapons - DEBUG - check_firing_solution Arc FAIL: diff 5.710593137499643 > 0.0
2026-03-28 09:07:56,404 - game.simulation.components.abilities.weapons - DEBUG - check_firing_solution Arc FAIL: diff 5.710593137499643 > 0.0
2026-03-28 09:07:56,410 - game.simulation.components.abilities.weapons - DEBUG - check_firing_solution Arc FAIL: diff 5.710593137499643 > 0.0
2026-03-28 09:07:56,422 - game.simulation.components.abilities.weapons - DEBUG - check_firing_solution Arc FAIL: diff 5.710593137499643 > 0.0
2026-03-28 09:07:56,434 - game.simulation.components.abilities.weapons - DEBUG - check_firing_solution Arc FAIL: diff 5.710593137499643 > 0.0
2026-03-28 09:07:56,441 - game.simulation.components.abilities.weapons - DEBUG - check_firing_solution Arc FAIL: diff 5.710593137499643 > 0.0
2026-03-28 09:07:56,454 - game.simulation.components.abilities.weapons - DEBUG - check_firing_solution Arc FAIL: diff 5.710593137499643 > 0.0
2026-03-28 09:07:56,461 - game.simulation.components.abilities.weapons - DEBUG - check_firing_solution Arc FAIL: diff 5.710593137499643 > 0.0
2026-03-28 09:07:56,474 - game.simulation.components.abilities.weapons - DEBUG - check_firing_solution Arc FAIL: diff 5.710593137499643 > 0.0
2026-03-28 09:07:56,480 - game.simulation.components.abilities.weapons - DEBUG - check_firing_solution Arc FAIL: diff 5.710593137499643 > 0.0
2026-03-28 09:07:56,494 - game.simulation.components.abilities.weapons - DEBUG - check_firing_solution Arc FAIL: diff 5.710593137499643 > 0.0
2026-03-28 09:07:56,500 - game.simulation.components.abilities.weapons - DEBUG - check_firing_solution Arc FAIL: diff 5.710593137499643 > 0.0
2026-03-28 09:07:56,514 - game.simulation.components.abilities.weapons - DEBUG - check_firing_solution Arc FAIL: diff 5.710593137499643 > 0.0
2026-03-28 09:07:56,521 - game.simulation.components.abilities.weapons - DEBUG - check_firing_solution Arc FAIL: diff 5.710593137499643 > 0.0
2026-03-28 09:07:56,534 - game.simulation.components.abilities.weapons - DEBUG - check_firing_solution Arc FAIL: diff 5.710593137499643 > 0.0
2026-03-28 09:07:56,540 - game.simulation.components.abilities.weapons - DEBUG - check_firing_solution Arc FAIL: diff 5.710593137499643 > 0.0
2026-03-28 09:07:56,553 - game.simulation.components.abilities.weapons - DEBUG - check_firing_solution Arc FAIL: diff 5.710593137499643 > 0.0
2026-03-28 09:07:56,565 - game.simulation.components.abilities.weapons - DEBUG - check_firing_solution Arc FAIL: diff 5.710593137499643 > 0.0
2026-03-28 09:07:56,571 - game.simulation.components.abilities.weapons - DEBUG - check_firing_solution Arc FAIL: diff 5.710593137499643 > 0.0
2026-03-28 09:07:56,582 - game.simulation.components.abilities.weapons - DEBUG - check_firing_solution Arc FAIL: diff 5.710593137499643 > 0.0
2026-03-28 09:07:56,594 - game.simulation.components.abilities.weapons - DEBUG - check_firing_solution Arc FAIL: diff 5.710593137499643 > 0.0
2026-03-28 09:07:56,600 - game.simulation.components.abilities.weapons - DEBUG - check_firing_solution Arc FAIL: diff 5.710593137499643 > 0.0
2026-03-28 09:07:56,612 - game.simulation.components.abilities.weapons - DEBUG - check_firing_solution Arc FAIL: diff 5.710593137499643 > 0.0
2026-03-28 09:07:56,625 - game.simulation.components.abilities.weapons - DEBUG - check_firing_solution Arc FAIL: diff 5.710593137499643 > 0.0
2026-03-28 09:07:56,631 - game.simulation.components.abilities.weapons - DEBUG - check_firing_solution Arc FAIL: diff 5.710593137499643 > 0.0
2026-03-28 09:07:56,646 - game.simulation.components.abilities.weapons - DEBUG - check_firing_solution Arc FAIL: diff 5.710593137499643 > 0.0
2026-03-28 09:07:56,652 - game.simulation.components.abilities.weapons - DEBUG - check_firing_solution Arc FAIL: diff 5.710593137499643 > 0.0
2026-03-28 09:07:56,664 - game.simulation.components.abilities.weapons - DEBUG - check_firing_solution Arc FAIL: diff 5.710593137499643 > 0.0
2026-03-28 09:07:56,671 - game.simulation.components.abilities.weapons - DEBUG - check_firing_solution Arc FAIL: diff 5.710593137499643 > 0.0
2026-03-28 09:07:56,684 - game.simulation.components.abilities.weapons - DEBUG - check_firing_solution Arc FAIL: diff 5.710593137499643 > 0.0
2026-03-28 09:07:56,696 - game.simulation.components.abilities.weapons - DEBUG - check_firing_solution Arc FAIL: diff 5.710593137499643 > 0.0
2026-03-28 09:07:56,703 - game.simulation.components.abilities.weapons - DEBUG - check_firing_solution Arc FAIL: diff 5.710593137499643 > 0.0
2026-03-28 09:07:56,714 - game.simulation.components.abilities.weapons - DEBUG - check_firing_solution Arc FAIL: diff 5.710593137499643 > 0.0
2026-03-28 09:07:56,721 - game.simulation.components.abilities.weapons - DEBUG - check_firing_solution Arc FAIL: diff 5.710593137499643 > 0.0
2026-03-28 09:07:56,733 - game.simulation.components.abilities.weapons - DEBUG - check_firing_solution Arc FAIL: diff 5.710593137499643 > 0.0
2026-03-28 09:07:56,744 - game.simulation.components.abilities.weapons - DEBUG - check_firing_solution Arc FAIL: diff 5.710593137499643 > 0.0
2026-03-28 09:07:56,750 - game.simulation.components.abilities.weapons - DEBUG - check_firing_solution Arc FAIL: diff 5.710593137499643 > 0.0
2026-03-28 09:07:56,763 - game.simulation.components.abilities.weapons - DEBUG - check_firing_solution Arc FAIL: diff 5.710593137499643 > 0.0
2026-03-28 09:07:56,774 - game.simulation.components.abilities.weapons - DEBUG - check_firing_solution Arc FAIL: diff 5.710593137499643 > 0.0
2026-03-28 09:07:56,781 - game.simulation.components.abilities.weapons - DEBUG - check_firing_solution Arc FAIL: diff 5.710593137499643 > 0.0
2026-03-28 09:07:56,793 - game.simulation.components.abilities.weapons - DEBUG - check_firing_solution Arc FAIL: diff 5.710593137499643 > 0.0
2026-03-28 09:07:56,799 - game.simulation.components.abilities.weapons - DEBUG - check_firing_solution Arc FAIL: diff 5.710593137499643 > 0.0
2026-03-28 09:07:56,811 - game.simulation.components.abilities.weapons - DEBUG - check_firing_solution Arc FAIL: diff 5.710593137499643 > 0.0
2026-03-28 09:07:56,824 - game.simulation.components.abilities.weapons - DEBUG - check_firing_solution Arc FAIL: diff 5.710593137499643 > 0.0
2026-03-28 09:07:56,836 - game.simulation.components.abilities.weapons - DEBUG - check_firing_solution Arc FAIL: diff 5.710593137499643 > 0.0
2026-03-28 09:07:56,842 - game.simulation.components.abilities.weapons - DEBUG - check_firing_solution Arc FAIL: diff 5.710593137499643 > 0.0
2026-03-28 09:07:56,854 - game.simulation.components.abilities.weapons - DEBUG - check_firing_solution Arc FAIL: diff 5.710593137499643 > 0.0
2026-03-28 09:07:56,860 - game.simulation.components.abilities.weapons - DEBUG - check_firing_solution Arc FAIL: diff 5.710593137499643 > 0.0
2026-03-28 09:07:56,873 - game.simulation.components.abilities.weapons - DEBUG - check_firing_solution Arc FAIL: diff 5.710593137499643 > 0.0
2026-03-28 09:07:56,885 - game.simulation.components.abilities.weapons - DEBUG - check_firing_solution Arc FAIL: diff 5.710593137499643 > 0.0
2026-03-28 09:07:56,891 - game.simulation.components.abilities.weapons - DEBUG - check_firing_solution Arc FAIL: diff 5.710593137499643 > 0.0
2026-03-28 09:07:56,904 - game.simulation.components.abilities.weapons - DEBUG - check_firing_solution Arc FAIL: diff 5.710593137499643 > 0.0
2026-03-28 09:07:56,910 - game.simulation.components.abilities.weapons - DEBUG - check_firing_solution Arc FAIL: diff 5.710593137499643 > 0.0
2026-03-28 09:07:56,921 - game.simulation.components.abilities.weapons - DEBUG - check_firing_solution Arc FAIL: diff 5.710593137499643 > 0.0
2026-03-28 09:07:56,934 - game.simulation.components.abilities.weapons - DEBUG - check_firing_solution Arc FAIL: diff 5.710593137499643 > 0.0
2026-03-28 09:07:56,940 - game.simulation.components.abilities.weapons - DEBUG - check_firing_solution Arc FAIL: diff 5.710593137499643 > 0.0
2026-03-28 09:07:56,952 - game.simulation.components.abilities.weapons - DEBUG - check_firing_solution Arc FAIL: diff 5.710593137499643 > 0.0
2026-03-28 09:07:56,964 - game.simulation.components.abilities.weapons - DEBUG - check_firing_solution Arc FAIL: diff 5.710593137499643 > 0.0
2026-03-28 09:07:56,971 - game.simulation.components.abilities.weapons - DEBUG - check_firing_solution Arc FAIL: diff 5.710593137499643 > 0.0
2026-03-28 09:07:56,983 - game.simulation.components.abilities.weapons - DEBUG - check_firing_solution Arc FAIL: diff 5.710593137499643 > 0.0
2026-03-28 09:07:56,994 - game.simulation.components.abilities.weapons - DEBUG - check_firing_solution Arc FAIL: diff 5.710593137499643 > 0.0
2026-03-28 09:07:57,000 - game.simulation.components.abilities.weapons - DEBUG - check_firing_solution Arc FAIL: diff 5.710593137499643 > 0.0
2026-03-28 09:07:57,012 - game.simulation.components.abilities.weapons - DEBUG - check_firing_solution Arc FAIL: diff 5.710593137499643 > 0.0
2026-03-28 09:07:57,024 - game.simulation.components.abilities.weapons - DEBUG - check_firing_solution Arc FAIL: diff 5.710593137499643 > 0.0
2026-03-28 09:07:57,036 - game.simulation.components.abilities.weapons - DEBUG - check_firing_solution Arc FAIL: diff 5.710593137499643 > 0.0
2026-03-28 09:07:57,042 - game.simulation.components.abilities.weapons - DEBUG - check_firing_solution Arc FAIL: diff 5.710593137499643 > 0.0
2026-03-28 09:07:57,054 - game.simulation.components.abilities.weapons - DEBUG - check_firing_solution Arc FAIL: diff 5.710593137499643 > 0.0
2026-03-28 09:07:57,060 - game.simulation.components.abilities.weapons - DEBUG - check_firing_solution Arc FAIL: diff 5.710593137499643 > 0.0
2026-03-28 09:07:57,072 - game.simulation.components.abilities.weapons - DEBUG - check_firing_solution Arc FAIL: diff 5.710593137499643 > 0.0
2026-03-28 09:07:57,084 - game.simulation.components.abilities.weapons - DEBUG - check_firing_solution Arc FAIL: diff 5.710593137499643 > 0.0
2026-03-28 09:07:57,090 - game.simulation.components.abilities.weapons - DEBUG - check_firing_solution Arc FAIL: diff 5.710593137499643 > 0.0
2026-03-28 09:07:57,103 - game.simulation.components.abilities.weapons - DEBUG - check_firing_solution Arc FAIL: diff 5.710593137499643 > 0.0
2026-03-28 09:07:57,115 - game.simulation.components.abilities.weapons - DEBUG - check_firing_solution Arc FAIL: diff 5.710593137499643 > 0.0
2026-03-28 09:07:57,121 - game.simulation.components.abilities.weapons - DEBUG - check_firing_solution Arc FAIL: diff 5.710593137499643 > 0.0
2026-03-28 09:07:57,132 - game.simulation.components.abilities.weapons - DEBUG - check_firing_solution Arc FAIL: diff 5.710593137499643 > 0.0
2026-03-28 09:07:57,144 - game.simulation.components.abilities.weapons - DEBUG - check_firing_solution Arc FAIL: diff 5.710593137499643 > 0.0
2026-03-28 09:07:57,151 - game.simulation.components.abilities.weapons - DEBUG - check_firing_solution Arc FAIL: diff 5.710593137499643 > 0.0
2026-03-28 09:07:57,162 - game.simulation.components.abilities.weapons - DEBUG - check_firing_solution Arc FAIL: diff 5.710593137499643 > 0.0
2026-03-28 09:07:57,174 - game.simulation.components.abilities.weapons - DEBUG - check_firing_solution Arc FAIL: diff 5.710593137499643 > 0.0
2026-03-28 09:07:57,181 - game.simulation.components.abilities.weapons - DEBUG - check_firing_solution Arc FAIL: diff 5.710593137499643 > 0.0
2026-03-28 09:07:57,194 - game.simulation.components.abilities.weapons - DEBUG - check_firing_solution Arc FAIL: diff 5.710593137499643 > 0.0
2026-03-28 09:07:57,205 - game.simulation.components.abilities.weapons - DEBUG - check_firing_solution Arc FAIL: diff 5.710593137499643 > 0.0
2026-03-28 09:07:57,211 - game.simulation.components.abilities.weapons - DEBUG - check_firing_solution Arc FAIL: diff 5.710593137499643 > 0.0
2026-03-28 09:07:57,223 - game.simulation.components.abilities.weapons - DEBUG - check_firing_solution Arc FAIL: diff 5.710593137499643 > 0.0
2026-03-28 09:07:57,236 - game.simulation.components.abilities.weapons - DEBUG - check_firing_solution Arc FAIL: diff 5.710593137499643 > 0.0
2026-03-28 09:07:57,242 - game.simulation.components.abilities.weapons - DEBUG - check_firing_solution Arc FAIL: diff 5.710593137499643 > 0.0
2026-03-28 09:07:57,254 - game.simulation.components.abilities.weapons - DEBUG - check_firing_solution Arc FAIL: diff 5.710593137499643 > 0.0
2026-03-28 09:07:57,260 - game.simulation.components.abilities.weapons - DEBUG - check_firing_solution Arc FAIL: diff 5.710593137499643 > 0.0
2026-03-28 09:07:57,272 - game.simulation.components.abilities.weapons - DEBUG - check_firing_solution Arc FAIL: diff 5.710593137499643 > 0.0
2026-03-28 09:07:57,284 - game.simulation.components.abilities.weapons - DEBUG - check_firing_solution Arc FAIL: diff 5.710593137499643 > 0.0
2026-03-28 09:07:57,295 - game.simulation.components.abilities.weapons - DEBUG - check_firing_solution Arc FAIL: diff 5.710593137499643 > 0.0
2026-03-28 09:07:57,301 - game.simulation.components.abilities.weapons - DEBUG - check_firing_solution Arc FAIL: diff 5.710593137499643 > 0.0
2026-03-28 09:07:57,312 - game.simulation.components.abilities.weapons - DEBUG - check_firing_solution Arc FAIL: diff 5.710593137499643 > 0.0
2026-03-28 09:07:57,326 - game.simulation.components.abilities.weapons - DEBUG - check_firing_solution Arc FAIL: diff 5.710593137499643 > 0.0
2026-03-28 09:07:57,332 - game.simulation.components.abilities.weapons - DEBUG - check_firing_solution Arc FAIL: diff 5.710593137499643 > 0.0
2026-03-28 09:07:57,344 - game.simulation.components.abilities.weapons - DEBUG - check_firing_solution Arc FAIL: diff 5.710593137499643 > 0.0
2026-03-28 09:07:57,350 - game.simulation.components.abilities.weapons - DEBUG - check_firing_solution Arc FAIL: diff 5.710593137499643 > 0.0
2026-03-28 09:07:57,362 - game.simulation.components.abilities.weapons - DEBUG - check_firing_solution Arc FAIL: diff 5.710593137499643 > 0.0
2026-03-28 09:07:57,374 - game.simulation.components.abilities.weapons - DEBUG - check_firing_solution Arc FAIL: diff 5.710593137499643 > 0.0
2026-03-28 09:07:57,385 - game.simulation.components.abilities.weapons - DEBUG - check_firing_solution Arc FAIL: diff 5.710593137499643 > 0.0
2026-03-28 09:07:57,391 - game.simulation.components.abilities.weapons - DEBUG - check_firing_solution Arc FAIL: diff 5.710593137499643 > 0.0
2026-03-28 09:07:57,404 - game.simulation.components.abilities.weapons - DEBUG - check_firing_solution Arc FAIL: diff 5.710593137499643 > 0.0
2026-03-28 09:07:57,411 - game.simulation.components.abilities.weapons - DEBUG - check_firing_solution Arc FAIL: diff 5.710593137499643 > 0.0
2026-03-28 09:07:57,422 - game.simulation.components.abilities.weapons - DEBUG - check_firing_solution Arc FAIL: diff 5.710593137499643 > 0.0
2026-03-28 09:07:57,434 - game.simulation.components.abilities.weapons - DEBUG - check_firing_solution Arc FAIL: diff 5.710593137499643 > 0.0
2026-03-28 09:07:57,439 - game.simulation.components.abilities.weapons - DEBUG - check_firing_solution Arc FAIL: diff 5.710593137499643 > 0.0
2026-03-28 09:07:57,453 - game.simulation.components.abilities.weapons - DEBUG - check_firing_solution Arc FAIL: diff 5.710593137499643 > 0.0
2026-03-28 09:07:57,465 - game.simulation.components.abilities.weapons - DEBUG - check_firing_solution Arc FAIL: diff 5.710593137499643 > 0.0
2026-03-28 09:07:57,471 - game.simulation.components.abilities.weapons - DEBUG - check_firing_solution Arc FAIL: diff 5.710593137499643 > 0.0
2026-03-28 09:07:57,483 - game.simulation.components.abilities.weapons - DEBUG - check_firing_solution Arc FAIL: diff 5.710593137499643 > 0.0
2026-03-28 09:07:57,494 - game.simulation.components.abilities.weapons - DEBUG - check_firing_solution Arc FAIL: diff 5.710593137499643 > 0.0
2026-03-28 09:07:57,500 - game.simulation.components.abilities.weapons - DEBUG - check_firing_solution Arc FAIL: diff 5.710593137499643 > 0.0
2026-03-28 09:07:57,512 - game.simulation.components.abilities.weapons - DEBUG - check_firing_solution Arc FAIL: diff 5.710593137499643 > 0.0
2026-03-28 09:07:57,524 - game.simulation.components.abilities.weapons - DEBUG - check_firing_solution Arc FAIL: diff 5.710593137499643 > 0.0
2026-03-28 09:07:57,530 - game.simulation.components.abilities.weapons - DEBUG - check_firing_solution Arc FAIL: diff 5.710593137499643 > 0.0
2026-03-28 09:07:57,543 - game.simulation.components.abilities.weapons - DEBUG - check_firing_solution Arc FAIL: diff 5.710593137499643 > 0.0
2026-03-28 09:07:57,555 - game.simulation.components.abilities.weapons - DEBUG - check_firing_solution Arc FAIL: diff 5.710593137499643 > 0.0
2026-03-28 09:07:57,561 - game.simulation.components.abilities.weapons - DEBUG - check_firing_solution Arc FAIL: diff 5.710593137499643 > 0.0
2026-03-28 09:07:57,573 - game.simulation.components.abilities.weapons - DEBUG - check_firing_solution Arc FAIL: diff 5.710593137499643 > 0.0
2026-03-28 09:07:57,584 - game.simulation.components.abilities.weapons - DEBUG - check_firing_solution Arc FAIL: diff 5.710593137499643 > 0.0
2026-03-28 09:07:57,591 - game.simulation.components.abilities.weapons - DEBUG - check_firing_solution Arc FAIL: diff 5.710593137499643 > 0.0
2026-03-28 09:07:57,603 - game.simulation.components.abilities.weapons - DEBUG - check_firing_solution Arc FAIL: diff 5.710593137499643 > 0.0
2026-03-28 09:07:57,615 - game.simulation.components.abilities.weapons - DEBUG - check_firing_solution Arc FAIL: diff 5.710593137499643 > 0.0
2026-03-28 09:07:57,620 - game.simulation.components.abilities.weapons - DEBUG - check_firing_solution Arc FAIL: diff 5.710593137499643 > 0.0
2026-03-28 09:07:57,633 - game.simulation.components.abilities.weapons - DEBUG - check_firing_solution Arc FAIL: diff 5.710593137499643 > 0.0
2026-03-28 09:07:57,639 - game.simulation.components.abilities.weapons - DEBUG - check_firing_solution Arc FAIL: diff 5.710593137499643 > 0.0
2026-03-28 09:07:57,652 - game.simulation.components.abilities.weapons - DEBUG - check_firing_solution Arc FAIL: diff 5.710593137499643 > 0.0
2026-03-28 09:07:57,664 - game.simulation.components.abilities.weapons - DEBUG - check_firing_solution Arc FAIL: diff 5.710593137499643 > 0.0
2026-03-28 09:07:57,671 - game.simulation.components.abilities.weapons - DEBUG - check_firing_solution Arc FAIL: diff 5.710593137499643 > 0.0
2026-03-28 09:07:57,682 - game.simulation.components.abilities.weapons - DEBUG - check_firing_solution Arc FAIL: diff 5.710593137499643 > 0.0
2026-03-28 09:07:57,695 - game.simulation.components.abilities.weapons - DEBUG - check_firing_solution Arc FAIL: diff 5.710593137499643 > 0.0
2026-03-28 09:07:57,701 - game.simulation.components.abilities.weapons - DEBUG - check_firing_solution Arc FAIL: diff 5.710593137499643 > 0.0
2026-03-28 09:07:57,713 - game.simulation.components.abilities.weapons - DEBUG - check_firing_solution Arc FAIL: diff 5.710593137499643 > 0.0
2026-03-28 09:07:57,724 - game.simulation.components.abilities.weapons - DEBUG - check_firing_solution Arc FAIL: diff 5.710593137499643 > 0.0
2026-03-28 09:07:57,730 - game.simulation.components.abilities.weapons - DEBUG - check_firing_solution Arc FAIL: diff 5.710593137499643 > 0.0
2026-03-28 09:07:57,742 - game.simulation.components.abilities.weapons - DEBUG - check_firing_solution Arc FAIL: diff 5.710593137499643 > 0.0
2026-03-28 09:07:57,754 - game.simulation.components.abilities.weapons - DEBUG - check_firing_solution Arc FAIL: diff 5.710593137499643 > 0.0
2026-03-28 09:07:57,761 - game.simulation.components.abilities.weapons - DEBUG - check_firing_solution Arc FAIL: diff 5.710593137499643 > 0.0
2026-03-28 09:07:57,773 - game.simulation.components.abilities.weapons - DEBUG - check_firing_solution Arc FAIL: diff 5.710593137499643 > 0.0
2026-03-28 09:07:57,786 - game.simulation.components.abilities.weapons - DEBUG - check_firing_solution Arc FAIL: diff 5.710593137499643 > 0.0
2026-03-28 09:07:57,792 - game.simulation.components.abilities.weapons - DEBUG - check_firing_solution Arc FAIL: diff 5.710593137499643 > 0.0
2026-03-28 09:07:57,804 - game.simulation.components.abilities.weapons - DEBUG - check_firing_solution Arc FAIL: diff 5.710593137499643 > 0.0
2026-03-28 09:07:57,810 - game.simulation.components.abilities.weapons - DEBUG - check_firing_solution Arc FAIL: diff 5.710593137499643 > 0.0
2026-03-28 09:07:57,821 - game.simulation.components.abilities.weapons - DEBUG - check_firing_solution Arc FAIL: diff 5.710593137499643 > 0.0
2026-03-28 09:07:57,834 - game.simulation.components.abilities.weapons - DEBUG - check_firing_solution Arc FAIL: diff 5.710593137499643 > 0.0
2026-03-28 09:07:57,845 - game.simulation.components.abilities.weapons - DEBUG - check_firing_solution Arc FAIL: diff 5.710593137499643 > 0.0
2026-03-28 09:07:57,851 - game.simulation.components.abilities.weapons - DEBUG - check_firing_solution Arc FAIL: diff 5.710593137499643 > 0.0
2026-03-28 09:07:57,863 - game.simulation.components.abilities.weapons - DEBUG - check_firing_solution Arc FAIL: diff 5.710593137499643 > 0.0
2026-03-28 09:07:57,875 - game.simulation.components.abilities.weapons - DEBUG - check_firing_solution Arc FAIL: diff 5.710593137499643 > 0.0
2026-03-28 09:07:57,880 - game.simulation.components.abilities.weapons - DEBUG - check_firing_solution Arc FAIL: diff 5.710593137499643 > 0.0
2026-03-28 09:07:57,893 - game.simulation.components.abilities.weapons - DEBUG - check_firing_solution Arc FAIL: diff 5.710593137499643 > 0.0
2026-03-28 09:07:57,905 - game.simulation.components.abilities.weapons - DEBUG - check_firing_solution Arc FAIL: diff 5.710593137499643 > 0.0
2026-03-28 09:07:57,911 - game.simulation.components.abilities.weapons - DEBUG - check_firing_solution Arc FAIL: diff 5.710593137499643 > 0.0
2026-03-28 09:07:57,923 - game.simulation.components.abilities.weapons - DEBUG - check_firing_solution Arc FAIL: diff 5.710593137499643 > 0.0
2026-03-28 09:07:57,935 - game.simulation.components.abilities.weapons - DEBUG - check_firing_solution Arc FAIL: diff 5.710593137499643 > 0.0
2026-03-28 09:07:57,940 - game.simulation.components.abilities.weapons - DEBUG - check_firing_solution Arc FAIL: diff 5.710593137499643 > 0.0
2026-03-28 09:07:57,952 - game.simulation.components.abilities.weapons - DEBUG - check_firing_solution Arc FAIL: diff 5.710593137499643 > 0.0
2026-03-28 09:07:57,964 - game.simulation.components.abilities.weapons - DEBUG - check_firing_solution Arc FAIL: diff 5.710593137499643 > 0.0
2026-03-28 09:07:57,971 - game.simulation.components.abilities.weapons - DEBUG - check_firing_solution Arc FAIL: diff 5.710593137499643 > 0.0
2026-03-28 09:07:57,983 - game.simulation.components.abilities.weapons - DEBUG - check_firing_solution Arc FAIL: diff 5.710593137499643 > 0.0
2026-03-28 09:07:57,994 - game.simulation.components.abilities.weapons - DEBUG - check_firing_solution Arc FAIL: diff 5.710593137499643 > 0.0
2026-03-28 09:07:58,001 - game.simulation.components.abilities.weapons - DEBUG - check_firing_solution Arc FAIL: diff 5.710593137499643 > 0.0
2026-03-28 09:07:58,013 - game.simulation.components.abilities.weapons - DEBUG - check_firing_solution Arc FAIL: diff 5.710593137499643 > 0.0
2026-03-28 09:07:58,024 - game.simulation.components.abilities.weapons - DEBUG - check_firing_solution Arc FAIL: diff 5.710593137499643 > 0.0
2026-03-28 09:07:58,030 - game.simulation.components.abilities.weapons - DEBUG - check_firing_solution Arc FAIL: diff 5.710593137499643 > 0.0
2026-03-28 09:07:58,043 - game.simulation.components.abilities.weapons - DEBUG - check_firing_solution Arc FAIL: diff 5.710593137499643 > 0.0
2026-03-28 09:07:58,055 - game.simulation.components.abilities.weapons - DEBUG - check_firing_solution Arc FAIL: diff 5.710593137499643 > 0.0
2026-03-28 09:07:58,061 - game.simulation.components.abilities.weapons - DEBUG - check_firing_solution Arc FAIL: diff 5.710593137499643 > 0.0
2026-03-28 09:07:58,072 - game.simulation.components.abilities.weapons - DEBUG - check_firing_solution Arc FAIL: diff 5.710593137499643 > 0.0
2026-03-28 09:07:58,085 - game.simulation.components.abilities.weapons - DEBUG - check_firing_solution Arc FAIL: diff 5.710593137499643 > 0.0
2026-03-28 09:07:58,094 - game.ui.screens.battle_screen - DEBUG - Test complete! ticks=501
2026-03-28 09:07:58,094 - game.ui.screens.battle_screen - DEBUG - Test FAILED
2026-03-28 09:07:58,094 - game.ui.screens.battle_screen - DEBUG - Results populated: ['test_id', 'ticks_run', 'ticks', 'initial_hp', 'final_hp', 'damage_dealt', 'target_alive']
2026-03-28 09:07:59,963 - game.ui.screens.battle_ui - DEBUG - BattleUI.handle_click at (1949, 1104)
2026-03-28 09:07:59,963 - game.ui.screens.battle_ui - DEBUG - test_mode=True, battle_over=True
2026-03-28 09:07:59,963 - game.ui.screens.battle_ui - DEBUG - Return button rect: Rect(1770, 1050, 300, 60)
2026-03-28 09:07:59,963 - game.ui.screens.battle_ui - DEBUG - Return to Combat Lab button clicked!
2026-03-28 09:07:59,963 - game.app - DEBUG - Returning to Combat Lab from test
2026-03-28 09:07:59,981 - game.core.json_utils - DEBUG - Saved JSON to C:\Dev\Starship Battles\simulation_tests\test_history.json
2026-03-28 09:08:07,150 - game.core.json_utils - DEBUG - JSON file not found: C:\Dev\Starship Battles\simulation_tests\data\vehiclelayers.json
2026-03-28 09:08:07,151 - game.core.json_utils - DEBUG - JSON file not found: C:\Dev\Starship Battles\simulation_tests\data\vehiclelayers.json
2026-03-28 09:08:07,151 - game.simulation.entities.ship_loader - INFO - Loaded 14 vehicle classes.
2026-03-28 09:08:07,154 - game.simulation.systems.battle_engine - INFO - Ship 'Test Attacker Proj360' (Team 0): HP=150/150 Mass=400.0 Thrust=0 Fuel=0.0 TurnSpeed=0.00 MaxSpeed=0.00
2026-03-28 09:08:07,154 - game.simulation.systems.battle_engine - INFO - Ship 'Test Target Stationary' (Team 1): HP=1000000100/1000000100 Mass=400.0 Thrust=0 Fuel=0.0 TurnSpeed=0.00 MaxSpeed=0.00
2026-03-28 09:08:08,018 - game.ui.screens.battle_ui - DEBUG - BattleUI.handle_click at (1554, 659)
2026-03-28 09:08:08,018 - game.ui.screens.battle_ui - DEBUG - test_mode=True, battle_over=False
2026-03-28 09:08:08,825 - game.simulation.projectile_manager - DEBUG - HIT! Ship=Test Target Stationary Dist=20.00 < Rad=34.472251989123095 t=1.0000
2026-03-28 09:08:09,824 - game.simulation.projectile_manager - DEBUG - HIT! Ship=Test Target Stationary Dist=20.00 < Rad=34.472251989123095 t=1.0000
2026-03-28 09:08:10,824 - game.simulation.projectile_manager - DEBUG - HIT! Ship=Test Target Stationary Dist=20.00 < Rad=34.472251989123095 t=1.0000
2026-03-28 09:08:11,822 - game.simulation.projectile_manager - DEBUG - HIT! Ship=Test Target Stationary Dist=20.00 < Rad=34.472251989123095 t=1.0000
2026-03-28 09:08:12,822 - game.simulation.projectile_manager - DEBUG - HIT! Ship=Test Target Stationary Dist=20.00 < Rad=34.472251989123095 t=1.0000
2026-03-28 09:08:13,718 - game.ui.screens.battle_screen - DEBUG - Test complete! ticks=501
2026-03-28 09:08:13,718 - game.ui.screens.battle_screen - DEBUG - Test PASSED
2026-03-28 09:08:13,718 - game.ui.screens.battle_screen - DEBUG - Results populated: ['test_id', 'ticks_run', 'ticks', 'initial_hp', 'final_hp', 'damage_dealt', 'target_alive', 'hit_rate', 'travel_time_seconds', 'expected_damage_min', 'weapon_type', 'weapon_damage', 'weapon_range', 'projectile_speed', 'reload_time']
2026-03-28 09:08:15,978 - game.ui.screens.battle_ui - DEBUG - BattleUI.handle_click at (1916, 1113)
2026-03-28 09:08:15,978 - game.ui.screens.battle_ui - DEBUG - test_mode=True, battle_over=True
2026-03-28 09:08:15,978 - game.ui.screens.battle_ui - DEBUG - Return button rect: Rect(1770, 1050, 300, 60)
2026-03-28 09:08:15,978 - game.ui.screens.battle_ui - DEBUG - Click was not on return button
2026-03-28 09:08:15,978 - game.app - DEBUG - Returning to Combat Lab from test
2026-03-28 09:08:15,997 - game.core.json_utils - DEBUG - Saved JSON to C:\Dev\Starship Battles\simulation_tests\test_history.json
2026-03-28 09:09:34,110 - game.core.json_utils - DEBUG - JSON file not found: C:\Dev\Starship Battles\simulation_tests\data\vehiclelayers.json
2026-03-28 09:09:34,110 - game.core.json_utils - DEBUG - JSON file not found: C:\Dev\Starship Battles\simulation_tests\data\vehiclelayers.json
2026-03-28 09:09:34,110 - game.simulation.entities.ship_loader - INFO - Loaded 14 vehicle classes.
2026-03-28 09:09:34,113 - game.simulation.systems.battle_engine - INFO - Ship 'Test Attacker Proj360' (Team 0): HP=150/150 Mass=400.0 Thrust=0 Fuel=0.0 TurnSpeed=0.00 MaxSpeed=0.00
2026-03-28 09:09:34,113 - game.simulation.systems.battle_engine - INFO - Ship 'Test Target Stationary' (Team 1): HP=1000000100/1000000100 Mass=400.0 Thrust=0 Fuel=0.0 TurnSpeed=0.00 MaxSpeed=0.00
2026-03-28 09:09:34,124 - game.simulation.projectile_manager - DEBUG - HIT! Ship=Test Target Stationary Dist=20.00 < Rad=34.472251989123095 t=1.0000
2026-03-28 09:09:34,127 - game.simulation.projectile_manager - DEBUG - HIT! Ship=Test Target Stationary Dist=20.00 < Rad=34.472251989123095 t=1.0000
2026-03-28 09:09:34,130 - game.simulation.projectile_manager - DEBUG - HIT! Ship=Test Target Stationary Dist=20.00 < Rad=34.472251989123095 t=1.0000
2026-03-28 09:09:34,132 - game.simulation.projectile_manager - DEBUG - HIT! Ship=Test Target Stationary Dist=20.00 < Rad=34.472251989123095 t=1.0000
2026-03-28 09:09:34,135 - game.simulation.projectile_manager - DEBUG - HIT! Ship=Test Target Stationary Dist=20.00 < Rad=34.472251989123095 t=1.0000
2026-03-28 09:09:34,158 - game.core.json_utils - DEBUG - Saved JSON to C:\Dev\Starship Battles\simulation_tests\test_history.json
2026-03-28 09:09:57,792 - game.core.json_utils - DEBUG - JSON file not found: C:\Dev\Starship Battles\simulation_tests\data\vehiclelayers.json
2026-03-28 09:09:57,793 - game.core.json_utils - DEBUG - JSON file not found: C:\Dev\Starship Battles\simulation_tests\data\vehiclelayers.json
2026-03-28 09:09:57,793 - game.simulation.entities.ship_loader - INFO - Loaded 14 vehicle classes.
2026-03-28 09:09:57,797 - game.simulation.systems.battle_engine - INFO - Ship 'Test Attacker Proj360' (Team 0): HP=150/150 Mass=400.0 Thrust=0 Fuel=0.0 TurnSpeed=0.00 MaxSpeed=0.00
2026-03-28 09:09:57,797 - game.simulation.systems.battle_engine - INFO - Ship 'Test Target Linear Slow' (Team 1): HP=750/750 Mass=1000.0 Thrust=50.0 Fuel=0.0 TurnSpeed=0.00 MaxSpeed=1.25
2026-03-28 09:09:59,409 - game.ui.screens.battle_ui - DEBUG - BattleUI.handle_click at (1522, 770)
2026-03-28 09:09:59,409 - game.ui.screens.battle_ui - DEBUG - test_mode=True, battle_over=False
2026-03-28 09:10:00,322 - game.simulation.components.abilities.weapons - DEBUG - check_firing_solution Arc FAIL: diff 5.710593137499643 > 0.0
2026-03-28 09:10:00,328 - game.simulation.components.abilities.weapons - DEBUG - check_firing_solution Arc FAIL: diff 5.710593137499643 > 0.0
2026-03-28 09:10:00,340 - game.simulation.components.abilities.weapons - DEBUG - check_firing_solution Arc FAIL: diff 5.710593137499643 > 0.0
2026-03-28 09:10:00,352 - game.simulation.components.abilities.weapons - DEBUG - check_firing_solution Arc FAIL: diff 5.710593137499643 > 0.0
2026-03-28 09:10:00,359 - game.simulation.components.abilities.weapons - DEBUG - check_firing_solution Arc FAIL: diff 5.710593137499643 > 0.0
2026-03-28 09:10:00,371 - game.simulation.components.abilities.weapons - DEBUG - check_firing_solution Arc FAIL: diff 5.710593137499643 > 0.0
2026-03-28 09:10:00,382 - game.simulation.components.abilities.weapons - DEBUG - check_firing_solution Arc FAIL: diff 5.710593137499643 > 0.0
2026-03-28 09:10:00,389 - game.simulation.components.abilities.weapons - DEBUG - check_firing_solution Arc FAIL: diff 5.710593137499643 > 0.0
2026-03-28 09:10:00,401 - game.simulation.components.abilities.weapons - DEBUG - check_firing_solution Arc FAIL: diff 5.710593137499643 > 0.0
2026-03-28 09:10:00,407 - game.simulation.components.abilities.weapons - DEBUG - check_firing_solution Arc FAIL: diff 5.710593137499643 > 0.0
2026-03-28 09:10:00,419 - game.simulation.components.abilities.weapons - DEBUG - check_firing_solution Arc FAIL: diff 5.710593137499643 > 0.0
2026-03-28 09:10:00,431 - game.simulation.components.abilities.weapons - DEBUG - check_firing_solution Arc FAIL: diff 5.710593137499643 > 0.0
2026-03-28 09:10:00,439 - game.simulation.components.abilities.weapons - DEBUG - check_firing_solution Arc FAIL: diff 5.710593137499643 > 0.0
2026-03-28 09:10:00,451 - game.simulation.components.abilities.weapons - DEBUG - check_firing_solution Arc FAIL: diff 5.710593137499643 > 0.0
2026-03-28 09:10:00,457 - game.simulation.components.abilities.weapons - DEBUG - check_firing_solution Arc FAIL: diff 5.710593137499643 > 0.0
2026-03-28 09:10:00,468 - game.simulation.components.abilities.weapons - DEBUG - check_firing_solution Arc FAIL: diff 5.710593137499643 > 0.0
2026-03-28 09:10:00,481 - game.simulation.components.abilities.weapons - DEBUG - check_firing_solution Arc FAIL: diff 5.710593137499643 > 0.0
2026-03-28 09:10:00,488 - game.simulation.components.abilities.weapons - DEBUG - check_firing_solution Arc FAIL: diff 5.710593137499643 > 0.0
2026-03-28 09:10:00,500 - game.simulation.components.abilities.weapons - DEBUG - check_firing_solution Arc FAIL: diff 5.710593137499643 > 0.0
2026-03-28 09:10:00,512 - game.simulation.components.abilities.weapons - DEBUG - check_firing_solution Arc FAIL: diff 5.710593137499643 > 0.0
2026-03-28 09:10:00,516 - game.simulation.components.abilities.weapons - DEBUG - check_firing_solution Arc FAIL: diff 5.710593137499643 > 0.0
2026-03-28 09:10:00,529 - game.simulation.components.abilities.weapons - DEBUG - check_firing_solution Arc FAIL: diff 5.710593137499643 > 0.0
2026-03-28 09:10:00,542 - game.simulation.components.abilities.weapons - DEBUG - check_firing_solution Arc FAIL: diff 5.710593137499643 > 0.0
2026-03-28 09:10:00,548 - game.simulation.components.abilities.weapons - DEBUG - check_firing_solution Arc FAIL: diff 5.710593137499643 > 0.0
2026-03-28 09:10:00,560 - game.simulation.components.abilities.weapons - DEBUG - check_firing_solution Arc FAIL: diff 5.710593137499643 > 0.0
2026-03-28 09:10:00,571 - game.simulation.components.abilities.weapons - DEBUG - check_firing_solution Arc FAIL: diff 5.710593137499643 > 0.0
2026-03-28 09:10:00,578 - game.simulation.components.abilities.weapons - DEBUG - check_firing_solution Arc FAIL: diff 5.710593137499643 > 0.0
2026-03-28 09:10:00,590 - game.simulation.components.abilities.weapons - DEBUG - check_firing_solution Arc FAIL: diff 5.710593137499643 > 0.0
2026-03-28 09:10:00,602 - game.simulation.components.abilities.weapons - DEBUG - check_firing_solution Arc FAIL: diff 5.710593137499643 > 0.0
2026-03-28 09:10:00,607 - game.simulation.components.abilities.weapons - DEBUG - check_firing_solution Arc FAIL: diff 5.710593137499643 > 0.0
2026-03-28 09:10:00,619 - game.simulation.components.abilities.weapons - DEBUG - check_firing_solution Arc FAIL: diff 5.710593137499643 > 0.0
2026-03-28 09:10:00,632 - game.simulation.components.abilities.weapons - DEBUG - check_firing_solution Arc FAIL: diff 5.710593137499643 > 0.0
2026-03-28 09:10:00,639 - game.simulation.components.abilities.weapons - DEBUG - check_firing_solution Arc FAIL: diff 5.710593137499643 > 0.0
2026-03-28 09:10:00,652 - game.simulation.components.abilities.weapons - DEBUG - check_firing_solution Arc FAIL: diff 5.710593137499643 > 0.0
2026-03-28 09:10:00,657 - game.simulation.components.abilities.weapons - DEBUG - check_firing_solution Arc FAIL: diff 5.710593137499643 > 0.0
2026-03-28 09:10:00,669 - game.simulation.components.abilities.weapons - DEBUG - check_firing_solution Arc FAIL: diff 5.710593137499643 > 0.0
2026-03-28 09:10:00,681 - game.simulation.components.abilities.weapons - DEBUG - check_firing_solution Arc FAIL: diff 5.710593137499643 > 0.0
2026-03-28 09:10:00,687 - game.simulation.components.abilities.weapons - DEBUG - check_firing_solution Arc FAIL: diff 5.710593137499643 > 0.0
2026-03-28 09:10:00,699 - game.simulation.components.abilities.weapons - DEBUG - check_firing_solution Arc FAIL: diff 5.710593137499643 > 0.0
2026-03-28 09:10:00,711 - game.simulation.components.abilities.weapons - DEBUG - check_firing_solution Arc FAIL: diff 5.710593137499643 > 0.0
2026-03-28 09:10:00,716 - game.simulation.components.abilities.weapons - DEBUG - check_firing_solution Arc FAIL: diff 5.710593137499643 > 0.0
2026-03-28 09:10:00,728 - game.simulation.components.abilities.weapons - DEBUG - check_firing_solution Arc FAIL: diff 5.710593137499643 > 0.0
2026-03-28 09:10:00,740 - game.simulation.components.abilities.weapons - DEBUG - check_firing_solution Arc FAIL: diff 5.710593137499643 > 0.0
2026-03-28 09:10:00,752 - game.simulation.components.abilities.weapons - DEBUG - check_firing_solution Arc FAIL: diff 5.710593137499643 > 0.0
2026-03-28 09:10:00,759 - game.simulation.components.abilities.weapons - DEBUG - check_firing_solution Arc FAIL: diff 5.710593137499643 > 0.0
2026-03-28 09:10:00,770 - game.simulation.components.abilities.weapons - DEBUG - check_firing_solution Arc FAIL: diff 5.710593137499643 > 0.0
2026-03-28 09:10:00,782 - game.simulation.components.abilities.weapons - DEBUG - check_firing_solution Arc FAIL: diff 5.710593137499643 > 0.0
2026-03-28 09:10:00,788 - game.simulation.components.abilities.weapons - DEBUG - check_firing_solution Arc FAIL: diff 5.710593137499643 > 0.0
2026-03-28 09:10:00,800 - game.simulation.components.abilities.weapons - DEBUG - check_firing_solution Arc FAIL: diff 5.710593137499643 > 0.0
2026-03-28 09:10:00,812 - game.simulation.components.abilities.weapons - DEBUG - check_firing_solution Arc FAIL: diff 5.710593137499643 > 0.0
2026-03-28 09:10:00,818 - game.simulation.components.abilities.weapons - DEBUG - check_firing_solution Arc FAIL: diff 5.710593137499643 > 0.0
2026-03-28 09:10:00,830 - game.simulation.components.abilities.weapons - DEBUG - check_firing_solution Arc FAIL: diff 5.710593137499643 > 0.0
2026-03-28 09:10:00,842 - game.simulation.components.abilities.weapons - DEBUG - check_firing_solution Arc FAIL: diff 5.710593137499643 > 0.0
2026-03-28 09:10:00,848 - game.simulation.components.abilities.weapons - DEBUG - check_firing_solution Arc FAIL: diff 5.710593137499643 > 0.0
2026-03-28 09:10:00,860 - game.simulation.components.abilities.weapons - DEBUG - check_firing_solution Arc FAIL: diff 5.710593137499643 > 0.0
2026-03-28 09:10:00,871 - game.simulation.components.abilities.weapons - DEBUG - check_firing_solution Arc FAIL: diff 5.710593137499643 > 0.0
2026-03-28 09:10:00,877 - game.simulation.components.abilities.weapons - DEBUG - check_firing_solution Arc FAIL: diff 5.710593137499643 > 0.0
2026-03-28 09:10:00,890 - game.simulation.components.abilities.weapons - DEBUG - check_firing_solution Arc FAIL: diff 5.710593137499643 > 0.0
2026-03-28 09:10:00,902 - game.simulation.components.abilities.weapons - DEBUG - check_firing_solution Arc FAIL: diff 5.710593137499643 > 0.0
2026-03-28 09:10:00,907 - game.simulation.components.abilities.weapons - DEBUG - check_firing_solution Arc FAIL: diff 5.710593137499643 > 0.0
2026-03-28 09:10:00,919 - game.simulation.components.abilities.weapons - DEBUG - check_firing_solution Arc FAIL: diff 5.710593137499643 > 0.0
2026-03-28 09:10:00,931 - game.simulation.components.abilities.weapons - DEBUG - check_firing_solution Arc FAIL: diff 5.710593137499643 > 0.0
2026-03-28 09:10:00,937 - game.simulation.components.abilities.weapons - DEBUG - check_firing_solution Arc FAIL: diff 5.710593137499643 > 0.0
2026-03-28 09:10:00,949 - game.simulation.components.abilities.weapons - DEBUG - check_firing_solution Arc FAIL: diff 5.710593137499643 > 0.0
2026-03-28 09:10:00,961 - game.simulation.components.abilities.weapons - DEBUG - check_firing_solution Arc FAIL: diff 5.710593137499643 > 0.0
2026-03-28 09:10:00,967 - game.simulation.components.abilities.weapons - DEBUG - check_firing_solution Arc FAIL: diff 5.710593137499643 > 0.0
2026-03-28 09:10:00,979 - game.simulation.components.abilities.weapons - DEBUG - check_firing_solution Arc FAIL: diff 5.710593137499643 > 0.0
2026-03-28 09:10:00,990 - game.simulation.components.abilities.weapons - DEBUG - check_firing_solution Arc FAIL: diff 5.710593137499643 > 0.0
2026-03-28 09:10:00,997 - game.simulation.components.abilities.weapons - DEBUG - check_firing_solution Arc FAIL: diff 5.710593137499643 > 0.0
2026-03-28 09:10:01,009 - game.simulation.components.abilities.weapons - DEBUG - check_firing_solution Arc FAIL: diff 5.710593137499643 > 0.0
2026-03-28 09:10:01,021 - game.simulation.components.abilities.weapons - DEBUG - check_firing_solution Arc FAIL: diff 5.710593137499643 > 0.0
2026-03-28 09:10:01,026 - game.simulation.components.abilities.weapons - DEBUG - check_firing_solution Arc FAIL: diff 5.710593137499643 > 0.0
2026-03-28 09:10:01,038 - game.simulation.components.abilities.weapons - DEBUG - check_firing_solution Arc FAIL: diff 5.710593137499643 > 0.0
2026-03-28 09:10:01,051 - game.simulation.components.abilities.weapons - DEBUG - check_firing_solution Arc FAIL: diff 5.710593137499643 > 0.0
2026-03-28 09:10:01,062 - game.simulation.components.abilities.weapons - DEBUG - check_firing_solution Arc FAIL: diff 5.710593137499643 > 0.0
2026-03-28 09:10:01,068 - game.simulation.components.abilities.weapons - DEBUG - check_firing_solution Arc FAIL: diff 5.710593137499643 > 0.0
2026-03-28 09:10:01,080 - game.simulation.components.abilities.weapons - DEBUG - check_firing_solution Arc FAIL: diff 5.710593137499643 > 0.0
2026-03-28 09:10:01,092 - game.simulation.components.abilities.weapons - DEBUG - check_firing_solution Arc FAIL: diff 5.710593137499643 > 0.0
2026-03-28 09:10:01,098 - game.simulation.components.abilities.weapons - DEBUG - check_firing_solution Arc FAIL: diff 5.710593137499643 > 0.0
2026-03-28 09:10:01,110 - game.simulation.components.abilities.weapons - DEBUG - check_firing_solution Arc FAIL: diff 5.710593137499643 > 0.0
2026-03-28 09:10:01,122 - game.simulation.components.abilities.weapons - DEBUG - check_firing_solution Arc FAIL: diff 5.710593137499643 > 0.0
2026-03-28 09:10:01,128 - game.simulation.components.abilities.weapons - DEBUG - check_firing_solution Arc FAIL: diff 5.710593137499643 > 0.0
2026-03-28 09:10:01,140 - game.simulation.components.abilities.weapons - DEBUG - check_firing_solution Arc FAIL: diff 5.710593137499643 > 0.0
2026-03-28 09:10:01,152 - game.simulation.components.abilities.weapons - DEBUG - check_firing_solution Arc FAIL: diff 5.710593137499643 > 0.0
2026-03-28 09:10:01,160 - game.simulation.components.abilities.weapons - DEBUG - check_firing_solution Arc FAIL: diff 5.710593137499643 > 0.0
2026-03-28 09:10:01,173 - game.simulation.components.abilities.weapons - DEBUG - check_firing_solution Arc FAIL: diff 5.710593137499643 > 0.0
2026-03-28 09:10:01,179 - game.simulation.components.abilities.weapons - DEBUG - check_firing_solution Arc FAIL: diff 5.710593137499643 > 0.0
2026-03-28 09:10:01,192 - game.simulation.components.abilities.weapons - DEBUG - check_firing_solution Arc FAIL: diff 5.710593137499643 > 0.0
2026-03-28 09:10:01,198 - game.simulation.components.abilities.weapons - DEBUG - check_firing_solution Arc FAIL: diff 5.710593137499643 > 0.0
2026-03-28 09:10:01,210 - game.simulation.components.abilities.weapons - DEBUG - check_firing_solution Arc FAIL: diff 5.710593137499643 > 0.0
2026-03-28 09:10:01,218 - game.simulation.components.abilities.weapons - DEBUG - check_firing_solution Arc FAIL: diff 5.710593137499643 > 0.0
2026-03-28 09:10:01,231 - game.simulation.components.abilities.weapons - DEBUG - check_firing_solution Arc FAIL: diff 5.710593137499643 > 0.0
2026-03-28 09:10:01,238 - game.simulation.components.abilities.weapons - DEBUG - check_firing_solution Arc FAIL: diff 5.710593137499643 > 0.0
2026-03-28 09:10:01,250 - game.simulation.components.abilities.weapons - DEBUG - check_firing_solution Arc FAIL: diff 5.710593137499643 > 0.0
2026-03-28 09:10:01,262 - game.simulation.components.abilities.weapons - DEBUG - check_firing_solution Arc FAIL: diff 5.710593137499643 > 0.0
2026-03-28 09:10:01,268 - game.simulation.components.abilities.weapons - DEBUG - check_firing_solution Arc FAIL: diff 5.710593137499643 > 0.0
2026-03-28 09:10:01,280 - game.simulation.components.abilities.weapons - DEBUG - check_firing_solution Arc FAIL: diff 5.710593137499643 > 0.0
2026-03-28 09:10:01,292 - game.simulation.components.abilities.weapons - DEBUG - check_firing_solution Arc FAIL: diff 5.710593137499643 > 0.0
2026-03-28 09:10:01,298 - game.simulation.components.abilities.weapons - DEBUG - check_firing_solution Arc FAIL: diff 5.710593137499643 > 0.0
2026-03-28 09:10:01,311 - game.simulation.components.abilities.weapons - DEBUG - check_firing_solution Arc FAIL: diff 5.710593137499643 > 0.0
2026-03-28 09:10:01,322 - game.simulation.components.abilities.weapons - DEBUG - check_firing_solution Arc FAIL: diff 5.710593137499643 > 0.0
2026-03-28 09:10:01,328 - game.simulation.components.abilities.weapons - DEBUG - check_firing_solution Arc FAIL: diff 5.710593137499643 > 0.0
2026-03-28 09:10:01,340 - game.simulation.components.abilities.weapons - DEBUG - check_firing_solution Arc FAIL: diff 5.710593137499643 > 0.0
2026-03-28 09:10:01,352 - game.simulation.components.abilities.weapons - DEBUG - check_firing_solution Arc FAIL: diff 5.710593137499643 > 0.0
2026-03-28 09:10:01,359 - game.simulation.components.abilities.weapons - DEBUG - check_firing_solution Arc FAIL: diff 5.710593137499643 > 0.0
2026-03-28 09:10:01,372 - game.simulation.components.abilities.weapons - DEBUG - check_firing_solution Arc FAIL: diff 5.710593137499643 > 0.0
2026-03-28 09:10:01,377 - game.simulation.components.abilities.weapons - DEBUG - check_firing_solution Arc FAIL: diff 5.710593137499643 > 0.0
2026-03-28 09:10:01,390 - game.simulation.components.abilities.weapons - DEBUG - check_firing_solution Arc FAIL: diff 5.710593137499643 > 0.0
2026-03-28 09:10:01,403 - game.simulation.components.abilities.weapons - DEBUG - check_firing_solution Arc FAIL: diff 5.710593137499643 > 0.0
2026-03-28 09:10:01,409 - game.simulation.components.abilities.weapons - DEBUG - check_firing_solution Arc FAIL: diff 5.710593137499643 > 0.0
2026-03-28 09:10:01,421 - game.simulation.components.abilities.weapons - DEBUG - check_firing_solution Arc FAIL: diff 5.710593137499643 > 0.0
2026-03-28 09:10:01,427 - game.simulation.components.abilities.weapons - DEBUG - check_firing_solution Arc FAIL: diff 5.710593137499643 > 0.0
2026-03-28 09:10:01,439 - game.simulation.components.abilities.weapons - DEBUG - check_firing_solution Arc FAIL: diff 5.710593137499643 > 0.0
2026-03-28 09:10:01,451 - game.simulation.components.abilities.weapons - DEBUG - check_firing_solution Arc FAIL: diff 5.710593137499643 > 0.0
2026-03-28 09:10:01,457 - game.simulation.components.abilities.weapons - DEBUG - check_firing_solution Arc FAIL: diff 5.710593137499643 > 0.0
2026-03-28 09:10:01,469 - game.simulation.components.abilities.weapons - DEBUG - check_firing_solution Arc FAIL: diff 5.710593137499643 > 0.0
2026-03-28 09:10:01,482 - game.simulation.components.abilities.weapons - DEBUG - check_firing_solution Arc FAIL: diff 5.710593137499643 > 0.0
2026-03-28 09:10:01,488 - game.simulation.components.abilities.weapons - DEBUG - check_firing_solution Arc FAIL: diff 5.710593137499643 > 0.0
2026-03-28 09:10:01,500 - game.simulation.components.abilities.weapons - DEBUG - check_firing_solution Arc FAIL: diff 5.710593137499643 > 0.0
2026-03-28 09:10:01,512 - game.simulation.components.abilities.weapons - DEBUG - check_firing_solution Arc FAIL: diff 5.710593137499643 > 0.0
2026-03-28 09:10:01,518 - game.simulation.components.abilities.weapons - DEBUG - check_firing_solution Arc FAIL: diff 5.710593137499643 > 0.0
2026-03-28 09:10:01,530 - game.simulation.components.abilities.weapons - DEBUG - check_firing_solution Arc FAIL: diff 5.710593137499643 > 0.0
2026-03-28 09:10:01,542 - game.simulation.components.abilities.weapons - DEBUG - check_firing_solution Arc FAIL: diff 5.710593137499643 > 0.0
2026-03-28 09:10:01,548 - game.simulation.components.abilities.weapons - DEBUG - check_firing_solution Arc FAIL: diff 5.710593137499643 > 0.0
2026-03-28 09:10:01,560 - game.simulation.components.abilities.weapons - DEBUG - check_firing_solution Arc FAIL: diff 5.710593137499643 > 0.0
2026-03-28 09:10:01,571 - game.simulation.components.abilities.weapons - DEBUG - check_firing_solution Arc FAIL: diff 5.710593137499643 > 0.0
2026-03-28 09:10:01,578 - game.simulation.components.abilities.weapons - DEBUG - check_firing_solution Arc FAIL: diff 5.710593137499643 > 0.0
2026-03-28 09:10:01,590 - game.simulation.components.abilities.weapons - DEBUG - check_firing_solution Arc FAIL: diff 5.710593137499643 > 0.0
2026-03-28 09:10:01,602 - game.simulation.components.abilities.weapons - DEBUG - check_firing_solution Arc FAIL: diff 5.710593137499643 > 0.0
2026-03-28 09:10:01,609 - game.simulation.components.abilities.weapons - DEBUG - check_firing_solution Arc FAIL: diff 5.710593137499643 > 0.0
2026-03-28 09:10:01,621 - game.simulation.components.abilities.weapons - DEBUG - check_firing_solution Arc FAIL: diff 5.710593137499643 > 0.0
2026-03-28 09:10:01,626 - game.simulation.components.abilities.weapons - DEBUG - check_firing_solution Arc FAIL: diff 5.710593137499643 > 0.0
2026-03-28 09:10:01,641 - game.simulation.components.abilities.weapons - DEBUG - check_firing_solution Arc FAIL: diff 5.710593137499643 > 0.0
2026-03-28 09:10:01,652 - game.simulation.components.abilities.weapons - DEBUG - check_firing_solution Arc FAIL: diff 5.710593137499643 > 0.0
2026-03-28 09:10:01,659 - game.simulation.components.abilities.weapons - DEBUG - check_firing_solution Arc FAIL: diff 5.710593137499643 > 0.0
2026-03-28 09:10:01,670 - game.simulation.components.abilities.weapons - DEBUG - check_firing_solution Arc FAIL: diff 5.710593137499643 > 0.0
2026-03-28 09:10:01,682 - game.simulation.components.abilities.weapons - DEBUG - check_firing_solution Arc FAIL: diff 5.710593137499643 > 0.0
2026-03-28 09:10:01,689 - game.simulation.components.abilities.weapons - DEBUG - check_firing_solution Arc FAIL: diff 5.710593137499643 > 0.0
2026-03-28 09:10:01,700 - game.simulation.components.abilities.weapons - DEBUG - check_firing_solution Arc FAIL: diff 5.710593137499643 > 0.0
2026-03-28 09:10:01,712 - game.simulation.components.abilities.weapons - DEBUG - check_firing_solution Arc FAIL: diff 5.710593137499643 > 0.0
2026-03-28 09:10:01,718 - game.simulation.components.abilities.weapons - DEBUG - check_firing_solution Arc FAIL: diff 5.710593137499643 > 0.0
2026-03-28 09:10:01,730 - game.simulation.components.abilities.weapons - DEBUG - check_firing_solution Arc FAIL: diff 5.710593137499643 > 0.0
2026-03-28 09:10:01,742 - game.simulation.components.abilities.weapons - DEBUG - check_firing_solution Arc FAIL: diff 5.710593137499643 > 0.0
2026-03-28 09:10:01,748 - game.simulation.components.abilities.weapons - DEBUG - check_firing_solution Arc FAIL: diff 5.710593137499643 > 0.0
2026-03-28 09:10:01,760 - game.simulation.components.abilities.weapons - DEBUG - check_firing_solution Arc FAIL: diff 5.710593137499643 > 0.0
2026-03-28 09:10:01,772 - game.simulation.components.abilities.weapons - DEBUG - check_firing_solution Arc FAIL: diff 5.710593137499643 > 0.0
2026-03-28 09:10:01,777 - game.simulation.components.abilities.weapons - DEBUG - check_firing_solution Arc FAIL: diff 5.710593137499643 > 0.0
2026-03-28 09:10:01,789 - game.simulation.components.abilities.weapons - DEBUG - check_firing_solution Arc FAIL: diff 5.710593137499643 > 0.0
2026-03-28 09:10:01,802 - game.simulation.components.abilities.weapons - DEBUG - check_firing_solution Arc FAIL: diff 5.710593137499643 > 0.0
2026-03-28 09:10:01,807 - game.simulation.components.abilities.weapons - DEBUG - check_firing_solution Arc FAIL: diff 5.710593137499643 > 0.0
2026-03-28 09:10:01,819 - game.simulation.components.abilities.weapons - DEBUG - check_firing_solution Arc FAIL: diff 5.710593137499643 > 0.0
2026-03-28 09:10:01,831 - game.simulation.components.abilities.weapons - DEBUG - check_firing_solution Arc FAIL: diff 5.710593137499643 > 0.0
2026-03-28 09:10:01,837 - game.simulation.components.abilities.weapons - DEBUG - check_firing_solution Arc FAIL: diff 5.710593137499643 > 0.0
2026-03-28 09:10:01,849 - game.simulation.components.abilities.weapons - DEBUG - check_firing_solution Arc FAIL: diff 5.710593137499643 > 0.0
2026-03-28 09:10:01,861 - game.simulation.components.abilities.weapons - DEBUG - check_firing_solution Arc FAIL: diff 5.710593137499643 > 0.0
2026-03-28 09:10:01,867 - game.simulation.components.abilities.weapons - DEBUG - check_firing_solution Arc FAIL: diff 5.710593137499643 > 0.0
2026-03-28 09:10:01,878 - game.simulation.components.abilities.weapons - DEBUG - check_firing_solution Arc FAIL: diff 5.710593137499643 > 0.0
2026-03-28 09:10:01,890 - game.simulation.components.abilities.weapons - DEBUG - check_firing_solution Arc FAIL: diff 5.710593137499643 > 0.0
2026-03-28 09:10:01,902 - game.simulation.components.abilities.weapons - DEBUG - check_firing_solution Arc FAIL: diff 5.710593137499643 > 0.0
2026-03-28 09:10:01,909 - game.simulation.components.abilities.weapons - DEBUG - check_firing_solution Arc FAIL: diff 5.710593137499643 > 0.0
2026-03-28 09:10:01,921 - game.simulation.components.abilities.weapons - DEBUG - check_firing_solution Arc FAIL: diff 5.710593137499643 > 0.0
2026-03-28 09:10:01,926 - game.simulation.components.abilities.weapons - DEBUG - check_firing_solution Arc FAIL: diff 5.710593137499643 > 0.0
2026-03-28 09:10:01,938 - game.simulation.components.abilities.weapons - DEBUG - check_firing_solution Arc FAIL: diff 5.710593137499643 > 0.0
2026-03-28 09:10:01,950 - game.simulation.components.abilities.weapons - DEBUG - check_firing_solution Arc FAIL: diff 5.710593137499643 > 0.0
2026-03-28 09:10:01,962 - game.simulation.components.abilities.weapons - DEBUG - check_firing_solution Arc FAIL: diff 5.710593137499643 > 0.0
2026-03-28 09:10:01,968 - game.simulation.components.abilities.weapons - DEBUG - check_firing_solution Arc FAIL: diff 5.710593137499643 > 0.0
2026-03-28 09:10:01,980 - game.simulation.components.abilities.weapons - DEBUG - check_firing_solution Arc FAIL: diff 5.710593137499643 > 0.0
2026-03-28 09:10:01,993 - game.simulation.components.abilities.weapons - DEBUG - check_firing_solution Arc FAIL: diff 5.710593137499643 > 0.0
2026-03-28 09:10:01,998 - game.simulation.components.abilities.weapons - DEBUG - check_firing_solution Arc FAIL: diff 5.710593137499643 > 0.0
2026-03-28 09:10:02,011 - game.simulation.components.abilities.weapons - DEBUG - check_firing_solution Arc FAIL: diff 5.710593137499643 > 0.0
2026-03-28 09:10:02,022 - game.simulation.components.abilities.weapons - DEBUG - check_firing_solution Arc FAIL: diff 5.710593137499643 > 0.0
2026-03-28 09:10:02,028 - game.simulation.components.abilities.weapons - DEBUG - check_firing_solution Arc FAIL: diff 5.710593137499643 > 0.0
2026-03-28 09:10:02,040 - game.simulation.components.abilities.weapons - DEBUG - check_firing_solution Arc FAIL: diff 5.710593137499643 > 0.0
2026-03-28 09:10:02,052 - game.simulation.components.abilities.weapons - DEBUG - check_firing_solution Arc FAIL: diff 5.710593137499643 > 0.0
2026-03-28 09:10:02,058 - game.simulation.components.abilities.weapons - DEBUG - check_firing_solution Arc FAIL: diff 5.710593137499643 > 0.0
2026-03-28 09:10:02,070 - game.simulation.components.abilities.weapons - DEBUG - check_firing_solution Arc FAIL: diff 5.710593137499643 > 0.0
2026-03-28 09:10:02,082 - game.simulation.components.abilities.weapons - DEBUG - check_firing_solution Arc FAIL: diff 5.710593137499643 > 0.0
2026-03-28 09:10:02,087 - game.simulation.components.abilities.weapons - DEBUG - check_firing_solution Arc FAIL: diff 5.710593137499643 > 0.0
2026-03-28 09:10:02,100 - game.simulation.components.abilities.weapons - DEBUG - check_firing_solution Arc FAIL: diff 5.710593137499643 > 0.0
2026-03-28 09:10:02,111 - game.simulation.components.abilities.weapons - DEBUG - check_firing_solution Arc FAIL: diff 5.710593137499643 > 0.0
2026-03-28 09:10:02,117 - game.simulation.components.abilities.weapons - DEBUG - check_firing_solution Arc FAIL: diff 5.710593137499643 > 0.0
2026-03-28 09:10:02,128 - game.simulation.components.abilities.weapons - DEBUG - check_firing_solution Arc FAIL: diff 5.710593137499643 > 0.0
2026-03-28 09:10:02,141 - game.simulation.components.abilities.weapons - DEBUG - check_firing_solution Arc FAIL: diff 5.710593137499643 > 0.0
2026-03-28 09:10:02,152 - game.simulation.components.abilities.weapons - DEBUG - check_firing_solution Arc FAIL: diff 5.710593137499643 > 0.0
2026-03-28 09:10:02,159 - game.simulation.components.abilities.weapons - DEBUG - check_firing_solution Arc FAIL: diff 5.710593137499643 > 0.0
2026-03-28 09:10:02,171 - game.simulation.components.abilities.weapons - DEBUG - check_firing_solution Arc FAIL: diff 5.710593137499643 > 0.0
2026-03-28 09:10:02,177 - game.simulation.components.abilities.weapons - DEBUG - check_firing_solution Arc FAIL: diff 5.710593137499643 > 0.0
2026-03-28 09:10:02,189 - game.simulation.components.abilities.weapons - DEBUG - check_firing_solution Arc FAIL: diff 5.710593137499643 > 0.0
2026-03-28 09:10:02,200 - game.simulation.components.abilities.weapons - DEBUG - check_firing_solution Arc FAIL: diff 5.710593137499643 > 0.0
2026-03-28 09:10:02,207 - game.simulation.components.abilities.weapons - DEBUG - check_firing_solution Arc FAIL: diff 5.710593137499643 > 0.0
2026-03-28 09:10:02,218 - game.simulation.components.abilities.weapons - DEBUG - check_firing_solution Arc FAIL: diff 5.710593137499643 > 0.0
2026-03-28 09:10:02,231 - game.simulation.components.abilities.weapons - DEBUG - check_firing_solution Arc FAIL: diff 5.710593137499643 > 0.0
2026-03-28 09:10:02,237 - game.simulation.components.abilities.weapons - DEBUG - check_firing_solution Arc FAIL: diff 5.710593137499643 > 0.0
2026-03-28 09:10:02,249 - game.simulation.components.abilities.weapons - DEBUG - check_firing_solution Arc FAIL: diff 5.710593137499643 > 0.0
2026-03-28 09:10:02,261 - game.simulation.components.abilities.weapons - DEBUG - check_firing_solution Arc FAIL: diff 5.710593137499643 > 0.0
2026-03-28 09:10:02,267 - game.simulation.components.abilities.weapons - DEBUG - check_firing_solution Arc FAIL: diff 5.710593137499643 > 0.0
2026-03-28 09:10:02,278 - game.simulation.components.abilities.weapons - DEBUG - check_firing_solution Arc FAIL: diff 5.710593137499643 > 0.0
2026-03-28 09:10:02,291 - game.simulation.components.abilities.weapons - DEBUG - check_firing_solution Arc FAIL: diff 5.710593137499643 > 0.0
2026-03-28 09:10:02,303 - game.simulation.components.abilities.weapons - DEBUG - check_firing_solution Arc FAIL: diff 5.710593137499643 > 0.0
2026-03-28 09:10:02,308 - game.simulation.components.abilities.weapons - DEBUG - check_firing_solution Arc FAIL: diff 5.710593137499643 > 0.0
2026-03-28 09:10:02,320 - game.simulation.components.abilities.weapons - DEBUG - check_firing_solution Arc FAIL: diff 5.710593137499643 > 0.0
2026-03-28 09:10:02,332 - game.simulation.components.abilities.weapons - DEBUG - check_firing_solution Arc FAIL: diff 5.710593137499643 > 0.0
2026-03-28 09:10:02,339 - game.simulation.components.abilities.weapons - DEBUG - check_firing_solution Arc FAIL: diff 5.710593137499643 > 0.0
2026-03-28 09:10:02,350 - game.simulation.components.abilities.weapons - DEBUG - check_firing_solution Arc FAIL: diff 5.710593137499643 > 0.0
2026-03-28 09:10:02,362 - game.simulation.components.abilities.weapons - DEBUG - check_firing_solution Arc FAIL: diff 5.710593137499643 > 0.0
2026-03-28 09:10:02,369 - game.simulation.components.abilities.weapons - DEBUG - check_firing_solution Arc FAIL: diff 5.710593137499643 > 0.0
2026-03-28 09:10:02,381 - game.simulation.components.abilities.weapons - DEBUG - check_firing_solution Arc FAIL: diff 5.710593137499643 > 0.0
2026-03-28 09:10:02,388 - game.simulation.components.abilities.weapons - DEBUG - check_firing_solution Arc FAIL: diff 5.710593137499643 > 0.0
2026-03-28 09:10:02,400 - game.simulation.components.abilities.weapons - DEBUG - check_firing_solution Arc FAIL: diff 5.710593137499643 > 0.0
2026-03-28 09:10:02,412 - game.simulation.components.abilities.weapons - DEBUG - check_firing_solution Arc FAIL: diff 5.710593137499643 > 0.0
2026-03-28 09:10:02,416 - game.simulation.components.abilities.weapons - DEBUG - check_firing_solution Arc FAIL: diff 5.710593137499643 > 0.0
2026-03-28 09:10:02,430 - game.simulation.components.abilities.weapons - DEBUG - check_firing_solution Arc FAIL: diff 5.710593137499643 > 0.0
2026-03-28 09:10:02,442 - game.simulation.components.abilities.weapons - DEBUG - check_firing_solution Arc FAIL: diff 5.710593137499643 > 0.0
2026-03-28 09:10:02,449 - game.simulation.components.abilities.weapons - DEBUG - check_firing_solution Arc FAIL: diff 5.710593137499643 > 0.0
2026-03-28 09:10:02,460 - game.simulation.components.abilities.weapons - DEBUG - check_firing_solution Arc FAIL: diff 5.710593137499643 > 0.0
2026-03-28 09:10:02,472 - game.simulation.components.abilities.weapons - DEBUG - check_firing_solution Arc FAIL: diff 5.710593137499643 > 0.0
2026-03-28 09:10:02,478 - game.simulation.components.abilities.weapons - DEBUG - check_firing_solution Arc FAIL: diff 5.710593137499643 > 0.0
2026-03-28 09:10:02,490 - game.simulation.components.abilities.weapons - DEBUG - check_firing_solution Arc FAIL: diff 5.710593137499643 > 0.0
2026-03-28 09:10:02,502 - game.simulation.components.abilities.weapons - DEBUG - check_firing_solution Arc FAIL: diff 5.710593137499643 > 0.0
2026-03-28 09:10:02,509 - game.simulation.components.abilities.weapons - DEBUG - check_firing_solution Arc FAIL: diff 5.710593137499643 > 0.0
2026-03-28 09:10:02,521 - game.simulation.components.abilities.weapons - DEBUG - check_firing_solution Arc FAIL: diff 5.710593137499643 > 0.0
2026-03-28 09:10:02,532 - game.simulation.components.abilities.weapons - DEBUG - check_firing_solution Arc FAIL: diff 5.710593137499643 > 0.0
2026-03-28 09:10:02,538 - game.simulation.components.abilities.weapons - DEBUG - check_firing_solution Arc FAIL: diff 5.710593137499643 > 0.0
2026-03-28 09:10:02,550 - game.simulation.components.abilities.weapons - DEBUG - check_firing_solution Arc FAIL: diff 5.710593137499643 > 0.0
2026-03-28 09:10:02,562 - game.simulation.components.abilities.weapons - DEBUG - check_firing_solution Arc FAIL: diff 5.710593137499643 > 0.0
2026-03-28 09:10:02,568 - game.simulation.components.abilities.weapons - DEBUG - check_firing_solution Arc FAIL: diff 5.710593137499643 > 0.0
2026-03-28 09:10:02,579 - game.simulation.components.abilities.weapons - DEBUG - check_firing_solution Arc FAIL: diff 5.710593137499643 > 0.0
2026-03-28 09:10:02,591 - game.simulation.components.abilities.weapons - DEBUG - check_firing_solution Arc FAIL: diff 5.710593137499643 > 0.0
2026-03-28 09:10:02,597 - game.simulation.components.abilities.weapons - DEBUG - check_firing_solution Arc FAIL: diff 5.710593137499643 > 0.0
2026-03-28 09:10:02,609 - game.simulation.components.abilities.weapons - DEBUG - check_firing_solution Arc FAIL: diff 5.710593137499643 > 0.0
2026-03-28 09:10:02,621 - game.simulation.components.abilities.weapons - DEBUG - check_firing_solution Arc FAIL: diff 5.710593137499643 > 0.0
2026-03-28 09:10:02,627 - game.simulation.components.abilities.weapons - DEBUG - check_firing_solution Arc FAIL: diff 5.710593137499643 > 0.0
2026-03-28 09:10:02,640 - game.simulation.components.abilities.weapons - DEBUG - check_firing_solution Arc FAIL: diff 5.710593137499643 > 0.0
2026-03-28 09:10:02,647 - game.simulation.components.abilities.weapons - DEBUG - check_firing_solution Arc FAIL: diff 5.710593137499643 > 0.0
2026-03-28 09:10:02,660 - game.simulation.components.abilities.weapons - DEBUG - check_firing_solution Arc FAIL: diff 5.710593137499643 > 0.0
2026-03-28 09:10:02,671 - game.simulation.components.abilities.weapons - DEBUG - check_firing_solution Arc FAIL: diff 5.710593137499643 > 0.0
2026-03-28 09:10:02,677 - game.simulation.components.abilities.weapons - DEBUG - check_firing_solution Arc FAIL: diff 5.710593137499643 > 0.0
2026-03-28 09:10:02,690 - game.simulation.components.abilities.weapons - DEBUG - check_firing_solution Arc FAIL: diff 5.710593137499643 > 0.0
2026-03-28 09:10:02,701 - game.simulation.components.abilities.weapons - DEBUG - check_firing_solution Arc FAIL: diff 5.710593137499643 > 0.0
2026-03-28 09:10:02,708 - game.simulation.components.abilities.weapons - DEBUG - check_firing_solution Arc FAIL: diff 5.710593137499643 > 0.0
2026-03-28 09:10:02,719 - game.simulation.components.abilities.weapons - DEBUG - check_firing_solution Arc FAIL: diff 5.710593137499643 > 0.0
2026-03-28 09:10:02,731 - game.simulation.components.abilities.weapons - DEBUG - check_firing_solution Arc FAIL: diff 5.710593137499643 > 0.0
2026-03-28 09:10:02,737 - game.simulation.components.abilities.weapons - DEBUG - check_firing_solution Arc FAIL: diff 5.710593137499643 > 0.0
2026-03-28 09:10:02,750 - game.simulation.components.abilities.weapons - DEBUG - check_firing_solution Arc FAIL: diff 5.710593137499643 > 0.0
2026-03-28 09:10:02,762 - game.simulation.components.abilities.weapons - DEBUG - check_firing_solution Arc FAIL: diff 5.710593137499643 > 0.0
2026-03-28 09:10:02,768 - game.simulation.components.abilities.weapons - DEBUG - check_firing_solution Arc FAIL: diff 5.710593137499643 > 0.0
2026-03-28 09:10:02,779 - game.simulation.components.abilities.weapons - DEBUG - check_firing_solution Arc FAIL: diff 5.710593137499643 > 0.0
2026-03-28 09:10:02,792 - game.simulation.components.abilities.weapons - DEBUG - check_firing_solution Arc FAIL: diff 5.710593137499643 > 0.0
2026-03-28 09:10:02,798 - game.simulation.components.abilities.weapons - DEBUG - check_firing_solution Arc FAIL: diff 5.710593137499643 > 0.0
2026-03-28 09:10:02,810 - game.simulation.components.abilities.weapons - DEBUG - check_firing_solution Arc FAIL: diff 5.710593137499643 > 0.0
2026-03-28 09:10:02,821 - game.simulation.components.abilities.weapons - DEBUG - check_firing_solution Arc FAIL: diff 5.710593137499643 > 0.0
2026-03-28 09:10:02,827 - game.simulation.components.abilities.weapons - DEBUG - check_firing_solution Arc FAIL: diff 5.710593137499643 > 0.0
2026-03-28 09:10:02,840 - game.simulation.components.abilities.weapons - DEBUG - check_firing_solution Arc FAIL: diff 5.710593137499643 > 0.0
2026-03-28 09:10:02,852 - game.simulation.components.abilities.weapons - DEBUG - check_firing_solution Arc FAIL: diff 5.710593137499643 > 0.0
2026-03-28 09:10:02,859 - game.simulation.components.abilities.weapons - DEBUG - check_firing_solution Arc FAIL: diff 5.710593137499643 > 0.0
2026-03-28 09:10:02,871 - game.simulation.components.abilities.weapons - DEBUG - check_firing_solution Arc FAIL: diff 5.710593137499643 > 0.0
2026-03-28 09:10:02,877 - game.simulation.components.abilities.weapons - DEBUG - check_firing_solution Arc FAIL: diff 5.710593137499643 > 0.0
2026-03-28 09:10:02,889 - game.simulation.components.abilities.weapons - DEBUG - check_firing_solution Arc FAIL: diff 5.710593137499643 > 0.0
2026-03-28 09:10:02,901 - game.simulation.components.abilities.weapons - DEBUG - check_firing_solution Arc FAIL: diff 5.710593137499643 > 0.0
2026-03-28 09:10:02,907 - game.simulation.components.abilities.weapons - DEBUG - check_firing_solution Arc FAIL: diff 5.710593137499643 > 0.0
2026-03-28 09:10:02,919 - game.simulation.components.abilities.weapons - DEBUG - check_firing_solution Arc FAIL: diff 5.710593137499643 > 0.0
2026-03-28 09:10:02,932 - game.simulation.components.abilities.weapons - DEBUG - check_firing_solution Arc FAIL: diff 5.710593137499643 > 0.0
2026-03-28 09:10:02,938 - game.simulation.components.abilities.weapons - DEBUG - check_firing_solution Arc FAIL: diff 5.710593137499643 > 0.0
2026-03-28 09:10:02,950 - game.simulation.components.abilities.weapons - DEBUG - check_firing_solution Arc FAIL: diff 5.710593137499643 > 0.0
2026-03-28 09:10:02,962 - game.simulation.components.abilities.weapons - DEBUG - check_firing_solution Arc FAIL: diff 5.710593137499643 > 0.0
2026-03-28 09:10:02,968 - game.simulation.components.abilities.weapons - DEBUG - check_firing_solution Arc FAIL: diff 5.710593137499643 > 0.0
2026-03-28 09:10:02,979 - game.simulation.components.abilities.weapons - DEBUG - check_firing_solution Arc FAIL: diff 5.710593137499643 > 0.0
2026-03-28 09:10:02,992 - game.simulation.components.abilities.weapons - DEBUG - check_firing_solution Arc FAIL: diff 5.710593137499643 > 0.0
2026-03-28 09:10:02,998 - game.simulation.components.abilities.weapons - DEBUG - check_firing_solution Arc FAIL: diff 5.710593137499643 > 0.0
2026-03-28 09:10:03,010 - game.simulation.components.abilities.weapons - DEBUG - check_firing_solution Arc FAIL: diff 5.710593137499643 > 0.0
2026-03-28 09:10:03,022 - game.simulation.components.abilities.weapons - DEBUG - check_firing_solution Arc FAIL: diff 5.710593137499643 > 0.0
2026-03-28 09:10:03,027 - game.simulation.components.abilities.weapons - DEBUG - check_firing_solution Arc FAIL: diff 5.710593137499643 > 0.0
2026-03-28 09:10:03,039 - game.simulation.components.abilities.weapons - DEBUG - check_firing_solution Arc FAIL: diff 5.710593137499643 > 0.0
2026-03-28 09:10:03,051 - game.simulation.components.abilities.weapons - DEBUG - check_firing_solution Arc FAIL: diff 5.710593137499643 > 0.0
2026-03-28 09:10:03,058 - game.simulation.components.abilities.weapons - DEBUG - check_firing_solution Arc FAIL: diff 5.710593137499643 > 0.0
2026-03-28 09:10:03,070 - game.simulation.components.abilities.weapons - DEBUG - check_firing_solution Arc FAIL: diff 5.710593137499643 > 0.0
2026-03-28 09:10:03,082 - game.simulation.components.abilities.weapons - DEBUG - check_firing_solution Arc FAIL: diff 5.710593137499643 > 0.0
2026-03-28 09:10:03,088 - game.simulation.components.abilities.weapons - DEBUG - check_firing_solution Arc FAIL: diff 5.710593137499643 > 0.0
2026-03-28 09:10:03,099 - game.simulation.components.abilities.weapons - DEBUG - check_firing_solution Arc FAIL: diff 5.710593137499643 > 0.0
2026-03-28 09:10:03,112 - game.simulation.components.abilities.weapons - DEBUG - check_firing_solution Arc FAIL: diff 5.710593137499643 > 0.0
2026-03-28 09:10:03,116 - game.simulation.components.abilities.weapons - DEBUG - check_firing_solution Arc FAIL: diff 5.710593137499643 > 0.0
2026-03-28 09:10:03,129 - game.simulation.components.abilities.weapons - DEBUG - check_firing_solution Arc FAIL: diff 5.710593137499643 > 0.0
2026-03-28 09:10:03,141 - game.simulation.components.abilities.weapons - DEBUG - check_firing_solution Arc FAIL: diff 5.710593137499643 > 0.0
2026-03-28 09:10:03,147 - game.simulation.components.abilities.weapons - DEBUG - check_firing_solution Arc FAIL: diff 5.710593137499643 > 0.0
2026-03-28 09:10:03,159 - game.simulation.components.abilities.weapons - DEBUG - check_firing_solution Arc FAIL: diff 5.710593137499643 > 0.0
2026-03-28 09:10:03,171 - game.simulation.components.abilities.weapons - DEBUG - check_firing_solution Arc FAIL: diff 5.710593137499643 > 0.0
2026-03-28 09:10:03,176 - game.simulation.components.abilities.weapons - DEBUG - check_firing_solution Arc FAIL: diff 5.710593137499643 > 0.0
2026-03-28 09:10:03,189 - game.simulation.components.abilities.weapons - DEBUG - check_firing_solution Arc FAIL: diff 5.710593137499643 > 0.0
2026-03-28 09:10:03,201 - game.simulation.components.abilities.weapons - DEBUG - check_firing_solution Arc FAIL: diff 5.710593137499643 > 0.0
2026-03-28 09:10:03,212 - game.simulation.components.abilities.weapons - DEBUG - check_firing_solution Arc FAIL: diff 5.710593137499643 > 0.0
2026-03-28 09:10:03,218 - game.simulation.components.abilities.weapons - DEBUG - check_firing_solution Arc FAIL: diff 5.710593137499643 > 0.0
2026-03-28 09:10:03,230 - game.simulation.components.abilities.weapons - DEBUG - check_firing_solution Arc FAIL: diff 5.710593137499643 > 0.0
2026-03-28 09:10:03,242 - game.simulation.components.abilities.weapons - DEBUG - check_firing_solution Arc FAIL: diff 5.710593137499643 > 0.0
2026-03-28 09:10:03,248 - game.simulation.components.abilities.weapons - DEBUG - check_firing_solution Arc FAIL: diff 5.710593137499643 > 0.0
2026-03-28 09:10:03,260 - game.simulation.components.abilities.weapons - DEBUG - check_firing_solution Arc FAIL: diff 5.710593137499643 > 0.0
2026-03-28 09:10:03,272 - game.simulation.components.abilities.weapons - DEBUG - check_firing_solution Arc FAIL: diff 5.710593137499643 > 0.0
2026-03-28 09:10:03,278 - game.simulation.components.abilities.weapons - DEBUG - check_firing_solution Arc FAIL: diff 5.710593137499643 > 0.0
2026-03-28 09:10:03,290 - game.simulation.components.abilities.weapons - DEBUG - check_firing_solution Arc FAIL: diff 5.710593137499643 > 0.0
2026-03-28 09:10:03,302 - game.simulation.components.abilities.weapons - DEBUG - check_firing_solution Arc FAIL: diff 5.710593137499643 > 0.0
2026-03-28 09:10:03,309 - game.simulation.components.abilities.weapons - DEBUG - check_firing_solution Arc FAIL: diff 5.710593137499643 > 0.0
2026-03-28 09:10:03,320 - game.simulation.components.abilities.weapons - DEBUG - check_firing_solution Arc FAIL: diff 5.710593137499643 > 0.0
2026-03-28 09:10:03,326 - game.simulation.components.abilities.weapons - DEBUG - check_firing_solution Arc FAIL: diff 5.710593137499643 > 0.0
2026-03-28 09:10:03,338 - game.simulation.components.abilities.weapons - DEBUG - check_firing_solution Arc FAIL: diff 5.710593137499643 > 0.0
2026-03-28 09:10:03,351 - game.simulation.components.abilities.weapons - DEBUG - check_firing_solution Arc FAIL: diff 5.710593137499643 > 0.0
2026-03-28 09:10:03,356 - game.simulation.components.abilities.weapons - DEBUG - check_firing_solution Arc FAIL: diff 5.710593137499643 > 0.0
2026-03-28 09:10:03,369 - game.simulation.components.abilities.weapons - DEBUG - check_firing_solution Arc FAIL: diff 5.710593137499643 > 0.0
2026-03-28 09:10:03,380 - game.simulation.components.abilities.weapons - DEBUG - check_firing_solution Arc FAIL: diff 5.710593137499643 > 0.0
2026-03-28 09:10:03,392 - game.simulation.components.abilities.weapons - DEBUG - check_firing_solution Arc FAIL: diff 5.710593137499643 > 0.0
2026-03-28 09:10:03,398 - game.simulation.components.abilities.weapons - DEBUG - check_firing_solution Arc FAIL: diff 5.710593137499643 > 0.0
2026-03-28 09:10:03,411 - game.simulation.components.abilities.weapons - DEBUG - check_firing_solution Arc FAIL: diff 5.710593137499643 > 0.0
2026-03-28 09:10:03,422 - game.simulation.components.abilities.weapons - DEBUG - check_firing_solution Arc FAIL: diff 5.710593137499643 > 0.0
2026-03-28 09:10:03,428 - game.simulation.components.abilities.weapons - DEBUG - check_firing_solution Arc FAIL: diff 5.710593137499643 > 0.0
2026-03-28 09:10:03,441 - game.simulation.components.abilities.weapons - DEBUG - check_firing_solution Arc FAIL: diff 5.710593137499643 > 0.0
2026-03-28 09:10:03,448 - game.simulation.components.abilities.weapons - DEBUG - check_firing_solution Arc FAIL: diff 5.710593137499643 > 0.0
2026-03-28 09:10:03,460 - game.simulation.components.abilities.weapons - DEBUG - check_firing_solution Arc FAIL: diff 5.710593137499643 > 0.0
2026-03-28 09:10:03,471 - game.simulation.components.abilities.weapons - DEBUG - check_firing_solution Arc FAIL: diff 5.710593137499643 > 0.0
2026-03-28 09:10:03,477 - game.simulation.components.abilities.weapons - DEBUG - check_firing_solution Arc FAIL: diff 5.710593137499643 > 0.0
2026-03-28 09:10:03,488 - game.simulation.components.abilities.weapons - DEBUG - check_firing_solution Arc FAIL: diff 5.710593137499643 > 0.0
2026-03-28 09:10:03,501 - game.simulation.components.abilities.weapons - DEBUG - check_firing_solution Arc FAIL: diff 5.710593137499643 > 0.0
2026-03-28 09:10:03,512 - game.simulation.components.abilities.weapons - DEBUG - check_firing_solution Arc FAIL: diff 5.710593137499643 > 0.0
2026-03-28 09:10:03,518 - game.simulation.components.abilities.weapons - DEBUG - check_firing_solution Arc FAIL: diff 5.710593137499643 > 0.0
2026-03-28 09:10:03,530 - game.simulation.components.abilities.weapons - DEBUG - check_firing_solution Arc FAIL: diff 5.710593137499643 > 0.0
2026-03-28 09:10:03,542 - game.simulation.components.abilities.weapons - DEBUG - check_firing_solution Arc FAIL: diff 5.710593137499643 > 0.0
2026-03-28 09:10:03,548 - game.simulation.components.abilities.weapons - DEBUG - check_firing_solution Arc FAIL: diff 5.710593137499643 > 0.0
2026-03-28 09:10:03,561 - game.simulation.components.abilities.weapons - DEBUG - check_firing_solution Arc FAIL: diff 5.710593137499643 > 0.0
2026-03-28 09:10:03,571 - game.simulation.components.abilities.weapons - DEBUG - check_firing_solution Arc FAIL: diff 5.710593137499643 > 0.0
2026-03-28 09:10:03,578 - game.simulation.components.abilities.weapons - DEBUG - check_firing_solution Arc FAIL: diff 5.710593137499643 > 0.0
2026-03-28 09:10:03,590 - game.simulation.components.abilities.weapons - DEBUG - check_firing_solution Arc FAIL: diff 5.710593137499643 > 0.0
2026-03-28 09:10:03,602 - game.simulation.components.abilities.weapons - DEBUG - check_firing_solution Arc FAIL: diff 5.710593137499643 > 0.0
2026-03-28 09:10:03,609 - game.simulation.components.abilities.weapons - DEBUG - check_firing_solution Arc FAIL: diff 5.710593137499643 > 0.0
2026-03-28 09:10:03,622 - game.simulation.components.abilities.weapons - DEBUG - check_firing_solution Arc FAIL: diff 5.710593137499643 > 0.0
2026-03-28 09:10:03,627 - game.simulation.components.abilities.weapons - DEBUG - check_firing_solution Arc FAIL: diff 5.710593137499643 > 0.0
2026-03-28 09:10:03,640 - game.simulation.components.abilities.weapons - DEBUG - check_firing_solution Arc FAIL: diff 5.710593137499643 > 0.0
2026-03-28 09:10:03,646 - game.simulation.components.abilities.weapons - DEBUG - check_firing_solution Arc FAIL: diff 5.710593137499643 > 0.0
2026-03-28 09:10:03,659 - game.simulation.components.abilities.weapons - DEBUG - check_firing_solution Arc FAIL: diff 5.710593137499643 > 0.0
2026-03-28 09:10:03,671 - game.simulation.components.abilities.weapons - DEBUG - check_firing_solution Arc FAIL: diff 5.710593137499643 > 0.0
2026-03-28 09:10:03,676 - game.simulation.components.abilities.weapons - DEBUG - check_firing_solution Arc FAIL: diff 5.710593137499643 > 0.0
2026-03-28 09:10:03,689 - game.simulation.components.abilities.weapons - DEBUG - check_firing_solution Arc FAIL: diff 5.710593137499643 > 0.0
2026-03-28 09:10:03,701 - game.simulation.components.abilities.weapons - DEBUG - check_firing_solution Arc FAIL: diff 5.710593137499643 > 0.0
2026-03-28 09:10:03,708 - game.simulation.components.abilities.weapons - DEBUG - check_firing_solution Arc FAIL: diff 5.710593137499643 > 0.0
2026-03-28 09:10:03,719 - game.simulation.components.abilities.weapons - DEBUG - check_firing_solution Arc FAIL: diff 5.710593137499643 > 0.0
2026-03-28 09:10:03,731 - game.simulation.components.abilities.weapons - DEBUG - check_firing_solution Arc FAIL: diff 5.710593137499643 > 0.0
2026-03-28 09:10:03,738 - game.simulation.components.abilities.weapons - DEBUG - check_firing_solution Arc FAIL: diff 5.710593137499643 > 0.0
2026-03-28 09:10:03,749 - game.simulation.components.abilities.weapons - DEBUG - check_firing_solution Arc FAIL: diff 5.710593137499643 > 0.0
2026-03-28 09:10:03,762 - game.simulation.components.abilities.weapons - DEBUG - check_firing_solution Arc FAIL: diff 5.710593137499643 > 0.0
2026-03-28 09:10:03,766 - game.simulation.components.abilities.weapons - DEBUG - check_firing_solution Arc FAIL: diff 5.710593137499643 > 0.0
2026-03-28 09:10:03,778 - game.simulation.components.abilities.weapons - DEBUG - check_firing_solution Arc FAIL: diff 5.710593137499643 > 0.0
2026-03-28 09:10:03,791 - game.simulation.components.abilities.weapons - DEBUG - check_firing_solution Arc FAIL: diff 5.710593137499643 > 0.0
2026-03-28 09:10:03,797 - game.simulation.components.abilities.weapons - DEBUG - check_firing_solution Arc FAIL: diff 5.710593137499643 > 0.0
2026-03-28 09:10:03,809 - game.simulation.components.abilities.weapons - DEBUG - check_firing_solution Arc FAIL: diff 5.710593137499643 > 0.0
2026-03-28 09:10:03,820 - game.simulation.components.abilities.weapons - DEBUG - check_firing_solution Arc FAIL: diff 5.710593137499643 > 0.0
2026-03-28 09:10:03,832 - game.simulation.components.abilities.weapons - DEBUG - check_firing_solution Arc FAIL: diff 5.710593137499643 > 0.0
2026-03-28 09:10:03,838 - game.simulation.components.abilities.weapons - DEBUG - check_firing_solution Arc FAIL: diff 5.710593137499643 > 0.0
2026-03-28 09:10:03,850 - game.simulation.components.abilities.weapons - DEBUG - check_firing_solution Arc FAIL: diff 5.710593137499643 > 0.0
2026-03-28 09:10:03,861 - game.simulation.components.abilities.weapons - DEBUG - check_firing_solution Arc FAIL: diff 5.710593137499643 > 0.0
2026-03-28 09:10:03,869 - game.simulation.components.abilities.weapons - DEBUG - check_firing_solution Arc FAIL: diff 5.710593137499643 > 0.0
2026-03-28 09:10:03,881 - game.simulation.components.abilities.weapons - DEBUG - check_firing_solution Arc FAIL: diff 5.710593137499643 > 0.0
2026-03-28 09:10:03,887 - game.simulation.components.abilities.weapons - DEBUG - check_firing_solution Arc FAIL: diff 5.710593137499643 > 0.0
2026-03-28 09:10:03,899 - game.simulation.components.abilities.weapons - DEBUG - check_firing_solution Arc FAIL: diff 5.710593137499643 > 0.0
2026-03-28 09:10:03,910 - game.simulation.components.abilities.weapons - DEBUG - check_firing_solution Arc FAIL: diff 5.710593137499643 > 0.0
2026-03-28 09:10:03,922 - game.simulation.components.abilities.weapons - DEBUG - check_firing_solution Arc FAIL: diff 5.710593137499643 > 0.0
2026-03-28 09:10:03,928 - game.simulation.components.abilities.weapons - DEBUG - check_firing_solution Arc FAIL: diff 5.710593137499643 > 0.0
2026-03-28 09:10:03,941 - game.simulation.components.abilities.weapons - DEBUG - check_firing_solution Arc FAIL: diff 5.710593137499643 > 0.0
2026-03-28 09:10:03,947 - game.simulation.components.abilities.weapons - DEBUG - check_firing_solution Arc FAIL: diff 5.710593137499643 > 0.0
2026-03-28 09:10:03,959 - game.simulation.components.abilities.weapons - DEBUG - check_firing_solution Arc FAIL: diff 5.710593137499643 > 0.0
2026-03-28 09:10:03,971 - game.simulation.components.abilities.weapons - DEBUG - check_firing_solution Arc FAIL: diff 5.710593137499643 > 0.0
2026-03-28 09:10:03,977 - game.simulation.components.abilities.weapons - DEBUG - check_firing_solution Arc FAIL: diff 5.710593137499643 > 0.0
2026-03-28 09:10:03,989 - game.simulation.components.abilities.weapons - DEBUG - check_firing_solution Arc FAIL: diff 5.710593137499643 > 0.0
2026-03-28 09:10:04,001 - game.simulation.components.abilities.weapons - DEBUG - check_firing_solution Arc FAIL: diff 5.710593137499643 > 0.0
2026-03-28 09:10:04,007 - game.simulation.components.abilities.weapons - DEBUG - check_firing_solution Arc FAIL: diff 5.710593137499643 > 0.0
2026-03-28 09:10:04,018 - game.simulation.components.abilities.weapons - DEBUG - check_firing_solution Arc FAIL: diff 5.710593137499643 > 0.0
2026-03-28 09:10:04,032 - game.simulation.components.abilities.weapons - DEBUG - check_firing_solution Arc FAIL: diff 5.710593137499643 > 0.0
2026-03-28 09:10:04,037 - game.simulation.components.abilities.weapons - DEBUG - check_firing_solution Arc FAIL: diff 5.710593137499643 > 0.0
2026-03-28 09:10:04,049 - game.simulation.components.abilities.weapons - DEBUG - check_firing_solution Arc FAIL: diff 5.710593137499643 > 0.0
2026-03-28 09:10:04,061 - game.simulation.components.abilities.weapons - DEBUG - check_firing_solution Arc FAIL: diff 5.710593137499643 > 0.0
2026-03-28 09:10:04,066 - game.simulation.components.abilities.weapons - DEBUG - check_firing_solution Arc FAIL: diff 5.710593137499643 > 0.0
2026-03-28 09:10:04,079 - game.simulation.components.abilities.weapons - DEBUG - check_firing_solution Arc FAIL: diff 5.710593137499643 > 0.0
2026-03-28 09:10:04,090 - game.simulation.components.abilities.weapons - DEBUG - check_firing_solution Arc FAIL: diff 5.710593137499643 > 0.0
2026-03-28 09:10:04,097 - game.simulation.components.abilities.weapons - DEBUG - check_firing_solution Arc FAIL: diff 5.710593137499643 > 0.0
2026-03-28 09:10:04,109 - game.simulation.components.abilities.weapons - DEBUG - check_firing_solution Arc FAIL: diff 5.710593137499643 > 0.0
2026-03-28 09:10:04,122 - game.simulation.components.abilities.weapons - DEBUG - check_firing_solution Arc FAIL: diff 5.710593137499643 > 0.0
2026-03-28 09:10:04,127 - game.simulation.components.abilities.weapons - DEBUG - check_firing_solution Arc FAIL: diff 5.710593137499643 > 0.0
2026-03-28 09:10:04,140 - game.simulation.components.abilities.weapons - DEBUG - check_firing_solution Arc FAIL: diff 5.710593137499643 > 0.0
2026-03-28 09:10:04,151 - game.simulation.components.abilities.weapons - DEBUG - check_firing_solution Arc FAIL: diff 5.710593137499643 > 0.0
2026-03-28 09:10:04,157 - game.simulation.components.abilities.weapons - DEBUG - check_firing_solution Arc FAIL: diff 5.710593137499643 > 0.0
2026-03-28 09:10:04,169 - game.simulation.components.abilities.weapons - DEBUG - check_firing_solution Arc FAIL: diff 5.710593137499643 > 0.0
2026-03-28 09:10:04,181 - game.simulation.components.abilities.weapons - DEBUG - check_firing_solution Arc FAIL: diff 5.710593137499643 > 0.0
2026-03-28 09:10:04,188 - game.simulation.components.abilities.weapons - DEBUG - check_firing_solution Arc FAIL: diff 5.710593137499643 > 0.0
2026-03-28 09:10:04,200 - game.simulation.components.abilities.weapons - DEBUG - check_firing_solution Arc FAIL: diff 5.710593137499643 > 0.0
2026-03-28 09:10:04,211 - game.simulation.components.abilities.weapons - DEBUG - check_firing_solution Arc FAIL: diff 5.710593137499643 > 0.0
2026-03-28 09:10:04,217 - game.simulation.components.abilities.weapons - DEBUG - check_firing_solution Arc FAIL: diff 5.710593137499643 > 0.0
2026-03-28 09:10:04,228 - game.simulation.components.abilities.weapons - DEBUG - check_firing_solution Arc FAIL: diff 5.710593137499643 > 0.0
2026-03-28 09:10:04,240 - game.simulation.components.abilities.weapons - DEBUG - check_firing_solution Arc FAIL: diff 5.710593137499643 > 0.0
2026-03-28 09:10:04,247 - game.simulation.components.abilities.weapons - DEBUG - check_firing_solution Arc FAIL: diff 5.710593137499643 > 0.0
2026-03-28 09:10:04,259 - game.simulation.components.abilities.weapons - DEBUG - check_firing_solution Arc FAIL: diff 5.710593137499643 > 0.0
2026-03-28 09:10:04,271 - game.simulation.components.abilities.weapons - DEBUG - check_firing_solution Arc FAIL: diff 5.710593137499643 > 0.0
2026-03-28 09:10:04,277 - game.simulation.components.abilities.weapons - DEBUG - check_firing_solution Arc FAIL: diff 5.710593137499643 > 0.0
2026-03-28 09:10:04,288 - game.simulation.components.abilities.weapons - DEBUG - check_firing_solution Arc FAIL: diff 5.710593137499643 > 0.0
2026-03-28 09:10:04,301 - game.simulation.components.abilities.weapons - DEBUG - check_firing_solution Arc FAIL: diff 5.710593137499643 > 0.0
2026-03-28 09:10:04,307 - game.simulation.components.abilities.weapons - DEBUG - check_firing_solution Arc FAIL: diff 5.710593137499643 > 0.0
2026-03-28 09:10:04,318 - game.simulation.components.abilities.weapons - DEBUG - check_firing_solution Arc FAIL: diff 5.710593137499643 > 0.0
2026-03-28 09:10:04,332 - game.simulation.components.abilities.weapons - DEBUG - check_firing_solution Arc FAIL: diff 5.710593137499643 > 0.0
2026-03-28 09:10:04,337 - game.simulation.components.abilities.weapons - DEBUG - check_firing_solution Arc FAIL: diff 5.710593137499643 > 0.0
2026-03-28 09:10:04,349 - game.simulation.components.abilities.weapons - DEBUG - check_firing_solution Arc FAIL: diff 5.710593137499643 > 0.0
2026-03-28 09:10:04,361 - game.simulation.components.abilities.weapons - DEBUG - check_firing_solution Arc FAIL: diff 5.710593137499643 > 0.0
2026-03-28 09:10:04,366 - game.simulation.components.abilities.weapons - DEBUG - check_firing_solution Arc FAIL: diff 5.710593137499643 > 0.0
2026-03-28 09:10:04,379 - game.simulation.components.abilities.weapons - DEBUG - check_firing_solution Arc FAIL: diff 5.710593137499643 > 0.0
2026-03-28 09:10:04,392 - game.simulation.components.abilities.weapons - DEBUG - check_firing_solution Arc FAIL: diff 5.710593137499643 > 0.0
2026-03-28 09:10:04,399 - game.simulation.components.abilities.weapons - DEBUG - check_firing_solution Arc FAIL: diff 5.710593137499643 > 0.0
2026-03-28 09:10:04,410 - game.simulation.components.abilities.weapons - DEBUG - check_firing_solution Arc FAIL: diff 5.710593137499643 > 0.0
2026-03-28 09:10:04,422 - game.simulation.components.abilities.weapons - DEBUG - check_firing_solution Arc FAIL: diff 5.710593137499643 > 0.0
2026-03-28 09:10:04,427 - game.simulation.components.abilities.weapons - DEBUG - check_firing_solution Arc FAIL: diff 5.710593137499643 > 0.0
2026-03-28 09:10:04,439 - game.simulation.components.abilities.weapons - DEBUG - check_firing_solution Arc FAIL: diff 5.710593137499643 > 0.0
2026-03-28 09:10:04,451 - game.simulation.components.abilities.weapons - DEBUG - check_firing_solution Arc FAIL: diff 5.710593137499643 > 0.0
2026-03-28 09:10:04,457 - game.simulation.components.abilities.weapons - DEBUG - check_firing_solution Arc FAIL: diff 5.710593137499643 > 0.0
2026-03-28 09:10:04,469 - game.simulation.components.abilities.weapons - DEBUG - check_firing_solution Arc FAIL: diff 5.710593137499643 > 0.0
2026-03-28 09:10:04,482 - game.simulation.components.abilities.weapons - DEBUG - check_firing_solution Arc FAIL: diff 5.710593137499643 > 0.0
2026-03-28 09:10:04,488 - game.simulation.components.abilities.weapons - DEBUG - check_firing_solution Arc FAIL: diff 5.710593137499643 > 0.0
2026-03-28 09:10:04,500 - game.simulation.components.abilities.weapons - DEBUG - check_firing_solution Arc FAIL: diff 5.710593137499643 > 0.0
2026-03-28 09:10:04,511 - game.simulation.components.abilities.weapons - DEBUG - check_firing_solution Arc FAIL: diff 5.710593137499643 > 0.0
2026-03-28 09:10:04,516 - game.simulation.components.abilities.weapons - DEBUG - check_firing_solution Arc FAIL: diff 5.710593137499643 > 0.0
2026-03-28 09:10:04,528 - game.simulation.components.abilities.weapons - DEBUG - check_firing_solution Arc FAIL: diff 5.710593137499643 > 0.0
2026-03-28 09:10:04,540 - game.simulation.components.abilities.weapons - DEBUG - check_firing_solution Arc FAIL: diff 5.710593137499643 > 0.0
2026-03-28 09:10:04,551 - game.simulation.components.abilities.weapons - DEBUG - check_firing_solution Arc FAIL: diff 5.710593137499643 > 0.0
2026-03-28 09:10:04,558 - game.simulation.components.abilities.weapons - DEBUG - check_firing_solution Arc FAIL: diff 5.710593137499643 > 0.0
2026-03-28 09:10:04,571 - game.simulation.components.abilities.weapons - DEBUG - check_firing_solution Arc FAIL: diff 5.710593137499643 > 0.0
2026-03-28 09:10:04,582 - game.simulation.components.abilities.weapons - DEBUG - check_firing_solution Arc FAIL: diff 5.710593137499643 > 0.0
2026-03-28 09:10:04,588 - game.simulation.components.abilities.weapons - DEBUG - check_firing_solution Arc FAIL: diff 5.710593137499643 > 0.0
2026-03-28 09:10:04,600 - game.simulation.components.abilities.weapons - DEBUG - check_firing_solution Arc FAIL: diff 5.710593137499643 > 0.0
2026-03-28 09:10:04,612 - game.simulation.components.abilities.weapons - DEBUG - check_firing_solution Arc FAIL: diff 5.710593137499643 > 0.0
2026-03-28 09:10:04,618 - game.simulation.components.abilities.weapons - DEBUG - check_firing_solution Arc FAIL: diff 5.710593137499643 > 0.0
2026-03-28 09:10:04,631 - game.simulation.components.abilities.weapons - DEBUG - check_firing_solution Arc FAIL: diff 5.710593137499643 > 0.0
2026-03-28 09:10:04,638 - game.simulation.components.abilities.weapons - DEBUG - check_firing_solution Arc FAIL: diff 5.710593137499643 > 0.0
2026-03-28 09:10:04,650 - game.simulation.components.abilities.weapons - DEBUG - check_firing_solution Arc FAIL: diff 5.710593137499643 > 0.0
2026-03-28 09:10:04,662 - game.simulation.components.abilities.weapons - DEBUG - check_firing_solution Arc FAIL: diff 5.710593137499643 > 0.0
2026-03-28 09:10:04,668 - game.simulation.components.abilities.weapons - DEBUG - check_firing_solution Arc FAIL: diff 5.710593137499643 > 0.0
2026-03-28 09:10:04,680 - game.simulation.components.abilities.weapons - DEBUG - check_firing_solution Arc FAIL: diff 5.710593137499643 > 0.0
2026-03-28 09:10:04,686 - game.simulation.components.abilities.weapons - DEBUG - check_firing_solution Arc FAIL: diff 5.710593137499643 > 0.0
2026-03-28 09:10:04,698 - game.simulation.components.abilities.weapons - DEBUG - check_firing_solution Arc FAIL: diff 5.710593137499643 > 0.0
2026-03-28 09:10:04,711 - game.simulation.components.abilities.weapons - DEBUG - check_firing_solution Arc FAIL: diff 5.710593137499643 > 0.0
2026-03-28 09:10:04,722 - game.simulation.components.abilities.weapons - DEBUG - check_firing_solution Arc FAIL: diff 5.710593137499643 > 0.0
2026-03-28 09:10:04,728 - game.simulation.components.abilities.weapons - DEBUG - check_firing_solution Arc FAIL: diff 5.710593137499643 > 0.0
2026-03-28 09:10:04,739 - game.simulation.components.abilities.weapons - DEBUG - check_firing_solution Arc FAIL: diff 5.710593137499643 > 0.0
2026-03-28 09:10:04,751 - game.simulation.components.abilities.weapons - DEBUG - check_firing_solution Arc FAIL: diff 5.710593137499643 > 0.0
2026-03-28 09:10:04,759 - game.simulation.components.abilities.weapons - DEBUG - check_firing_solution Arc FAIL: diff 5.710593137499643 > 0.0
2026-03-28 09:10:04,771 - game.simulation.components.abilities.weapons - DEBUG - check_firing_solution Arc FAIL: diff 5.710593137499643 > 0.0
2026-03-28 09:10:04,776 - game.simulation.components.abilities.weapons - DEBUG - check_firing_solution Arc FAIL: diff 5.710593137499643 > 0.0
2026-03-28 09:10:04,788 - game.simulation.components.abilities.weapons - DEBUG - check_firing_solution Arc FAIL: diff 5.710593137499643 > 0.0
2026-03-28 09:10:04,800 - game.simulation.components.abilities.weapons - DEBUG - check_firing_solution Arc FAIL: diff 5.710593137499643 > 0.0
2026-03-28 09:10:04,812 - game.simulation.components.abilities.weapons - DEBUG - check_firing_solution Arc FAIL: diff 5.710593137499643 > 0.0
2026-03-28 09:10:04,818 - game.simulation.components.abilities.weapons - DEBUG - check_firing_solution Arc FAIL: diff 5.710593137499643 > 0.0
2026-03-28 09:10:04,830 - game.simulation.components.abilities.weapons - DEBUG - check_firing_solution Arc FAIL: diff 5.710593137499643 > 0.0
2026-03-28 09:10:04,843 - game.simulation.components.abilities.weapons - DEBUG - check_firing_solution Arc FAIL: diff 5.710593137499643 > 0.0
2026-03-28 09:10:04,848 - game.simulation.components.abilities.weapons - DEBUG - check_firing_solution Arc FAIL: diff 5.710593137499643 > 0.0
2026-03-28 09:10:04,860 - game.simulation.components.abilities.weapons - DEBUG - check_firing_solution Arc FAIL: diff 5.710593137499643 > 0.0
2026-03-28 09:10:04,872 - game.simulation.components.abilities.weapons - DEBUG - check_firing_solution Arc FAIL: diff 5.710593137499643 > 0.0
2026-03-28 09:10:04,878 - game.simulation.components.abilities.weapons - DEBUG - check_firing_solution Arc FAIL: diff 5.710593137499643 > 0.0
2026-03-28 09:10:04,890 - game.simulation.components.abilities.weapons - DEBUG - check_firing_solution Arc FAIL: diff 5.710593137499643 > 0.0
2026-03-28 09:10:04,902 - game.simulation.components.abilities.weapons - DEBUG - check_firing_solution Arc FAIL: diff 5.710593137499643 > 0.0
2026-03-28 09:10:04,908 - game.simulation.components.abilities.weapons - DEBUG - check_firing_solution Arc FAIL: diff 5.710593137499643 > 0.0
2026-03-28 09:10:04,919 - game.simulation.components.abilities.weapons - DEBUG - check_firing_solution Arc FAIL: diff 5.710593137499643 > 0.0
2026-03-28 09:10:04,932 - game.simulation.components.abilities.weapons - DEBUG - check_firing_solution Arc FAIL: diff 5.710593137499643 > 0.0
2026-03-28 09:10:04,937 - game.simulation.components.abilities.weapons - DEBUG - check_firing_solution Arc FAIL: diff 5.710593137499643 > 0.0
2026-03-28 09:10:04,949 - game.simulation.components.abilities.weapons - DEBUG - check_firing_solution Arc FAIL: diff 5.710593137499643 > 0.0
2026-03-28 09:10:04,960 - game.simulation.components.abilities.weapons - DEBUG - check_firing_solution Arc FAIL: diff 5.710593137499643 > 0.0
2026-03-28 09:10:04,967 - game.simulation.components.abilities.weapons - DEBUG - check_firing_solution Arc FAIL: diff 5.710593137499643 > 0.0
2026-03-28 09:10:04,979 - game.simulation.components.abilities.weapons - DEBUG - check_firing_solution Arc FAIL: diff 5.710593137499643 > 0.0
2026-03-28 09:10:04,990 - game.simulation.components.abilities.weapons - DEBUG - check_firing_solution Arc FAIL: diff 5.710593137499643 > 0.0
2026-03-28 09:10:05,001 - game.simulation.components.abilities.weapons - DEBUG - check_firing_solution Arc FAIL: diff 5.710593137499643 > 0.0
2026-03-28 09:10:05,009 - game.simulation.components.abilities.weapons - DEBUG - check_firing_solution Arc FAIL: diff 5.710593137499643 > 0.0
2026-03-28 09:10:05,021 - game.simulation.components.abilities.weapons - DEBUG - check_firing_solution Arc FAIL: diff 5.710593137499643 > 0.0
2026-03-28 09:10:05,032 - game.simulation.components.abilities.weapons - DEBUG - check_firing_solution Arc FAIL: diff 5.710593137499643 > 0.0
2026-03-28 09:10:05,038 - game.simulation.components.abilities.weapons - DEBUG - check_firing_solution Arc FAIL: diff 5.710593137499643 > 0.0
2026-03-28 09:10:05,050 - game.simulation.components.abilities.weapons - DEBUG - check_firing_solution Arc FAIL: diff 5.710593137499643 > 0.0
2026-03-28 09:10:05,062 - game.simulation.components.abilities.weapons - DEBUG - check_firing_solution Arc FAIL: diff 5.710593137499643 > 0.0
2026-03-28 09:10:05,068 - game.simulation.components.abilities.weapons - DEBUG - check_firing_solution Arc FAIL: diff 5.710593137499643 > 0.0
2026-03-28 09:10:05,079 - game.simulation.components.abilities.weapons - DEBUG - check_firing_solution Arc FAIL: diff 5.710593137499643 > 0.0
2026-03-28 09:10:05,092 - game.simulation.components.abilities.weapons - DEBUG - check_firing_solution Arc FAIL: diff 5.710593137499643 > 0.0
2026-03-28 09:10:05,099 - game.simulation.components.abilities.weapons - DEBUG - check_firing_solution Arc FAIL: diff 5.710593137499643 > 0.0
2026-03-28 09:10:05,110 - game.simulation.components.abilities.weapons - DEBUG - check_firing_solution Arc FAIL: diff 5.710593137499643 > 0.0
2026-03-28 09:10:05,122 - game.simulation.components.abilities.weapons - DEBUG - check_firing_solution Arc FAIL: diff 5.710593137499643 > 0.0
2026-03-28 09:10:05,128 - game.simulation.components.abilities.weapons - DEBUG - check_firing_solution Arc FAIL: diff 5.710593137499643 > 0.0
2026-03-28 09:10:05,140 - game.simulation.components.abilities.weapons - DEBUG - check_firing_solution Arc FAIL: diff 5.710593137499643 > 0.0
2026-03-28 09:10:05,151 - game.simulation.components.abilities.weapons - DEBUG - check_firing_solution Arc FAIL: diff 5.710593137499643 > 0.0
2026-03-28 09:10:05,157 - game.simulation.components.abilities.weapons - DEBUG - check_firing_solution Arc FAIL: diff 5.710593137499643 > 0.0
2026-03-28 09:10:05,169 - game.simulation.components.abilities.weapons - DEBUG - check_firing_solution Arc FAIL: diff 5.710593137499643 > 0.0
2026-03-28 09:10:05,182 - game.simulation.components.abilities.weapons - DEBUG - check_firing_solution Arc FAIL: diff 5.710593137499643 > 0.0
2026-03-28 09:10:05,187 - game.simulation.components.abilities.weapons - DEBUG - check_firing_solution Arc FAIL: diff 5.710593137499643 > 0.0
2026-03-28 09:10:05,199 - game.simulation.components.abilities.weapons - DEBUG - check_firing_solution Arc FAIL: diff 5.710593137499643 > 0.0
2026-03-28 09:10:05,211 - game.simulation.components.abilities.weapons - DEBUG - check_firing_solution Arc FAIL: diff 5.710593137499643 > 0.0
2026-03-28 09:10:05,217 - game.simulation.components.abilities.weapons - DEBUG - check_firing_solution Arc FAIL: diff 5.710593137499643 > 0.0
2026-03-28 09:10:05,229 - game.simulation.components.abilities.weapons - DEBUG - check_firing_solution Arc FAIL: diff 5.710593137499643 > 0.0
2026-03-28 09:10:05,240 - game.simulation.components.abilities.weapons - DEBUG - check_firing_solution Arc FAIL: diff 5.710593137499643 > 0.0
2026-03-28 09:10:05,248 - game.simulation.components.abilities.weapons - DEBUG - check_firing_solution Arc FAIL: diff 5.710593137499643 > 0.0
2026-03-28 09:10:05,260 - game.simulation.components.abilities.weapons - DEBUG - check_firing_solution Arc FAIL: diff 5.710593137499643 > 0.0
2026-03-28 09:10:05,272 - game.simulation.components.abilities.weapons - DEBUG - check_firing_solution Arc FAIL: diff 5.710593137499643 > 0.0
2026-03-28 09:10:05,277 - game.simulation.components.abilities.weapons - DEBUG - check_firing_solution Arc FAIL: diff 5.710593137499643 > 0.0
2026-03-28 09:10:05,290 - game.simulation.components.abilities.weapons - DEBUG - check_firing_solution Arc FAIL: diff 5.710593137499643 > 0.0
2026-03-28 09:10:05,301 - game.simulation.components.abilities.weapons - DEBUG - check_firing_solution Arc FAIL: diff 5.710593137499643 > 0.0
2026-03-28 09:10:05,307 - game.simulation.components.abilities.weapons - DEBUG - check_firing_solution Arc FAIL: diff 5.710593137499643 > 0.0
2026-03-28 09:10:05,326 - game.ui.screens.battle_screen - DEBUG - Test complete! ticks=501
2026-03-28 09:10:05,326 - game.ui.screens.battle_screen - DEBUG - Test FAILED
2026-03-28 09:10:05,326 - game.ui.screens.battle_screen - DEBUG - Results populated: ['test_id', 'ticks_run', 'ticks', 'initial_hp', 'final_hp', 'damage_dealt', 'target_alive']
2026-03-28 09:10:08,026 - game.ui.screens.battle_ui - DEBUG - BattleUI.handle_click at (1938, 1107)
2026-03-28 09:10:08,026 - game.ui.screens.battle_ui - DEBUG - test_mode=True, battle_over=True
2026-03-28 09:10:08,026 - game.ui.screens.battle_ui - DEBUG - Return button rect: Rect(1770, 1050, 300, 60)
2026-03-28 09:10:08,026 - game.ui.screens.battle_ui - DEBUG - Return to Combat Lab button clicked!
2026-03-28 09:10:08,026 - game.app - DEBUG - Returning to Combat Lab from test
2026-03-28 09:10:08,074 - game.core.json_utils - DEBUG - Saved JSON to C:\Dev\Starship Battles\simulation_tests\test_history.json
2026-03-28 09:10:39,509 - game.core.json_utils - DEBUG - JSON file not found: C:\Dev\Starship Battles\simulation_tests\data\vehiclelayers.json
2026-03-28 09:10:39,510 - game.core.json_utils - DEBUG - JSON file not found: C:\Dev\Starship Battles\simulation_tests\data\vehiclelayers.json
2026-03-28 09:10:39,510 - game.simulation.entities.ship_loader - INFO - Loaded 14 vehicle classes.
2026-03-28 09:10:39,514 - game.simulation.systems.battle_engine - INFO - Ship 'Test Attacker Proj360' (Team 0): HP=150/150 Mass=400.0 Thrust=0 Fuel=0.0 TurnSpeed=0.00 MaxSpeed=0.00
2026-03-28 09:10:39,514 - game.simulation.systems.battle_engine - INFO - Ship 'Test Target Linear Slow' (Team 1): HP=750/750 Mass=1000.0 Thrust=50.0 Fuel=0.0 TurnSpeed=0.00 MaxSpeed=1.25
2026-03-28 09:10:40,334 - game.ui.screens.battle_ui - DEBUG - BattleUI.handle_click at (1397, 623)
2026-03-28 09:10:40,334 - game.ui.screens.battle_ui - DEBUG - test_mode=True, battle_over=False
2026-03-28 09:10:41,140 - game.simulation.components.abilities.weapons - DEBUG - check_firing_solution Arc FAIL: diff 5.710593137499643 > 0.0
2026-03-28 09:10:41,146 - game.simulation.components.abilities.weapons - DEBUG - check_firing_solution Arc FAIL: diff 5.710593137499643 > 0.0
2026-03-28 09:10:41,158 - game.simulation.components.abilities.weapons - DEBUG - check_firing_solution Arc FAIL: diff 5.710593137499643 > 0.0
2026-03-28 09:10:41,164 - game.simulation.components.abilities.weapons - DEBUG - check_firing_solution Arc FAIL: diff 5.710593137499643 > 0.0
2026-03-28 09:10:41,177 - game.simulation.components.abilities.weapons - DEBUG - check_firing_solution Arc FAIL: diff 5.710593137499643 > 0.0
2026-03-28 09:10:41,189 - game.simulation.components.abilities.weapons - DEBUG - check_firing_solution Arc FAIL: diff 5.710593137499643 > 0.0
2026-03-28 09:10:41,194 - game.simulation.components.abilities.weapons - DEBUG - check_firing_solution Arc FAIL: diff 5.710593137499643 > 0.0
2026-03-28 09:10:41,207 - game.simulation.components.abilities.weapons - DEBUG - check_firing_solution Arc FAIL: diff 5.710593137499643 > 0.0
2026-03-28 09:10:41,219 - game.simulation.components.abilities.weapons - DEBUG - check_firing_solution Arc FAIL: diff 5.710593137499643 > 0.0
2026-03-28 09:10:41,225 - game.simulation.components.abilities.weapons - DEBUG - check_firing_solution Arc FAIL: diff 5.710593137499643 > 0.0
2026-03-28 09:10:41,237 - game.simulation.components.abilities.weapons - DEBUG - check_firing_solution Arc FAIL: diff 5.710593137499643 > 0.0
2026-03-28 09:10:41,251 - game.simulation.components.abilities.weapons - DEBUG - check_firing_solution Arc FAIL: diff 5.710593137499643 > 0.0
2026-03-28 09:10:41,257 - game.simulation.components.abilities.weapons - DEBUG - check_firing_solution Arc FAIL: diff 5.710593137499643 > 0.0
2026-03-28 09:10:41,269 - game.simulation.components.abilities.weapons - DEBUG - check_firing_solution Arc FAIL: diff 5.710593137499643 > 0.0
2026-03-28 09:10:41,274 - game.simulation.components.abilities.weapons - DEBUG - check_firing_solution Arc FAIL: diff 5.710593137499643 > 0.0
2026-03-28 09:10:41,287 - game.simulation.components.abilities.weapons - DEBUG - check_firing_solution Arc FAIL: diff 5.710593137499643 > 0.0
2026-03-28 09:10:41,300 - game.simulation.components.abilities.weapons - DEBUG - check_firing_solution Arc FAIL: diff 5.710593137499643 > 0.0
2026-03-28 09:10:41,306 - game.simulation.components.abilities.weapons - DEBUG - check_firing_solution Arc FAIL: diff 5.710593137499643 > 0.0
2026-03-28 09:10:41,318 - game.simulation.components.abilities.weapons - DEBUG - check_firing_solution Arc FAIL: diff 5.710593137499643 > 0.0
2026-03-28 09:10:41,329 - game.simulation.components.abilities.weapons - DEBUG - check_firing_solution Arc FAIL: diff 5.710593137499643 > 0.0
2026-03-28 09:10:41,335 - game.simulation.components.abilities.weapons - DEBUG - check_firing_solution Arc FAIL: diff 5.710593137499643 > 0.0
2026-03-28 09:10:41,347 - game.simulation.components.abilities.weapons - DEBUG - check_firing_solution Arc FAIL: diff 5.710593137499643 > 0.0
2026-03-28 09:10:41,359 - game.simulation.components.abilities.weapons - DEBUG - check_firing_solution Arc FAIL: diff 5.710593137499643 > 0.0
2026-03-28 09:10:41,365 - game.simulation.components.abilities.weapons - DEBUG - check_firing_solution Arc FAIL: diff 5.710593137499643 > 0.0
2026-03-28 09:10:41,377 - game.simulation.components.abilities.weapons - DEBUG - check_firing_solution Arc FAIL: diff 5.710593137499643 > 0.0
2026-03-28 09:10:41,389 - game.simulation.components.abilities.weapons - DEBUG - check_firing_solution Arc FAIL: diff 5.710593137499643 > 0.0
2026-03-28 09:10:41,394 - game.simulation.components.abilities.weapons - DEBUG - check_firing_solution Arc FAIL: diff 5.710593137499643 > 0.0
2026-03-28 09:10:41,406 - game.simulation.components.abilities.weapons - DEBUG - check_firing_solution Arc FAIL: diff 5.710593137499643 > 0.0
2026-03-28 09:10:41,418 - game.simulation.components.abilities.weapons - DEBUG - check_firing_solution Arc FAIL: diff 5.710593137499643 > 0.0
2026-03-28 09:10:41,430 - game.simulation.components.abilities.weapons - DEBUG - check_firing_solution Arc FAIL: diff 5.710593137499643 > 0.0
2026-03-28 09:10:41,437 - game.simulation.components.abilities.weapons - DEBUG - check_firing_solution Arc FAIL: diff 5.710593137499643 > 0.0
2026-03-28 09:10:41,448 - game.simulation.components.abilities.weapons - DEBUG - check_firing_solution Arc FAIL: diff 5.710593137499643 > 0.0
2026-03-28 09:10:41,460 - game.simulation.components.abilities.weapons - DEBUG - check_firing_solution Arc FAIL: diff 5.710593137499643 > 0.0
2026-03-28 09:10:41,466 - game.simulation.components.abilities.weapons - DEBUG - check_firing_solution Arc FAIL: diff 5.710593137499643 > 0.0
2026-03-28 09:10:41,478 - game.simulation.components.abilities.weapons - DEBUG - check_firing_solution Arc FAIL: diff 5.710593137499643 > 0.0
2026-03-28 09:10:41,491 - game.simulation.components.abilities.weapons - DEBUG - check_firing_solution Arc FAIL: diff 5.710593137499643 > 0.0
2026-03-28 09:10:41,497 - game.simulation.components.abilities.weapons - DEBUG - check_firing_solution Arc FAIL: diff 5.710593137499643 > 0.0
2026-03-28 09:10:41,509 - game.simulation.components.abilities.weapons - DEBUG - check_firing_solution Arc FAIL: diff 5.710593137499643 > 0.0
2026-03-28 09:10:41,520 - game.simulation.components.abilities.weapons - DEBUG - check_firing_solution Arc FAIL: diff 5.710593137499643 > 0.0
2026-03-28 09:10:41,527 - game.simulation.components.abilities.weapons - DEBUG - check_firing_solution Arc FAIL: diff 5.710593137499643 > 0.0
2026-03-28 09:10:41,539 - game.simulation.components.abilities.weapons - DEBUG - check_firing_solution Arc FAIL: diff 5.710593137499643 > 0.0
2026-03-28 09:10:41,545 - game.simulation.components.abilities.weapons - DEBUG - check_firing_solution Arc FAIL: diff 5.710593137499643 > 0.0
2026-03-28 09:10:41,556 - game.simulation.components.abilities.weapons - DEBUG - check_firing_solution Arc FAIL: diff 5.710593137499643 > 0.0
2026-03-28 09:10:41,568 - game.simulation.components.abilities.weapons - DEBUG - check_firing_solution Arc FAIL: diff 5.710593137499643 > 0.0
2026-03-28 09:10:41,580 - game.simulation.components.abilities.weapons - DEBUG - check_firing_solution Arc FAIL: diff 5.710593137499643 > 0.0
2026-03-28 09:10:41,586 - game.simulation.components.abilities.weapons - DEBUG - check_firing_solution Arc FAIL: diff 5.710593137499643 > 0.0
2026-03-28 09:10:41,598 - game.simulation.components.abilities.weapons - DEBUG - check_firing_solution Arc FAIL: diff 5.710593137499643 > 0.0
2026-03-28 09:10:41,610 - game.simulation.components.abilities.weapons - DEBUG - check_firing_solution Arc FAIL: diff 5.710593137499643 > 0.0
2026-03-28 09:10:41,617 - game.simulation.components.abilities.weapons - DEBUG - check_firing_solution Arc FAIL: diff 5.710593137499643 > 0.0
2026-03-28 09:10:41,629 - game.simulation.components.abilities.weapons - DEBUG - check_firing_solution Arc FAIL: diff 5.710593137499643 > 0.0
2026-03-28 09:10:41,642 - game.simulation.components.abilities.weapons - DEBUG - check_firing_solution Arc FAIL: diff 5.710593137499643 > 0.0
2026-03-28 09:10:41,648 - game.simulation.components.abilities.weapons - DEBUG - check_firing_solution Arc FAIL: diff 5.710593137499643 > 0.0
2026-03-28 09:10:41,659 - game.simulation.components.abilities.weapons - DEBUG - check_firing_solution Arc FAIL: diff 5.710593137499643 > 0.0
2026-03-28 09:10:41,666 - game.simulation.components.abilities.weapons - DEBUG - check_firing_solution Arc FAIL: diff 5.710593137499643 > 0.0
2026-03-28 09:10:41,678 - game.simulation.components.abilities.weapons - DEBUG - check_firing_solution Arc FAIL: diff 5.710593137499643 > 0.0
2026-03-28 09:10:41,690 - game.simulation.components.abilities.weapons - DEBUG - check_firing_solution Arc FAIL: diff 5.710593137499643 > 0.0
2026-03-28 09:10:41,696 - game.simulation.components.abilities.weapons - DEBUG - check_firing_solution Arc FAIL: diff 5.710593137499643 > 0.0
2026-03-28 09:10:41,707 - game.simulation.components.abilities.weapons - DEBUG - check_firing_solution Arc FAIL: diff 5.710593137499643 > 0.0
2026-03-28 09:10:41,719 - game.simulation.components.abilities.weapons - DEBUG - check_firing_solution Arc FAIL: diff 5.710593137499643 > 0.0
2026-03-28 09:10:41,725 - game.simulation.components.abilities.weapons - DEBUG - check_firing_solution Arc FAIL: diff 5.710593137499643 > 0.0
2026-03-28 09:10:41,736 - game.simulation.components.abilities.weapons - DEBUG - check_firing_solution Arc FAIL: diff 5.710593137499643 > 0.0
2026-03-28 09:10:41,749 - game.simulation.components.abilities.weapons - DEBUG - check_firing_solution Arc FAIL: diff 5.710593137499643 > 0.0
2026-03-28 09:10:41,756 - game.simulation.components.abilities.weapons - DEBUG - check_firing_solution Arc FAIL: diff 5.710593137499643 > 0.0
2026-03-28 09:10:41,768 - game.simulation.components.abilities.weapons - DEBUG - check_firing_solution Arc FAIL: diff 5.710593137499643 > 0.0
2026-03-28 09:10:41,779 - game.simulation.components.abilities.weapons - DEBUG - check_firing_solution Arc FAIL: diff 5.710593137499643 > 0.0
2026-03-28 09:10:41,784 - game.simulation.components.abilities.weapons - DEBUG - check_firing_solution Arc FAIL: diff 5.710593137499643 > 0.0
2026-03-28 09:10:41,797 - game.simulation.components.abilities.weapons - DEBUG - check_firing_solution Arc FAIL: diff 5.710593137499643 > 0.0
2026-03-28 09:10:41,808 - game.simulation.components.abilities.weapons - DEBUG - check_firing_solution Arc FAIL: diff 5.710593137499643 > 0.0
2026-03-28 09:10:41,819 - game.simulation.components.abilities.weapons - DEBUG - check_firing_solution Arc FAIL: diff 5.710593137499643 > 0.0
2026-03-28 09:10:41,827 - game.simulation.components.abilities.weapons - DEBUG - check_firing_solution Arc FAIL: diff 5.710593137499643 > 0.0
2026-03-28 09:10:41,839 - game.simulation.components.abilities.weapons - DEBUG - check_firing_solution Arc FAIL: diff 5.710593137499643 > 0.0
2026-03-28 09:10:41,851 - game.simulation.components.abilities.weapons - DEBUG - check_firing_solution Arc FAIL: diff 5.710593137499643 > 0.0
2026-03-28 09:10:41,856 - game.simulation.components.abilities.weapons - DEBUG - check_firing_solution Arc FAIL: diff 5.710593137499643 > 0.0
2026-03-28 09:10:41,868 - game.simulation.components.abilities.weapons - DEBUG - check_firing_solution Arc FAIL: diff 5.710593137499643 > 0.0
2026-03-28 09:10:41,881 - game.simulation.components.abilities.weapons - DEBUG - check_firing_solution Arc FAIL: diff 5.710593137499643 > 0.0
2026-03-28 09:10:41,887 - game.simulation.components.abilities.weapons - DEBUG - check_firing_solution Arc FAIL: diff 5.710593137499643 > 0.0
2026-03-28 09:10:41,898 - game.simulation.components.abilities.weapons - DEBUG - check_firing_solution Arc FAIL: diff 5.710593137499643 > 0.0
2026-03-28 09:10:41,910 - game.simulation.components.abilities.weapons - DEBUG - check_firing_solution Arc FAIL: diff 5.710593137499643 > 0.0
2026-03-28 09:10:41,916 - game.simulation.components.abilities.weapons - DEBUG - check_firing_solution Arc FAIL: diff 5.710593137499643 > 0.0
2026-03-28 09:10:41,928 - game.simulation.components.abilities.weapons - DEBUG - check_firing_solution Arc FAIL: diff 5.710593137499643 > 0.0
2026-03-28 09:10:41,940 - game.simulation.components.abilities.weapons - DEBUG - check_firing_solution Arc FAIL: diff 5.710593137499643 > 0.0
2026-03-28 09:10:41,946 - game.simulation.components.abilities.weapons - DEBUG - check_firing_solution Arc FAIL: diff 5.710593137499643 > 0.0
2026-03-28 09:10:41,958 - game.simulation.components.abilities.weapons - DEBUG - check_firing_solution Arc FAIL: diff 5.710593137499643 > 0.0
2026-03-28 09:10:41,970 - game.simulation.components.abilities.weapons - DEBUG - check_firing_solution Arc FAIL: diff 5.710593137499643 > 0.0
2026-03-28 09:10:41,976 - game.simulation.components.abilities.weapons - DEBUG - check_firing_solution Arc FAIL: diff 5.710593137499643 > 0.0
2026-03-28 09:10:41,988 - game.simulation.components.abilities.weapons - DEBUG - check_firing_solution Arc FAIL: diff 5.710593137499643 > 0.0
2026-03-28 09:10:42,000 - game.simulation.components.abilities.weapons - DEBUG - check_firing_solution Arc FAIL: diff 5.710593137499643 > 0.0
2026-03-28 09:10:42,006 - game.simulation.components.abilities.weapons - DEBUG - check_firing_solution Arc FAIL: diff 5.710593137499643 > 0.0
2026-03-28 09:10:42,018 - game.simulation.components.abilities.weapons - DEBUG - check_firing_solution Arc FAIL: diff 5.710593137499643 > 0.0
2026-03-28 09:10:42,030 - game.simulation.components.abilities.weapons - DEBUG - check_firing_solution Arc FAIL: diff 5.710593137499643 > 0.0
2026-03-28 09:10:42,036 - game.simulation.components.abilities.weapons - DEBUG - check_firing_solution Arc FAIL: diff 5.710593137499643 > 0.0
2026-03-28 09:10:42,047 - game.simulation.components.abilities.weapons - DEBUG - check_firing_solution Arc FAIL: diff 5.710593137499643 > 0.0
2026-03-28 09:10:42,060 - game.simulation.components.abilities.weapons - DEBUG - check_firing_solution Arc FAIL: diff 5.710593137499643 > 0.0
2026-03-28 09:10:42,066 - game.simulation.components.abilities.weapons - DEBUG - check_firing_solution Arc FAIL: diff 5.710593137499643 > 0.0
2026-03-28 09:10:42,078 - game.simulation.components.abilities.weapons - DEBUG - check_firing_solution Arc FAIL: diff 5.710593137499643 > 0.0
2026-03-28 09:10:42,090 - game.simulation.components.abilities.weapons - DEBUG - check_firing_solution Arc FAIL: diff 5.710593137499643 > 0.0
2026-03-28 09:10:42,096 - game.simulation.components.abilities.weapons - DEBUG - check_firing_solution Arc FAIL: diff 5.710593137499643 > 0.0
2026-03-28 09:10:42,107 - game.simulation.components.abilities.weapons - DEBUG - check_firing_solution Arc FAIL: diff 5.710593137499643 > 0.0
2026-03-28 09:10:42,119 - game.simulation.components.abilities.weapons - DEBUG - check_firing_solution Arc FAIL: diff 5.710593137499643 > 0.0
2026-03-28 09:10:42,127 - game.simulation.components.abilities.weapons - DEBUG - check_firing_solution Arc FAIL: diff 5.710593137499643 > 0.0
2026-03-28 09:10:42,139 - game.simulation.components.abilities.weapons - DEBUG - check_firing_solution Arc FAIL: diff 5.710593137499643 > 0.0
2026-03-28 09:10:42,144 - game.simulation.components.abilities.weapons - DEBUG - check_firing_solution Arc FAIL: diff 5.710593137499643 > 0.0
2026-03-28 09:10:42,156 - game.simulation.components.abilities.weapons - DEBUG - check_firing_solution Arc FAIL: diff 5.710593137499643 > 0.0
2026-03-28 09:10:42,168 - game.simulation.components.abilities.weapons - DEBUG - check_firing_solution Arc FAIL: diff 5.710593137499643 > 0.0
2026-03-28 09:10:42,180 - game.simulation.components.abilities.weapons - DEBUG - check_firing_solution Arc FAIL: diff 5.710593137499643 > 0.0
2026-03-28 09:10:42,186 - game.simulation.components.abilities.weapons - DEBUG - check_firing_solution Arc FAIL: diff 5.710593137499643 > 0.0
2026-03-28 09:10:42,198 - game.simulation.components.abilities.weapons - DEBUG - check_firing_solution Arc FAIL: diff 5.710593137499643 > 0.0
2026-03-28 09:10:42,210 - game.simulation.components.abilities.weapons - DEBUG - check_firing_solution Arc FAIL: diff 5.710593137499643 > 0.0
2026-03-28 09:10:42,216 - game.simulation.components.abilities.weapons - DEBUG - check_firing_solution Arc FAIL: diff 5.710593137499643 > 0.0
2026-03-28 09:10:42,228 - game.simulation.components.abilities.weapons - DEBUG - check_firing_solution Arc FAIL: diff 5.710593137499643 > 0.0
2026-03-28 09:10:42,240 - game.simulation.components.abilities.weapons - DEBUG - check_firing_solution Arc FAIL: diff 5.710593137499643 > 0.0
2026-03-28 09:10:42,246 - game.simulation.components.abilities.weapons - DEBUG - check_firing_solution Arc FAIL: diff 5.710593137499643 > 0.0
2026-03-28 09:10:42,258 - game.simulation.components.abilities.weapons - DEBUG - check_firing_solution Arc FAIL: diff 5.710593137499643 > 0.0
2026-03-28 09:10:42,271 - game.simulation.components.abilities.weapons - DEBUG - check_firing_solution Arc FAIL: diff 5.710593137499643 > 0.0
2026-03-28 09:10:42,277 - game.simulation.components.abilities.weapons - DEBUG - check_firing_solution Arc FAIL: diff 5.710593137499643 > 0.0
2026-03-28 09:10:42,289 - game.simulation.components.abilities.weapons - DEBUG - check_firing_solution Arc FAIL: diff 5.710593137499643 > 0.0
2026-03-28 09:10:42,295 - game.simulation.components.abilities.weapons - DEBUG - check_firing_solution Arc FAIL: diff 5.710593137499643 > 0.0
2026-03-28 09:10:42,307 - game.simulation.components.abilities.weapons - DEBUG - check_firing_solution Arc FAIL: diff 5.710593137499643 > 0.0
2026-03-28 09:10:42,318 - game.simulation.components.abilities.weapons - DEBUG - check_firing_solution Arc FAIL: diff 5.710593137499643 > 0.0
2026-03-28 09:10:42,330 - game.simulation.components.abilities.weapons - DEBUG - check_firing_solution Arc FAIL: diff 5.710593137499643 > 0.0
2026-03-28 09:10:42,336 - game.simulation.components.abilities.weapons - DEBUG - check_firing_solution Arc FAIL: diff 5.710593137499643 > 0.0
2026-03-28 09:10:42,348 - game.simulation.components.abilities.weapons - DEBUG - check_firing_solution Arc FAIL: diff 5.710593137499643 > 0.0
2026-03-28 09:10:42,361 - game.simulation.components.abilities.weapons - DEBUG - check_firing_solution Arc FAIL: diff 5.710593137499643 > 0.0
2026-03-28 09:10:42,366 - game.simulation.components.abilities.weapons - DEBUG - check_firing_solution Arc FAIL: diff 5.710593137499643 > 0.0
2026-03-28 09:10:42,379 - game.simulation.components.abilities.weapons - DEBUG - check_firing_solution Arc FAIL: diff 5.710593137499643 > 0.0
2026-03-28 09:10:42,390 - game.simulation.components.abilities.weapons - DEBUG - check_firing_solution Arc FAIL: diff 5.710593137499643 > 0.0
2026-03-28 09:10:42,396 - game.simulation.components.abilities.weapons - DEBUG - check_firing_solution Arc FAIL: diff 5.710593137499643 > 0.0
2026-03-28 09:10:42,408 - game.simulation.components.abilities.weapons - DEBUG - check_firing_solution Arc FAIL: diff 5.710593137499643 > 0.0
2026-03-28 09:10:42,419 - game.simulation.components.abilities.weapons - DEBUG - check_firing_solution Arc FAIL: diff 5.710593137499643 > 0.0
2026-03-28 09:10:42,426 - game.simulation.components.abilities.weapons - DEBUG - check_firing_solution Arc FAIL: diff 5.710593137499643 > 0.0
2026-03-28 09:10:42,438 - game.simulation.components.abilities.weapons - DEBUG - check_firing_solution Arc FAIL: diff 5.710593137499643 > 0.0
2026-03-28 09:10:42,450 - game.simulation.components.abilities.weapons - DEBUG - check_firing_solution Arc FAIL: diff 5.710593137499643 > 0.0
2026-03-28 09:10:42,456 - game.simulation.components.abilities.weapons - DEBUG - check_firing_solution Arc FAIL: diff 5.710593137499643 > 0.0
2026-03-28 09:10:42,468 - game.simulation.components.abilities.weapons - DEBUG - check_firing_solution Arc FAIL: diff 5.710593137499643 > 0.0
2026-03-28 09:10:42,479 - game.simulation.components.abilities.weapons - DEBUG - check_firing_solution Arc FAIL: diff 5.710593137499643 > 0.0
2026-03-28 09:10:42,485 - game.simulation.components.abilities.weapons - DEBUG - check_firing_solution Arc FAIL: diff 5.710593137499643 > 0.0
2026-03-28 09:10:42,497 - game.simulation.components.abilities.weapons - DEBUG - check_firing_solution Arc FAIL: diff 5.710593137499643 > 0.0
2026-03-28 09:10:42,510 - game.simulation.components.abilities.weapons - DEBUG - check_firing_solution Arc FAIL: diff 5.710593137499643 > 0.0
2026-03-28 09:10:42,516 - game.simulation.components.abilities.weapons - DEBUG - check_firing_solution Arc FAIL: diff 5.710593137499643 > 0.0
2026-03-28 09:10:42,527 - game.simulation.components.abilities.weapons - DEBUG - check_firing_solution Arc FAIL: diff 5.710593137499643 > 0.0
2026-03-28 09:10:42,539 - game.simulation.components.abilities.weapons - DEBUG - check_firing_solution Arc FAIL: diff 5.710593137499643 > 0.0
2026-03-28 09:10:42,544 - game.simulation.components.abilities.weapons - DEBUG - check_firing_solution Arc FAIL: diff 5.710593137499643 > 0.0
2026-03-28 09:10:42,557 - game.simulation.components.abilities.weapons - DEBUG - check_firing_solution Arc FAIL: diff 5.710593137499643 > 0.0
2026-03-28 09:10:42,568 - game.simulation.components.abilities.weapons - DEBUG - check_firing_solution Arc FAIL: diff 5.710593137499643 > 0.0
2026-03-28 09:10:42,581 - game.simulation.components.abilities.weapons - DEBUG - check_firing_solution Arc FAIL: diff 5.710593137499643 > 0.0
2026-03-28 09:10:42,586 - game.simulation.components.abilities.weapons - DEBUG - check_firing_solution Arc FAIL: diff 5.710593137499643 > 0.0
2026-03-28 09:10:42,598 - game.simulation.components.abilities.weapons - DEBUG - check_firing_solution Arc FAIL: diff 5.710593137499643 > 0.0
2026-03-28 09:10:42,610 - game.simulation.components.abilities.weapons - DEBUG - check_firing_solution Arc FAIL: diff 5.710593137499643 > 0.0
2026-03-28 09:10:42,618 - game.simulation.components.abilities.weapons - DEBUG - check_firing_solution Arc FAIL: diff 5.710593137499643 > 0.0
2026-03-28 09:10:42,630 - game.simulation.components.abilities.weapons - DEBUG - check_firing_solution Arc FAIL: diff 5.710593137499643 > 0.0
2026-03-28 09:10:42,637 - game.simulation.components.abilities.weapons - DEBUG - check_firing_solution Arc FAIL: diff 5.710593137499643 > 0.0
2026-03-28 09:10:42,650 - game.simulation.components.abilities.weapons - DEBUG - check_firing_solution Arc FAIL: diff 5.710593137499643 > 0.0
2026-03-28 09:10:42,656 - game.simulation.components.abilities.weapons - DEBUG - check_firing_solution Arc FAIL: diff 5.710593137499643 > 0.0
2026-03-28 09:10:42,667 - game.simulation.components.abilities.weapons - DEBUG - check_firing_solution Arc FAIL: diff 5.710593137499643 > 0.0
2026-03-28 09:10:42,681 - game.simulation.components.abilities.weapons - DEBUG - check_firing_solution Arc FAIL: diff 5.710593137499643 > 0.0
2026-03-28 09:10:42,687 - game.simulation.components.abilities.weapons - DEBUG - check_firing_solution Arc FAIL: diff 5.710593137499643 > 0.0
2026-03-28 09:10:42,700 - game.simulation.components.abilities.weapons - DEBUG - check_firing_solution Arc FAIL: diff 5.710593137499643 > 0.0
2026-03-28 09:10:42,706 - game.simulation.components.abilities.weapons - DEBUG - check_firing_solution Arc FAIL: diff 5.710593137499643 > 0.0
2026-03-28 09:10:42,718 - game.simulation.components.abilities.weapons - DEBUG - check_firing_solution Arc FAIL: diff 5.710593137499643 > 0.0
2026-03-28 09:10:42,730 - game.simulation.components.abilities.weapons - DEBUG - check_firing_solution Arc FAIL: diff 5.710593137499643 > 0.0
2026-03-28 09:10:42,735 - game.simulation.components.abilities.weapons - DEBUG - check_firing_solution Arc FAIL: diff 5.710593137499643 > 0.0
2026-03-28 09:10:42,747 - game.simulation.components.abilities.weapons - DEBUG - check_firing_solution Arc FAIL: diff 5.710593137499643 > 0.0
2026-03-28 09:10:42,760 - game.simulation.components.abilities.weapons - DEBUG - check_firing_solution Arc FAIL: diff 5.710593137499643 > 0.0
2026-03-28 09:10:42,767 - game.simulation.components.abilities.weapons - DEBUG - check_firing_solution Arc FAIL: diff 5.710593137499643 > 0.0
2026-03-28 09:10:42,778 - game.simulation.components.abilities.weapons - DEBUG - check_firing_solution Arc FAIL: diff 5.710593137499643 > 0.0
2026-03-28 09:10:42,790 - game.simulation.components.abilities.weapons - DEBUG - check_firing_solution Arc FAIL: diff 5.710593137499643 > 0.0
2026-03-28 09:10:42,795 - game.simulation.components.abilities.weapons - DEBUG - check_firing_solution Arc FAIL: diff 5.710593137499643 > 0.0
2026-03-28 09:10:42,807 - game.simulation.components.abilities.weapons - DEBUG - check_firing_solution Arc FAIL: diff 5.710593137499643 > 0.0
2026-03-28 09:10:42,820 - game.simulation.components.abilities.weapons - DEBUG - check_firing_solution Arc FAIL: diff 5.710593137499643 > 0.0
2026-03-28 09:10:42,826 - game.simulation.components.abilities.weapons - DEBUG - check_firing_solution Arc FAIL: diff 5.710593137499643 > 0.0
2026-03-28 09:10:42,837 - game.simulation.components.abilities.weapons - DEBUG - check_firing_solution Arc FAIL: diff 5.710593137499643 > 0.0
2026-03-28 09:10:42,850 - game.simulation.components.abilities.weapons - DEBUG - check_firing_solution Arc FAIL: diff 5.710593137499643 > 0.0
2026-03-28 09:10:42,856 - game.simulation.components.abilities.weapons - DEBUG - check_firing_solution Arc FAIL: diff 5.710593137499643 > 0.0
2026-03-28 09:10:42,868 - game.simulation.components.abilities.weapons - DEBUG - check_firing_solution Arc FAIL: diff 5.710593137499643 > 0.0
2026-03-28 09:10:42,880 - game.simulation.components.abilities.weapons - DEBUG - check_firing_solution Arc FAIL: diff 5.710593137499643 > 0.0
2026-03-28 09:10:42,886 - game.simulation.components.abilities.weapons - DEBUG - check_firing_solution Arc FAIL: diff 5.710593137499643 > 0.0
2026-03-28 09:10:42,898 - game.simulation.components.abilities.weapons - DEBUG - check_firing_solution Arc FAIL: diff 5.710593137499643 > 0.0
2026-03-28 09:10:42,910 - game.simulation.components.abilities.weapons - DEBUG - check_firing_solution Arc FAIL: diff 5.710593137499643 > 0.0
2026-03-28 09:10:42,916 - game.simulation.components.abilities.weapons - DEBUG - check_firing_solution Arc FAIL: diff 5.710593137499643 > 0.0
2026-03-28 09:10:42,929 - game.simulation.components.abilities.weapons - DEBUG - check_firing_solution Arc FAIL: diff 5.710593137499643 > 0.0
2026-03-28 09:10:42,940 - game.simulation.components.abilities.weapons - DEBUG - check_firing_solution Arc FAIL: diff 5.710593137499643 > 0.0
2026-03-28 09:10:42,946 - game.simulation.components.abilities.weapons - DEBUG - check_firing_solution Arc FAIL: diff 5.710593137499643 > 0.0
2026-03-28 09:10:42,957 - game.simulation.components.abilities.weapons - DEBUG - check_firing_solution Arc FAIL: diff 5.710593137499643 > 0.0
2026-03-28 09:10:42,969 - game.simulation.components.abilities.weapons - DEBUG - check_firing_solution Arc FAIL: diff 5.710593137499643 > 0.0
2026-03-28 09:10:42,976 - game.simulation.components.abilities.weapons - DEBUG - check_firing_solution Arc FAIL: diff 5.710593137499643 > 0.0
2026-03-28 09:10:42,988 - game.simulation.components.abilities.weapons - DEBUG - check_firing_solution Arc FAIL: diff 5.710593137499643 > 0.0
2026-03-28 09:10:42,999 - game.simulation.components.abilities.weapons - DEBUG - check_firing_solution Arc FAIL: diff 5.710593137499643 > 0.0
2026-03-28 09:10:43,006 - game.simulation.components.abilities.weapons - DEBUG - check_firing_solution Arc FAIL: diff 5.710593137499643 > 0.0
2026-03-28 09:10:43,018 - game.simulation.components.abilities.weapons - DEBUG - check_firing_solution Arc FAIL: diff 5.710593137499643 > 0.0
2026-03-28 09:10:43,029 - game.simulation.components.abilities.weapons - DEBUG - check_firing_solution Arc FAIL: diff 5.710593137499643 > 0.0
2026-03-28 09:10:43,035 - game.simulation.components.abilities.weapons - DEBUG - check_firing_solution Arc FAIL: diff 5.710593137499643 > 0.0
2026-03-28 09:10:43,047 - game.simulation.components.abilities.weapons - DEBUG - check_firing_solution Arc FAIL: diff 5.710593137499643 > 0.0
2026-03-28 09:10:43,059 - game.simulation.components.abilities.weapons - DEBUG - check_firing_solution Arc FAIL: diff 5.710593137499643 > 0.0
2026-03-28 09:10:43,071 - game.simulation.components.abilities.weapons - DEBUG - check_firing_solution Arc FAIL: diff 5.710593137499643 > 0.0
2026-03-28 09:10:43,077 - game.simulation.components.abilities.weapons - DEBUG - check_firing_solution Arc FAIL: diff 5.710593137499643 > 0.0
2026-03-28 09:10:43,089 - game.simulation.components.abilities.weapons - DEBUG - check_firing_solution Arc FAIL: diff 5.710593137499643 > 0.0
2026-03-28 09:10:43,094 - game.simulation.components.abilities.weapons - DEBUG - check_firing_solution Arc FAIL: diff 5.710593137499643 > 0.0
2026-03-28 09:10:43,106 - game.simulation.components.abilities.weapons - DEBUG - check_firing_solution Arc FAIL: diff 5.710593137499643 > 0.0
2026-03-28 09:10:43,118 - game.simulation.components.abilities.weapons - DEBUG - check_firing_solution Arc FAIL: diff 5.710593137499643 > 0.0
2026-03-28 09:10:43,131 - game.simulation.components.abilities.weapons - DEBUG - check_firing_solution Arc FAIL: diff 5.710593137499643 > 0.0
2026-03-28 09:10:43,137 - game.simulation.components.abilities.weapons - DEBUG - check_firing_solution Arc FAIL: diff 5.710593137499643 > 0.0
2026-03-28 09:10:43,148 - game.simulation.components.abilities.weapons - DEBUG - check_firing_solution Arc FAIL: diff 5.710593137499643 > 0.0
2026-03-28 09:10:43,160 - game.simulation.components.abilities.weapons - DEBUG - check_firing_solution Arc FAIL: diff 5.710593137499643 > 0.0
2026-03-28 09:10:43,166 - game.simulation.components.abilities.weapons - DEBUG - check_firing_solution Arc FAIL: diff 5.710593137499643 > 0.0
2026-03-28 09:10:43,179 - game.simulation.components.abilities.weapons - DEBUG - check_firing_solution Arc FAIL: diff 5.710593137499643 > 0.0
2026-03-28 09:10:43,190 - game.simulation.components.abilities.weapons - DEBUG - check_firing_solution Arc FAIL: diff 5.710593137499643 > 0.0
2026-03-28 09:10:43,196 - game.simulation.components.abilities.weapons - DEBUG - check_firing_solution Arc FAIL: diff 5.710593137499643 > 0.0
2026-03-28 09:10:43,208 - game.simulation.components.abilities.weapons - DEBUG - check_firing_solution Arc FAIL: diff 5.710593137499643 > 0.0
2026-03-28 09:10:43,219 - game.simulation.components.abilities.weapons - DEBUG - check_firing_solution Arc FAIL: diff 5.710593137499643 > 0.0
2026-03-28 09:10:43,226 - game.simulation.components.abilities.weapons - DEBUG - check_firing_solution Arc FAIL: diff 5.710593137499643 > 0.0
2026-03-28 09:10:43,237 - game.simulation.components.abilities.weapons - DEBUG - check_firing_solution Arc FAIL: diff 5.710593137499643 > 0.0
2026-03-28 09:10:43,250 - game.simulation.components.abilities.weapons - DEBUG - check_firing_solution Arc FAIL: diff 5.710593137499643 > 0.0
2026-03-28 09:10:43,256 - game.simulation.components.abilities.weapons - DEBUG - check_firing_solution Arc FAIL: diff 5.710593137499643 > 0.0
2026-03-28 09:10:43,266 - game.simulation.components.abilities.weapons - DEBUG - check_firing_solution Arc FAIL: diff 5.710593137499643 > 0.0
2026-03-28 09:10:43,279 - game.simulation.components.abilities.weapons - DEBUG - check_firing_solution Arc FAIL: diff 5.710593137499643 > 0.0
2026-03-28 09:10:43,284 - game.simulation.components.abilities.weapons - DEBUG - check_firing_solution Arc FAIL: diff 5.710593137499643 > 0.0
2026-03-28 09:10:43,296 - game.simulation.components.abilities.weapons - DEBUG - check_firing_solution Arc FAIL: diff 5.710593137499643 > 0.0
2026-03-28 09:10:43,309 - game.simulation.components.abilities.weapons - DEBUG - check_firing_solution Arc FAIL: diff 5.710593137499643 > 0.0
2026-03-28 09:10:43,314 - game.simulation.components.abilities.weapons - DEBUG - check_firing_solution Arc FAIL: diff 5.710593137499643 > 0.0
2026-03-28 09:10:43,327 - game.simulation.components.abilities.weapons - DEBUG - check_firing_solution Arc FAIL: diff 5.710593137499643 > 0.0
2026-03-28 09:10:43,339 - game.simulation.components.abilities.weapons - DEBUG - check_firing_solution Arc FAIL: diff 5.710593137499643 > 0.0
2026-03-28 09:10:43,346 - game.simulation.components.abilities.weapons - DEBUG - check_firing_solution Arc FAIL: diff 5.710593137499643 > 0.0
2026-03-28 09:10:43,356 - game.simulation.components.abilities.weapons - DEBUG - check_firing_solution Arc FAIL: diff 5.710593137499643 > 0.0
2026-03-28 09:10:43,368 - game.simulation.components.abilities.weapons - DEBUG - check_firing_solution Arc FAIL: diff 5.710593137499643 > 0.0
2026-03-28 09:10:43,380 - game.simulation.components.abilities.weapons - DEBUG - check_firing_solution Arc FAIL: diff 5.710593137499643 > 0.0
2026-03-28 09:10:43,387 - game.simulation.components.abilities.weapons - DEBUG - check_firing_solution Arc FAIL: diff 5.710593137499643 > 0.0
2026-03-28 09:10:43,398 - game.simulation.components.abilities.weapons - DEBUG - check_firing_solution Arc FAIL: diff 5.710593137499643 > 0.0
2026-03-28 09:10:43,410 - game.simulation.components.abilities.weapons - DEBUG - check_firing_solution Arc FAIL: diff 5.710593137499643 > 0.0
2026-03-28 09:10:43,417 - game.simulation.components.abilities.weapons - DEBUG - check_firing_solution Arc FAIL: diff 5.710593137499643 > 0.0
2026-03-28 09:10:43,429 - game.simulation.components.abilities.weapons - DEBUG - check_firing_solution Arc FAIL: diff 5.710593137499643 > 0.0
2026-03-28 09:10:43,440 - game.simulation.components.abilities.weapons - DEBUG - check_firing_solution Arc FAIL: diff 5.710593137499643 > 0.0
2026-03-28 09:10:43,446 - game.simulation.components.abilities.weapons - DEBUG - check_firing_solution Arc FAIL: diff 5.710593137499643 > 0.0
2026-03-28 09:10:43,458 - game.simulation.components.abilities.weapons - DEBUG - check_firing_solution Arc FAIL: diff 5.710593137499643 > 0.0
2026-03-28 09:10:43,470 - game.simulation.components.abilities.weapons - DEBUG - check_firing_solution Arc FAIL: diff 5.710593137499643 > 0.0
2026-03-28 09:10:43,476 - game.simulation.components.abilities.weapons - DEBUG - check_firing_solution Arc FAIL: diff 5.710593137499643 > 0.0
2026-03-28 09:10:43,488 - game.simulation.components.abilities.weapons - DEBUG - check_firing_solution Arc FAIL: diff 5.710593137499643 > 0.0
2026-03-28 09:10:43,499 - game.simulation.components.abilities.weapons - DEBUG - check_firing_solution Arc FAIL: diff 5.710593137499643 > 0.0
2026-03-28 09:10:43,505 - game.simulation.components.abilities.weapons - DEBUG - check_firing_solution Arc FAIL: diff 5.710593137499643 > 0.0
2026-03-28 09:10:43,517 - game.simulation.components.abilities.weapons - DEBUG - check_firing_solution Arc FAIL: diff 5.710593137499643 > 0.0
2026-03-28 09:10:43,528 - game.simulation.components.abilities.weapons - DEBUG - check_firing_solution Arc FAIL: diff 5.710593137499643 > 0.0
2026-03-28 09:10:43,534 - game.simulation.components.abilities.weapons - DEBUG - check_firing_solution Arc FAIL: diff 5.710593137499643 > 0.0
2026-03-28 09:10:43,547 - game.simulation.components.abilities.weapons - DEBUG - check_firing_solution Arc FAIL: diff 5.710593137499643 > 0.0
2026-03-28 09:10:43,558 - game.simulation.components.abilities.weapons - DEBUG - check_firing_solution Arc FAIL: diff 5.710593137499643 > 0.0
2026-03-28 09:10:43,570 - game.simulation.components.abilities.weapons - DEBUG - check_firing_solution Arc FAIL: diff 5.710593137499643 > 0.0
2026-03-28 09:10:43,577 - game.simulation.components.abilities.weapons - DEBUG - check_firing_solution Arc FAIL: diff 5.710593137499643 > 0.0
2026-03-28 09:10:43,589 - game.simulation.components.abilities.weapons - DEBUG - check_firing_solution Arc FAIL: diff 5.710593137499643 > 0.0
2026-03-28 09:10:43,594 - game.simulation.components.abilities.weapons - DEBUG - check_firing_solution Arc FAIL: diff 5.710593137499643 > 0.0
2026-03-28 09:10:43,607 - game.simulation.components.abilities.weapons - DEBUG - check_firing_solution Arc FAIL: diff 5.710593137499643 > 0.0
2026-03-28 09:10:43,618 - game.simulation.components.abilities.weapons - DEBUG - check_firing_solution Arc FAIL: diff 5.710593137499643 > 0.0
2026-03-28 09:10:43,631 - game.simulation.components.abilities.weapons - DEBUG - check_firing_solution Arc FAIL: diff 5.710593137499643 > 0.0
2026-03-28 09:10:43,638 - game.simulation.components.abilities.weapons - DEBUG - check_firing_solution Arc FAIL: diff 5.710593137499643 > 0.0
2026-03-28 09:10:43,651 - game.simulation.components.abilities.weapons - DEBUG - check_firing_solution Arc FAIL: diff 5.710593137499643 > 0.0
2026-03-28 09:10:43,657 - game.simulation.components.abilities.weapons - DEBUG - check_firing_solution Arc FAIL: diff 5.710593137499643 > 0.0
2026-03-28 09:10:43,668 - game.simulation.components.abilities.weapons - DEBUG - check_firing_solution Arc FAIL: diff 5.710593137499643 > 0.0
2026-03-28 09:10:43,680 - game.simulation.components.abilities.weapons - DEBUG - check_firing_solution Arc FAIL: diff 5.710593137499643 > 0.0
2026-03-28 09:10:43,685 - game.simulation.components.abilities.weapons - DEBUG - check_firing_solution Arc FAIL: diff 5.710593137499643 > 0.0
2026-03-28 09:10:43,698 - game.simulation.components.abilities.weapons - DEBUG - check_firing_solution Arc FAIL: diff 5.710593137499643 > 0.0
2026-03-28 09:10:43,710 - game.simulation.components.abilities.weapons - DEBUG - check_firing_solution Arc FAIL: diff 5.710593137499643 > 0.0
2026-03-28 09:10:43,717 - game.simulation.components.abilities.weapons - DEBUG - check_firing_solution Arc FAIL: diff 5.710593137499643 > 0.0
2026-03-28 09:10:43,729 - game.simulation.components.abilities.weapons - DEBUG - check_firing_solution Arc FAIL: diff 5.710593137499643 > 0.0
2026-03-28 09:10:43,740 - game.simulation.components.abilities.weapons - DEBUG - check_firing_solution Arc FAIL: diff 5.710593137499643 > 0.0
2026-03-28 09:10:43,746 - game.simulation.components.abilities.weapons - DEBUG - check_firing_solution Arc FAIL: diff 5.710593137499643 > 0.0
2026-03-28 09:10:43,758 - game.simulation.components.abilities.weapons - DEBUG - check_firing_solution Arc FAIL: diff 5.710593137499643 > 0.0
2026-03-28 09:10:43,769 - game.simulation.components.abilities.weapons - DEBUG - check_firing_solution Arc FAIL: diff 5.710593137499643 > 0.0
2026-03-28 09:10:43,776 - game.simulation.components.abilities.weapons - DEBUG - check_firing_solution Arc FAIL: diff 5.710593137499643 > 0.0
2026-03-28 09:10:43,787 - game.simulation.components.abilities.weapons - DEBUG - check_firing_solution Arc FAIL: diff 5.710593137499643 > 0.0
2026-03-28 09:10:43,800 - game.simulation.components.abilities.weapons - DEBUG - check_firing_solution Arc FAIL: diff 5.710593137499643 > 0.0
2026-03-28 09:10:43,807 - game.simulation.components.abilities.weapons - DEBUG - check_firing_solution Arc FAIL: diff 5.710593137499643 > 0.0
2026-03-28 09:10:43,818 - game.simulation.components.abilities.weapons - DEBUG - check_firing_solution Arc FAIL: diff 5.710593137499643 > 0.0
2026-03-28 09:10:43,830 - game.simulation.components.abilities.weapons - DEBUG - check_firing_solution Arc FAIL: diff 5.710593137499643 > 0.0
2026-03-28 09:10:43,836 - game.simulation.components.abilities.weapons - DEBUG - check_firing_solution Arc FAIL: diff 5.710593137499643 > 0.0
2026-03-28 09:10:43,848 - game.simulation.components.abilities.weapons - DEBUG - check_firing_solution Arc FAIL: diff 5.710593137499643 > 0.0
2026-03-28 09:10:43,859 - game.simulation.components.abilities.weapons - DEBUG - check_firing_solution Arc FAIL: diff 5.710593137499643 > 0.0
2026-03-28 09:10:43,866 - game.simulation.components.abilities.weapons - DEBUG - check_firing_solution Arc FAIL: diff 5.710593137499643 > 0.0
2026-03-28 09:10:43,877 - game.simulation.components.abilities.weapons - DEBUG - check_firing_solution Arc FAIL: diff 5.710593137499643 > 0.0
2026-03-28 09:10:43,889 - game.simulation.components.abilities.weapons - DEBUG - check_firing_solution Arc FAIL: diff 5.710593137499643 > 0.0
2026-03-28 09:10:43,895 - game.simulation.components.abilities.weapons - DEBUG - check_firing_solution Arc FAIL: diff 5.710593137499643 > 0.0
2026-03-28 09:10:43,907 - game.simulation.components.abilities.weapons - DEBUG - check_firing_solution Arc FAIL: diff 5.710593137499643 > 0.0
2026-03-28 09:10:43,918 - game.simulation.components.abilities.weapons - DEBUG - check_firing_solution Arc FAIL: diff 5.710593137499643 > 0.0
2026-03-28 09:10:43,930 - game.simulation.components.abilities.weapons - DEBUG - check_firing_solution Arc FAIL: diff 5.710593137499643 > 0.0
2026-03-28 09:10:43,937 - game.simulation.components.abilities.weapons - DEBUG - check_firing_solution Arc FAIL: diff 5.710593137499643 > 0.0
2026-03-28 09:10:43,948 - game.simulation.components.abilities.weapons - DEBUG - check_firing_solution Arc FAIL: diff 5.710593137499643 > 0.0
2026-03-28 09:10:43,960 - game.simulation.components.abilities.weapons - DEBUG - check_firing_solution Arc FAIL: diff 5.710593137499643 > 0.0
2026-03-28 09:10:43,967 - game.simulation.components.abilities.weapons - DEBUG - check_firing_solution Arc FAIL: diff 5.710593137499643 > 0.0
2026-03-28 09:10:43,979 - game.simulation.components.abilities.weapons - DEBUG - check_firing_solution Arc FAIL: diff 5.710593137499643 > 0.0
2026-03-28 09:10:43,990 - game.simulation.components.abilities.weapons - DEBUG - check_firing_solution Arc FAIL: diff 5.710593137499643 > 0.0
2026-03-28 09:10:43,996 - game.simulation.components.abilities.weapons - DEBUG - check_firing_solution Arc FAIL: diff 5.710593137499643 > 0.0
2026-03-28 09:10:44,008 - game.simulation.components.abilities.weapons - DEBUG - check_firing_solution Arc FAIL: diff 5.710593137499643 > 0.0
2026-03-28 09:10:44,020 - game.simulation.components.abilities.weapons - DEBUG - check_firing_solution Arc FAIL: diff 5.710593137499643 > 0.0
2026-03-28 09:10:44,027 - game.simulation.components.abilities.weapons - DEBUG - check_firing_solution Arc FAIL: diff 5.710593137499643 > 0.0
2026-03-28 09:10:44,039 - game.simulation.components.abilities.weapons - DEBUG - check_firing_solution Arc FAIL: diff 5.710593137499643 > 0.0
2026-03-28 09:10:44,044 - game.simulation.components.abilities.weapons - DEBUG - check_firing_solution Arc FAIL: diff 5.710593137499643 > 0.0
2026-03-28 09:10:44,057 - game.simulation.components.abilities.weapons - DEBUG - check_firing_solution Arc FAIL: diff 5.710593137499643 > 0.0
2026-03-28 09:10:44,069 - game.simulation.components.abilities.weapons - DEBUG - check_firing_solution Arc FAIL: diff 5.710593137499643 > 0.0
2026-03-28 09:10:44,075 - game.simulation.components.abilities.weapons - DEBUG - check_firing_solution Arc FAIL: diff 5.710593137499643 > 0.0
2026-03-28 09:10:44,087 - game.simulation.components.abilities.weapons - DEBUG - check_firing_solution Arc FAIL: diff 5.710593137499643 > 0.0
2026-03-28 09:10:44,100 - game.simulation.components.abilities.weapons - DEBUG - check_firing_solution Arc FAIL: diff 5.710593137499643 > 0.0
2026-03-28 09:10:44,106 - game.simulation.components.abilities.weapons - DEBUG - check_firing_solution Arc FAIL: diff 5.710593137499643 > 0.0
2026-03-28 09:10:44,118 - game.simulation.components.abilities.weapons - DEBUG - check_firing_solution Arc FAIL: diff 5.710593137499643 > 0.0
2026-03-28 09:10:44,129 - game.simulation.components.abilities.weapons - DEBUG - check_firing_solution Arc FAIL: diff 5.710593137499643 > 0.0
2026-03-28 09:10:44,135 - game.simulation.components.abilities.weapons - DEBUG - check_firing_solution Arc FAIL: diff 5.710593137499643 > 0.0
2026-03-28 09:10:44,147 - game.simulation.components.abilities.weapons - DEBUG - check_firing_solution Arc FAIL: diff 5.710593137499643 > 0.0
2026-03-28 09:10:44,158 - game.simulation.components.abilities.weapons - DEBUG - check_firing_solution Arc FAIL: diff 5.710593137499643 > 0.0
2026-03-28 09:10:44,170 - game.simulation.components.abilities.weapons - DEBUG - check_firing_solution Arc FAIL: diff 5.710593137499643 > 0.0
2026-03-28 09:10:44,177 - game.simulation.components.abilities.weapons - DEBUG - check_firing_solution Arc FAIL: diff 5.710593137499643 > 0.0
2026-03-28 09:10:44,189 - game.simulation.components.abilities.weapons - DEBUG - check_firing_solution Arc FAIL: diff 5.710593137499643 > 0.0
2026-03-28 09:10:44,195 - game.simulation.components.abilities.weapons - DEBUG - check_firing_solution Arc FAIL: diff 5.710593137499643 > 0.0
2026-03-28 09:10:44,207 - game.simulation.components.abilities.weapons - DEBUG - check_firing_solution Arc FAIL: diff 5.710593137499643 > 0.0
2026-03-28 09:10:44,218 - game.simulation.components.abilities.weapons - DEBUG - check_firing_solution Arc FAIL: diff 5.710593137499643 > 0.0
2026-03-28 09:10:44,230 - game.simulation.components.abilities.weapons - DEBUG - check_firing_solution Arc FAIL: diff 5.710593137499643 > 0.0
2026-03-28 09:10:44,237 - game.simulation.components.abilities.weapons - DEBUG - check_firing_solution Arc FAIL: diff 5.710593137499643 > 0.0
2026-03-28 09:10:44,248 - game.simulation.components.abilities.weapons - DEBUG - check_firing_solution Arc FAIL: diff 5.710593137499643 > 0.0
2026-03-28 09:10:44,260 - game.simulation.components.abilities.weapons - DEBUG - check_firing_solution Arc FAIL: diff 5.710593137499643 > 0.0
2026-03-28 09:10:44,267 - game.simulation.components.abilities.weapons - DEBUG - check_firing_solution Arc FAIL: diff 5.710593137499643 > 0.0
2026-03-28 09:10:44,278 - game.simulation.components.abilities.weapons - DEBUG - check_firing_solution Arc FAIL: diff 5.710593137499643 > 0.0
2026-03-28 09:10:44,290 - game.simulation.components.abilities.weapons - DEBUG - check_firing_solution Arc FAIL: diff 5.710593137499643 > 0.0
2026-03-28 09:10:44,296 - game.simulation.components.abilities.weapons - DEBUG - check_firing_solution Arc FAIL: diff 5.710593137499643 > 0.0
2026-03-28 09:10:44,308 - game.simulation.components.abilities.weapons - DEBUG - check_firing_solution Arc FAIL: diff 5.710593137499643 > 0.0
2026-03-28 09:10:44,319 - game.simulation.components.abilities.weapons - DEBUG - check_firing_solution Arc FAIL: diff 5.710593137499643 > 0.0
2026-03-28 09:10:44,326 - game.simulation.components.abilities.weapons - DEBUG - check_firing_solution Arc FAIL: diff 5.710593137499643 > 0.0
2026-03-28 09:10:44,338 - game.simulation.components.abilities.weapons - DEBUG - check_firing_solution Arc FAIL: diff 5.710593137499643 > 0.0
2026-03-28 09:10:44,350 - game.simulation.components.abilities.weapons - DEBUG - check_firing_solution Arc FAIL: diff 5.710593137499643 > 0.0
2026-03-28 09:10:44,356 - game.simulation.components.abilities.weapons - DEBUG - check_firing_solution Arc FAIL: diff 5.710593137499643 > 0.0
2026-03-28 09:10:44,368 - game.simulation.components.abilities.weapons - DEBUG - check_firing_solution Arc FAIL: diff 5.710593137499643 > 0.0
2026-03-28 09:10:44,380 - game.simulation.components.abilities.weapons - DEBUG - check_firing_solution Arc FAIL: diff 5.710593137499643 > 0.0
2026-03-28 09:10:44,387 - game.simulation.components.abilities.weapons - DEBUG - check_firing_solution Arc FAIL: diff 5.710593137499643 > 0.0
2026-03-28 09:10:44,398 - game.simulation.components.abilities.weapons - DEBUG - check_firing_solution Arc FAIL: diff 5.710593137499643 > 0.0
2026-03-28 09:10:44,410 - game.simulation.components.abilities.weapons - DEBUG - check_firing_solution Arc FAIL: diff 5.710593137499643 > 0.0
2026-03-28 09:10:44,417 - game.simulation.components.abilities.weapons - DEBUG - check_firing_solution Arc FAIL: diff 5.710593137499643 > 0.0
2026-03-28 09:10:44,429 - game.simulation.components.abilities.weapons - DEBUG - check_firing_solution Arc FAIL: diff 5.710593137499643 > 0.0
2026-03-28 09:10:44,440 - game.simulation.components.abilities.weapons - DEBUG - check_firing_solution Arc FAIL: diff 5.710593137499643 > 0.0
2026-03-28 09:10:44,446 - game.simulation.components.abilities.weapons - DEBUG - check_firing_solution Arc FAIL: diff 5.710593137499643 > 0.0
2026-03-28 09:10:44,457 - game.simulation.components.abilities.weapons - DEBUG - check_firing_solution Arc FAIL: diff 5.710593137499643 > 0.0
2026-03-28 09:10:44,469 - game.simulation.components.abilities.weapons - DEBUG - check_firing_solution Arc FAIL: diff 5.710593137499643 > 0.0
2026-03-28 09:10:44,476 - game.simulation.components.abilities.weapons - DEBUG - check_firing_solution Arc FAIL: diff 5.710593137499643 > 0.0
2026-03-28 09:10:44,487 - game.simulation.components.abilities.weapons - DEBUG - check_firing_solution Arc FAIL: diff 5.710593137499643 > 0.0
2026-03-28 09:10:44,500 - game.simulation.components.abilities.weapons - DEBUG - check_firing_solution Arc FAIL: diff 5.710593137499643 > 0.0
2026-03-28 09:10:44,507 - game.simulation.components.abilities.weapons - DEBUG - check_firing_solution Arc FAIL: diff 5.710593137499643 > 0.0
2026-03-28 09:10:44,518 - game.simulation.components.abilities.weapons - DEBUG - check_firing_solution Arc FAIL: diff 5.710593137499643 > 0.0
2026-03-28 09:10:44,530 - game.simulation.components.abilities.weapons - DEBUG - check_firing_solution Arc FAIL: diff 5.710593137499643 > 0.0
2026-03-28 09:10:44,536 - game.simulation.components.abilities.weapons - DEBUG - check_firing_solution Arc FAIL: diff 5.710593137499643 > 0.0
2026-03-28 09:10:44,548 - game.simulation.components.abilities.weapons - DEBUG - check_firing_solution Arc FAIL: diff 5.710593137499643 > 0.0
2026-03-28 09:10:44,559 - game.simulation.components.abilities.weapons - DEBUG - check_firing_solution Arc FAIL: diff 5.710593137499643 > 0.0
2026-03-28 09:10:44,565 - game.simulation.components.abilities.weapons - DEBUG - check_firing_solution Arc FAIL: diff 5.710593137499643 > 0.0
2026-03-28 09:10:44,577 - game.simulation.components.abilities.weapons - DEBUG - check_firing_solution Arc FAIL: diff 5.710593137499643 > 0.0
2026-03-28 09:10:44,589 - game.simulation.components.abilities.weapons - DEBUG - check_firing_solution Arc FAIL: diff 5.710593137499643 > 0.0
2026-03-28 09:10:44,595 - game.simulation.components.abilities.weapons - DEBUG - check_firing_solution Arc FAIL: diff 5.710593137499643 > 0.0
2026-03-28 09:10:44,607 - game.simulation.components.abilities.weapons - DEBUG - check_firing_solution Arc FAIL: diff 5.710593137499643 > 0.0
2026-03-28 09:10:44,618 - game.simulation.components.abilities.weapons - DEBUG - check_firing_solution Arc FAIL: diff 5.710593137499643 > 0.0
2026-03-28 09:10:44,630 - game.simulation.components.abilities.weapons - DEBUG - check_firing_solution Arc FAIL: diff 5.710593137499643 > 0.0
2026-03-28 09:10:44,636 - game.simulation.components.abilities.weapons - DEBUG - check_firing_solution Arc FAIL: diff 5.710593137499643 > 0.0
2026-03-28 09:10:44,650 - game.simulation.components.abilities.weapons - DEBUG - check_firing_solution Arc FAIL: diff 5.710593137499643 > 0.0
2026-03-28 09:10:44,656 - game.simulation.components.abilities.weapons - DEBUG - check_firing_solution Arc FAIL: diff 5.710593137499643 > 0.0
2026-03-28 09:10:44,668 - game.simulation.components.abilities.weapons - DEBUG - check_firing_solution Arc FAIL: diff 5.710593137499643 > 0.0
2026-03-28 09:10:44,680 - game.simulation.components.abilities.weapons - DEBUG - check_firing_solution Arc FAIL: diff 5.710593137499643 > 0.0
2026-03-28 09:10:44,686 - game.simulation.components.abilities.weapons - DEBUG - check_firing_solution Arc FAIL: diff 5.710593137499643 > 0.0
2026-03-28 09:10:44,698 - game.simulation.components.abilities.weapons - DEBUG - check_firing_solution Arc FAIL: diff 5.710593137499643 > 0.0
2026-03-28 09:10:44,709 - game.simulation.components.abilities.weapons - DEBUG - check_firing_solution Arc FAIL: diff 5.710593137499643 > 0.0
2026-03-28 09:10:44,715 - game.simulation.components.abilities.weapons - DEBUG - check_firing_solution Arc FAIL: diff 5.710593137499643 > 0.0
2026-03-28 09:10:44,727 - game.simulation.components.abilities.weapons - DEBUG - check_firing_solution Arc FAIL: diff 5.710593137499643 > 0.0
2026-03-28 09:10:44,739 - game.simulation.components.abilities.weapons - DEBUG - check_firing_solution Arc FAIL: diff 5.710593137499643 > 0.0
2026-03-28 09:10:44,744 - game.simulation.components.abilities.weapons - DEBUG - check_firing_solution Arc FAIL: diff 5.710593137499643 > 0.0
2026-03-28 09:10:44,756 - game.simulation.components.abilities.weapons - DEBUG - check_firing_solution Arc FAIL: diff 5.710593137499643 > 0.0
2026-03-28 09:10:44,768 - game.simulation.components.abilities.weapons - DEBUG - check_firing_solution Arc FAIL: diff 5.710593137499643 > 0.0
2026-03-28 09:10:44,780 - game.simulation.components.abilities.weapons - DEBUG - check_firing_solution Arc FAIL: diff 5.710593137499643 > 0.0
2026-03-28 09:10:44,787 - game.simulation.components.abilities.weapons - DEBUG - check_firing_solution Arc FAIL: diff 5.710593137499643 > 0.0
2026-03-28 09:10:44,798 - game.simulation.components.abilities.weapons - DEBUG - check_firing_solution Arc FAIL: diff 5.710593137499643 > 0.0
2026-03-28 09:10:44,810 - game.simulation.components.abilities.weapons - DEBUG - check_firing_solution Arc FAIL: diff 5.710593137499643 > 0.0
2026-03-28 09:10:44,816 - game.simulation.components.abilities.weapons - DEBUG - check_firing_solution Arc FAIL: diff 5.710593137499643 > 0.0
2026-03-28 09:10:44,828 - game.simulation.components.abilities.weapons - DEBUG - check_firing_solution Arc FAIL: diff 5.710593137499643 > 0.0
2026-03-28 09:10:44,842 - game.simulation.components.abilities.weapons - DEBUG - check_firing_solution Arc FAIL: diff 5.710593137499643 > 0.0
2026-03-28 09:10:44,849 - game.simulation.components.abilities.weapons - DEBUG - check_firing_solution Arc FAIL: diff 5.710593137499643 > 0.0
2026-03-28 09:10:44,860 - game.simulation.components.abilities.weapons - DEBUG - check_firing_solution Arc FAIL: diff 5.710593137499643 > 0.0
2026-03-28 09:10:44,867 - game.simulation.components.abilities.weapons - DEBUG - check_firing_solution Arc FAIL: diff 5.710593137499643 > 0.0
2026-03-28 09:10:44,878 - game.simulation.components.abilities.weapons - DEBUG - check_firing_solution Arc FAIL: diff 5.710593137499643 > 0.0
2026-03-28 09:10:44,890 - game.simulation.components.abilities.weapons - DEBUG - check_firing_solution Arc FAIL: diff 5.710593137499643 > 0.0
2026-03-28 09:10:44,896 - game.simulation.components.abilities.weapons - DEBUG - check_firing_solution Arc FAIL: diff 5.710593137499643 > 0.0
2026-03-28 09:10:44,907 - game.simulation.components.abilities.weapons - DEBUG - check_firing_solution Arc FAIL: diff 5.710593137499643 > 0.0
2026-03-28 09:10:44,919 - game.simulation.components.abilities.weapons - DEBUG - check_firing_solution Arc FAIL: diff 5.710593137499643 > 0.0
2026-03-28 09:10:44,926 - game.simulation.components.abilities.weapons - DEBUG - check_firing_solution Arc FAIL: diff 5.710593137499643 > 0.0
2026-03-28 09:10:44,937 - game.simulation.components.abilities.weapons - DEBUG - check_firing_solution Arc FAIL: diff 5.710593137499643 > 0.0
2026-03-28 09:10:44,949 - game.simulation.components.abilities.weapons - DEBUG - check_firing_solution Arc FAIL: diff 5.710593137499643 > 0.0
2026-03-28 09:10:44,955 - game.simulation.components.abilities.weapons - DEBUG - check_firing_solution Arc FAIL: diff 5.710593137499643 > 0.0
2026-03-28 09:10:44,966 - game.simulation.components.abilities.weapons - DEBUG - check_firing_solution Arc FAIL: diff 5.710593137499643 > 0.0
2026-03-28 09:10:44,979 - game.simulation.components.abilities.weapons - DEBUG - check_firing_solution Arc FAIL: diff 5.710593137499643 > 0.0
2026-03-28 09:10:44,990 - game.simulation.components.abilities.weapons - DEBUG - check_firing_solution Arc FAIL: diff 5.710593137499643 > 0.0
2026-03-28 09:10:44,996 - game.simulation.components.abilities.weapons - DEBUG - check_firing_solution Arc FAIL: diff 5.710593137499643 > 0.0
2026-03-28 09:10:45,008 - game.simulation.components.abilities.weapons - DEBUG - check_firing_solution Arc FAIL: diff 5.710593137499643 > 0.0
2026-03-28 09:10:45,020 - game.simulation.components.abilities.weapons - DEBUG - check_firing_solution Arc FAIL: diff 5.710593137499643 > 0.0
2026-03-28 09:10:45,026 - game.simulation.components.abilities.weapons - DEBUG - check_firing_solution Arc FAIL: diff 5.710593137499643 > 0.0
2026-03-28 09:10:45,038 - game.simulation.components.abilities.weapons - DEBUG - check_firing_solution Arc FAIL: diff 5.710593137499643 > 0.0
2026-03-28 09:10:45,050 - game.simulation.components.abilities.weapons - DEBUG - check_firing_solution Arc FAIL: diff 5.710593137499643 > 0.0
2026-03-28 09:10:45,056 - game.simulation.components.abilities.weapons - DEBUG - check_firing_solution Arc FAIL: diff 5.710593137499643 > 0.0
2026-03-28 09:10:45,068 - game.simulation.components.abilities.weapons - DEBUG - check_firing_solution Arc FAIL: diff 5.710593137499643 > 0.0
2026-03-28 09:10:45,079 - game.simulation.components.abilities.weapons - DEBUG - check_firing_solution Arc FAIL: diff 5.710593137499643 > 0.0
2026-03-28 09:10:45,085 - game.simulation.components.abilities.weapons - DEBUG - check_firing_solution Arc FAIL: diff 5.710593137499643 > 0.0
2026-03-28 09:10:45,097 - game.simulation.components.abilities.weapons - DEBUG - check_firing_solution Arc FAIL: diff 5.710593137499643 > 0.0
2026-03-28 09:10:45,109 - game.simulation.components.abilities.weapons - DEBUG - check_firing_solution Arc FAIL: diff 5.710593137499643 > 0.0
2026-03-28 09:10:45,115 - game.simulation.components.abilities.weapons - DEBUG - check_firing_solution Arc FAIL: diff 5.710593137499643 > 0.0
2026-03-28 09:10:45,128 - game.simulation.components.abilities.weapons - DEBUG - check_firing_solution Arc FAIL: diff 5.710593137499643 > 0.0
2026-03-28 09:10:45,139 - game.simulation.components.abilities.weapons - DEBUG - check_firing_solution Arc FAIL: diff 5.710593137499643 > 0.0
2026-03-28 09:10:45,145 - game.simulation.components.abilities.weapons - DEBUG - check_firing_solution Arc FAIL: diff 5.710593137499643 > 0.0
2026-03-28 09:10:45,157 - game.simulation.components.abilities.weapons - DEBUG - check_firing_solution Arc FAIL: diff 5.710593137499643 > 0.0
2026-03-28 09:10:45,168 - game.simulation.components.abilities.weapons - DEBUG - check_firing_solution Arc FAIL: diff 5.710593137499643 > 0.0
2026-03-28 09:10:45,180 - game.simulation.components.abilities.weapons - DEBUG - check_firing_solution Arc FAIL: diff 5.710593137499643 > 0.0
2026-03-28 09:10:45,186 - game.simulation.components.abilities.weapons - DEBUG - check_firing_solution Arc FAIL: diff 5.710593137499643 > 0.0
2026-03-28 09:10:45,198 - game.simulation.components.abilities.weapons - DEBUG - check_firing_solution Arc FAIL: diff 5.710593137499643 > 0.0
2026-03-28 09:10:45,210 - game.simulation.components.abilities.weapons - DEBUG - check_firing_solution Arc FAIL: diff 5.710593137499643 > 0.0
2026-03-28 09:10:45,217 - game.simulation.components.abilities.weapons - DEBUG - check_firing_solution Arc FAIL: diff 5.710593137499643 > 0.0
2026-03-28 09:10:45,229 - game.simulation.components.abilities.weapons - DEBUG - check_firing_solution Arc FAIL: diff 5.710593137499643 > 0.0
2026-03-28 09:10:45,240 - game.simulation.components.abilities.weapons - DEBUG - check_firing_solution Arc FAIL: diff 5.710593137499643 > 0.0
2026-03-28 09:10:45,247 - game.simulation.components.abilities.weapons - DEBUG - check_firing_solution Arc FAIL: diff 5.710593137499643 > 0.0
2026-03-28 09:10:45,258 - game.simulation.components.abilities.weapons - DEBUG - check_firing_solution Arc FAIL: diff 5.710593137499643 > 0.0
2026-03-28 09:10:45,270 - game.simulation.components.abilities.weapons - DEBUG - check_firing_solution Arc FAIL: diff 5.710593137499643 > 0.0
2026-03-28 09:10:45,276 - game.simulation.components.abilities.weapons - DEBUG - check_firing_solution Arc FAIL: diff 5.710593137499643 > 0.0
2026-03-28 09:10:45,287 - game.simulation.components.abilities.weapons - DEBUG - check_firing_solution Arc FAIL: diff 5.710593137499643 > 0.0
2026-03-28 09:10:45,299 - game.simulation.components.abilities.weapons - DEBUG - check_firing_solution Arc FAIL: diff 5.710593137499643 > 0.0
2026-03-28 09:10:45,305 - game.simulation.components.abilities.weapons - DEBUG - check_firing_solution Arc FAIL: diff 5.710593137499643 > 0.0
2026-03-28 09:10:45,318 - game.simulation.components.abilities.weapons - DEBUG - check_firing_solution Arc FAIL: diff 5.710593137499643 > 0.0
2026-03-28 09:10:45,330 - game.simulation.components.abilities.weapons - DEBUG - check_firing_solution Arc FAIL: diff 5.710593137499643 > 0.0
2026-03-28 09:10:45,335 - game.simulation.components.abilities.weapons - DEBUG - check_firing_solution Arc FAIL: diff 5.710593137499643 > 0.0
2026-03-28 09:10:45,348 - game.simulation.components.abilities.weapons - DEBUG - check_firing_solution Arc FAIL: diff 5.710593137499643 > 0.0
2026-03-28 09:10:45,361 - game.simulation.components.abilities.weapons - DEBUG - check_firing_solution Arc FAIL: diff 5.710593137499643 > 0.0
2026-03-28 09:10:45,367 - game.simulation.components.abilities.weapons - DEBUG - check_firing_solution Arc FAIL: diff 5.710593137499643 > 0.0
2026-03-28 09:10:45,378 - game.simulation.components.abilities.weapons - DEBUG - check_firing_solution Arc FAIL: diff 5.710593137499643 > 0.0
2026-03-28 09:10:45,390 - game.simulation.components.abilities.weapons - DEBUG - check_firing_solution Arc FAIL: diff 5.710593137499643 > 0.0
2026-03-28 09:10:45,396 - game.simulation.components.abilities.weapons - DEBUG - check_firing_solution Arc FAIL: diff 5.710593137499643 > 0.0
2026-03-28 09:10:45,408 - game.simulation.components.abilities.weapons - DEBUG - check_firing_solution Arc FAIL: diff 5.710593137499643 > 0.0
2026-03-28 09:10:45,419 - game.simulation.components.abilities.weapons - DEBUG - check_firing_solution Arc FAIL: diff 5.710593137499643 > 0.0
2026-03-28 09:10:45,426 - game.simulation.components.abilities.weapons - DEBUG - check_firing_solution Arc FAIL: diff 5.710593137499643 > 0.0
2026-03-28 09:10:45,438 - game.simulation.components.abilities.weapons - DEBUG - check_firing_solution Arc FAIL: diff 5.710593137499643 > 0.0
2026-03-28 09:10:45,449 - game.simulation.components.abilities.weapons - DEBUG - check_firing_solution Arc FAIL: diff 5.710593137499643 > 0.0
2026-03-28 09:10:45,456 - game.simulation.components.abilities.weapons - DEBUG - check_firing_solution Arc FAIL: diff 5.710593137499643 > 0.0
2026-03-28 09:10:45,467 - game.simulation.components.abilities.weapons - DEBUG - check_firing_solution Arc FAIL: diff 5.710593137499643 > 0.0
2026-03-28 09:10:45,479 - game.simulation.components.abilities.weapons - DEBUG - check_firing_solution Arc FAIL: diff 5.710593137499643 > 0.0
2026-03-28 09:10:45,484 - game.simulation.components.abilities.weapons - DEBUG - check_firing_solution Arc FAIL: diff 5.710593137499643 > 0.0
2026-03-28 09:10:45,497 - game.simulation.components.abilities.weapons - DEBUG - check_firing_solution Arc FAIL: diff 5.710593137499643 > 0.0
2026-03-28 09:10:45,508 - game.simulation.components.abilities.weapons - DEBUG - check_firing_solution Arc FAIL: diff 5.710593137499643 > 0.0
2026-03-28 09:10:45,520 - game.simulation.components.abilities.weapons - DEBUG - check_firing_solution Arc FAIL: diff 5.710593137499643 > 0.0
2026-03-28 09:10:45,527 - game.simulation.components.abilities.weapons - DEBUG - check_firing_solution Arc FAIL: diff 5.710593137499643 > 0.0
2026-03-28 09:10:45,539 - game.simulation.components.abilities.weapons - DEBUG - check_firing_solution Arc FAIL: diff 5.710593137499643 > 0.0
2026-03-28 09:10:45,545 - game.simulation.components.abilities.weapons - DEBUG - check_firing_solution Arc FAIL: diff 5.710593137499643 > 0.0
2026-03-28 09:10:45,557 - game.simulation.components.abilities.weapons - DEBUG - check_firing_solution Arc FAIL: diff 5.710593137499643 > 0.0
2026-03-28 09:10:45,569 - game.simulation.components.abilities.weapons - DEBUG - check_firing_solution Arc FAIL: diff 5.710593137499643 > 0.0
2026-03-28 09:10:45,574 - game.simulation.components.abilities.weapons - DEBUG - check_firing_solution Arc FAIL: diff 5.710593137499643 > 0.0
2026-03-28 09:10:45,587 - game.simulation.components.abilities.weapons - DEBUG - check_firing_solution Arc FAIL: diff 5.710593137499643 > 0.0
2026-03-28 09:10:45,598 - game.simulation.components.abilities.weapons - DEBUG - check_firing_solution Arc FAIL: diff 5.710593137499643 > 0.0
2026-03-28 09:10:45,610 - game.simulation.components.abilities.weapons - DEBUG - check_firing_solution Arc FAIL: diff 5.710593137499643 > 0.0
2026-03-28 09:10:45,617 - game.simulation.components.abilities.weapons - DEBUG - check_firing_solution Arc FAIL: diff 5.710593137499643 > 0.0
2026-03-28 09:10:45,628 - game.simulation.components.abilities.weapons - DEBUG - check_firing_solution Arc FAIL: diff 5.710593137499643 > 0.0
2026-03-28 09:10:45,634 - game.simulation.components.abilities.weapons - DEBUG - check_firing_solution Arc FAIL: diff 5.710593137499643 > 0.0
2026-03-28 09:10:45,649 - game.simulation.components.abilities.weapons - DEBUG - check_firing_solution Arc FAIL: diff 5.710593137499643 > 0.0
2026-03-28 09:10:45,661 - game.simulation.components.abilities.weapons - DEBUG - check_firing_solution Arc FAIL: diff 5.710593137499643 > 0.0
2026-03-28 09:10:45,667 - game.simulation.components.abilities.weapons - DEBUG - check_firing_solution Arc FAIL: diff 5.710593137499643 > 0.0
2026-03-28 09:10:45,679 - game.simulation.components.abilities.weapons - DEBUG - check_firing_solution Arc FAIL: diff 5.710593137499643 > 0.0
2026-03-28 09:10:45,684 - game.simulation.components.abilities.weapons - DEBUG - check_firing_solution Arc FAIL: diff 5.710593137499643 > 0.0
2026-03-28 09:10:45,696 - game.simulation.components.abilities.weapons - DEBUG - check_firing_solution Arc FAIL: diff 5.710593137499643 > 0.0
2026-03-28 09:10:45,709 - game.simulation.components.abilities.weapons - DEBUG - check_firing_solution Arc FAIL: diff 5.710593137499643 > 0.0
2026-03-28 09:10:45,715 - game.simulation.components.abilities.weapons - DEBUG - check_firing_solution Arc FAIL: diff 5.710593137499643 > 0.0
2026-03-28 09:10:45,728 - game.simulation.components.abilities.weapons - DEBUG - check_firing_solution Arc FAIL: diff 5.710593137499643 > 0.0
2026-03-28 09:10:45,739 - game.simulation.components.abilities.weapons - DEBUG - check_firing_solution Arc FAIL: diff 5.710593137499643 > 0.0
2026-03-28 09:10:45,745 - game.simulation.components.abilities.weapons - DEBUG - check_firing_solution Arc FAIL: diff 5.710593137499643 > 0.0
2026-03-28 09:10:45,756 - game.simulation.components.abilities.weapons - DEBUG - check_firing_solution Arc FAIL: diff 5.710593137499643 > 0.0
2026-03-28 09:10:45,768 - game.simulation.components.abilities.weapons - DEBUG - check_firing_solution Arc FAIL: diff 5.710593137499643 > 0.0
2026-03-28 09:10:45,774 - game.simulation.components.abilities.weapons - DEBUG - check_firing_solution Arc FAIL: diff 5.710593137499643 > 0.0
2026-03-28 09:10:45,786 - game.simulation.components.abilities.weapons - DEBUG - check_firing_solution Arc FAIL: diff 5.710593137499643 > 0.0
2026-03-28 09:10:45,800 - game.simulation.components.abilities.weapons - DEBUG - check_firing_solution Arc FAIL: diff 5.710593137499643 > 0.0
2026-03-28 09:10:45,806 - game.simulation.components.abilities.weapons - DEBUG - check_firing_solution Arc FAIL: diff 5.710593137499643 > 0.0
2026-03-28 09:10:45,818 - game.simulation.components.abilities.weapons - DEBUG - check_firing_solution Arc FAIL: diff 5.710593137499643 > 0.0
2026-03-28 09:10:45,829 - game.simulation.components.abilities.weapons - DEBUG - check_firing_solution Arc FAIL: diff 5.710593137499643 > 0.0
2026-03-28 09:10:45,836 - game.simulation.components.abilities.weapons - DEBUG - check_firing_solution Arc FAIL: diff 5.710593137499643 > 0.0
2026-03-28 09:10:45,847 - game.simulation.components.abilities.weapons - DEBUG - check_firing_solution Arc FAIL: diff 5.710593137499643 > 0.0
2026-03-28 09:10:45,859 - game.simulation.components.abilities.weapons - DEBUG - check_firing_solution Arc FAIL: diff 5.710593137499643 > 0.0
2026-03-28 09:10:45,865 - game.simulation.components.abilities.weapons - DEBUG - check_firing_solution Arc FAIL: diff 5.710593137499643 > 0.0
2026-03-28 09:10:45,877 - game.simulation.components.abilities.weapons - DEBUG - check_firing_solution Arc FAIL: diff 5.710593137499643 > 0.0
2026-03-28 09:10:45,889 - game.simulation.components.abilities.weapons - DEBUG - check_firing_solution Arc FAIL: diff 5.710593137499643 > 0.0
2026-03-28 09:10:45,895 - game.simulation.components.abilities.weapons - DEBUG - check_firing_solution Arc FAIL: diff 5.710593137499643 > 0.0
2026-03-28 09:10:45,907 - game.simulation.components.abilities.weapons - DEBUG - check_firing_solution Arc FAIL: diff 5.710593137499643 > 0.0
2026-03-28 09:10:45,919 - game.simulation.components.abilities.weapons - DEBUG - check_firing_solution Arc FAIL: diff 5.710593137499643 > 0.0
2026-03-28 09:10:45,924 - game.simulation.components.abilities.weapons - DEBUG - check_firing_solution Arc FAIL: diff 5.710593137499643 > 0.0
2026-03-28 09:10:45,937 - game.simulation.components.abilities.weapons - DEBUG - check_firing_solution Arc FAIL: diff 5.710593137499643 > 0.0
2026-03-28 09:10:45,949 - game.simulation.components.abilities.weapons - DEBUG - check_firing_solution Arc FAIL: diff 5.710593137499643 > 0.0
2026-03-28 09:10:45,954 - game.simulation.components.abilities.weapons - DEBUG - check_firing_solution Arc FAIL: diff 5.710593137499643 > 0.0
2026-03-28 09:10:45,967 - game.simulation.components.abilities.weapons - DEBUG - check_firing_solution Arc FAIL: diff 5.710593137499643 > 0.0
2026-03-28 09:10:45,978 - game.simulation.components.abilities.weapons - DEBUG - check_firing_solution Arc FAIL: diff 5.710593137499643 > 0.0
2026-03-28 09:10:45,990 - game.simulation.components.abilities.weapons - DEBUG - check_firing_solution Arc FAIL: diff 5.710593137499643 > 0.0
2026-03-28 09:10:45,996 - game.simulation.components.abilities.weapons - DEBUG - check_firing_solution Arc FAIL: diff 5.710593137499643 > 0.0
2026-03-28 09:10:46,008 - game.simulation.components.abilities.weapons - DEBUG - check_firing_solution Arc FAIL: diff 5.710593137499643 > 0.0
2026-03-28 09:10:46,020 - game.simulation.components.abilities.weapons - DEBUG - check_firing_solution Arc FAIL: diff 5.710593137499643 > 0.0
2026-03-28 09:10:46,026 - game.simulation.components.abilities.weapons - DEBUG - check_firing_solution Arc FAIL: diff 5.710593137499643 > 0.0
2026-03-28 09:10:46,038 - game.simulation.components.abilities.weapons - DEBUG - check_firing_solution Arc FAIL: diff 5.710593137499643 > 0.0
2026-03-28 09:10:46,050 - game.simulation.components.abilities.weapons - DEBUG - check_firing_solution Arc FAIL: diff 5.710593137499643 > 0.0
2026-03-28 09:10:46,056 - game.simulation.components.abilities.weapons - DEBUG - check_firing_solution Arc FAIL: diff 5.710593137499643 > 0.0
2026-03-28 09:10:46,068 - game.simulation.components.abilities.weapons - DEBUG - check_firing_solution Arc FAIL: diff 5.710593137499643 > 0.0
2026-03-28 09:10:46,080 - game.simulation.components.abilities.weapons - DEBUG - check_firing_solution Arc FAIL: diff 5.710593137499643 > 0.0
2026-03-28 09:10:46,086 - game.simulation.components.abilities.weapons - DEBUG - check_firing_solution Arc FAIL: diff 5.710593137499643 > 0.0
2026-03-28 09:10:46,097 - game.simulation.components.abilities.weapons - DEBUG - check_firing_solution Arc FAIL: diff 5.710593137499643 > 0.0
2026-03-28 09:10:46,109 - game.simulation.components.abilities.weapons - DEBUG - check_firing_solution Arc FAIL: diff 5.710593137499643 > 0.0
2026-03-28 09:10:46,114 - game.simulation.components.abilities.weapons - DEBUG - check_firing_solution Arc FAIL: diff 5.710593137499643 > 0.0
2026-03-28 09:10:46,127 - game.simulation.components.abilities.weapons - DEBUG - check_firing_solution Arc FAIL: diff 5.710593137499643 > 0.0
2026-03-28 09:10:46,137 - game.ui.screens.battle_screen - DEBUG - Test complete! ticks=501
2026-03-28 09:10:46,137 - game.ui.screens.battle_screen - DEBUG - Test FAILED
2026-03-28 09:10:46,137 - game.ui.screens.battle_screen - DEBUG - Results populated: ['test_id', 'ticks_run', 'ticks', 'initial_hp', 'final_hp', 'damage_dealt', 'target_alive']
2026-03-28 09:10:47,528 - game.ui.screens.battle_ui - DEBUG - BattleUI.handle_click at (1915, 1088)
2026-03-28 09:10:47,528 - game.ui.screens.battle_ui - DEBUG - test_mode=True, battle_over=True
2026-03-28 09:10:47,528 - game.ui.screens.battle_ui - DEBUG - Return button rect: Rect(1770, 1050, 300, 60)
2026-03-28 09:10:47,528 - game.ui.screens.battle_ui - DEBUG - Return to Combat Lab button clicked!
2026-03-28 09:10:47,528 - game.app - DEBUG - Returning to Combat Lab from test
2026-03-28 09:10:47,548 - game.core.json_utils - DEBUG - Saved JSON to C:\Dev\Starship Battles\simulation_tests\test_history.json
2026-03-28 09:10:56,059 - game.core.json_utils - DEBUG - JSON file not found: C:\Dev\Starship Battles\simulation_tests\data\vehiclelayers.json
2026-03-28 09:10:56,060 - game.core.json_utils - DEBUG - JSON file not found: C:\Dev\Starship Battles\simulation_tests\data\vehiclelayers.json
2026-03-28 09:10:56,060 - game.simulation.entities.ship_loader - INFO - Loaded 14 vehicle classes.
2026-03-28 09:10:56,061 - game.simulation.systems.battle_engine - INFO - Ship 'Test Engine 1x LowMass' (Team 0): HP=150/150 Mass=400.0 Thrust=500.0 Fuel=0.0 TurnSpeed=0.00 MaxSpeed=31.25
2026-03-28 09:10:56,211 - game.core.json_utils - DEBUG - Saved JSON to C:\Dev\Starship Battles\simulation_tests\test_history.json
2026-03-28 09:10:56,270 - game.core.json_utils - DEBUG - JSON file not found: C:\Dev\Starship Battles\simulation_tests\data\vehiclelayers.json
2026-03-28 09:10:56,270 - game.core.json_utils - DEBUG - JSON file not found: C:\Dev\Starship Battles\simulation_tests\data\vehiclelayers.json
2026-03-28 09:10:56,270 - game.simulation.entities.ship_loader - INFO - Loaded 14 vehicle classes.
2026-03-28 09:10:56,270 - game.simulation.systems.battle_engine - INFO - Ship 'Test No Engine' (Team 0): HP=100/100 Mass=400.0 Thrust=0 Fuel=0.0 TurnSpeed=0.00 MaxSpeed=0.00
2026-03-28 09:10:56,418 - game.core.json_utils - DEBUG - Saved JSON to C:\Dev\Starship Battles\simulation_tests\test_history.json
2026-03-28 09:10:56,476 - game.core.json_utils - DEBUG - JSON file not found: C:\Dev\Starship Battles\simulation_tests\data\vehiclelayers.json
2026-03-28 09:10:56,476 - game.core.json_utils - DEBUG - JSON file not found: C:\Dev\Starship Battles\simulation_tests\data\vehiclelayers.json
2026-03-28 09:10:56,476 - game.simulation.entities.ship_loader - INFO - Loaded 14 vehicle classes.
2026-03-28 09:10:56,479 - game.simulation.systems.battle_engine - INFO - Ship 'Test Engine 2x' (Team 0): HP=200/200 Mass=400.0 Thrust=1000.0 Fuel=0.0 TurnSpeed=0.00 MaxSpeed=62.50
2026-03-28 09:10:56,626 - game.core.json_utils - DEBUG - Saved JSON to C:\Dev\Starship Battles\simulation_tests\test_history.json
2026-03-28 09:10:56,683 - game.core.json_utils - DEBUG - JSON file not found: C:\Dev\Starship Battles\simulation_tests\data\vehiclelayers.json
2026-03-28 09:10:56,684 - game.core.json_utils - DEBUG - JSON file not found: C:\Dev\Starship Battles\simulation_tests\data\vehiclelayers.json
2026-03-28 09:10:56,684 - game.simulation.entities.ship_loader - INFO - Loaded 14 vehicle classes.
2026-03-28 09:10:56,686 - game.simulation.formula_system - WARNING - Formula evaluation failed for '== MASS SIMULATORS (Ballast for testing thrust/mass relationships) ===': Syntax error in formula '== MASS SIMULATORS (Ballast for testing thrust/mass relationships) ===': invalid syntax
2026-03-28 09:10:56,686 - game.simulation.formula_system - WARNING - Formula evaluation failed for '== MASS SIMULATORS (Ballast for testing thrust/mass relationships) ===': Syntax error in formula '== MASS SIMULATORS (Ballast for testing thrust/mass relationships) ===': invalid syntax
2026-03-28 09:10:56,687 - game.simulation.formula_system - WARNING - Formula evaluation failed for '== MASS SIMULATORS (Ballast for testing thrust/mass relationships) ===': Syntax error in formula '== MASS SIMULATORS (Ballast for testing thrust/mass relationships) ===': invalid syntax
2026-03-28 09:10:56,687 - game.simulation.formula_system - WARNING - Formula evaluation failed for '== MASS SIMULATORS (Ballast for testing thrust/mass relationships) ===': Syntax error in formula '== MASS SIMULATORS (Ballast for testing thrust/mass relationships) ===': invalid syntax
2026-03-28 09:10:56,687 - game.simulation.formula_system - WARNING - Formula evaluation failed for '== MASS SIMULATORS (Ballast for testing thrust/mass relationships) ===': Syntax error in formula '== MASS SIMULATORS (Ballast for testing thrust/mass relationships) ===': invalid syntax
2026-03-28 09:10:56,687 - game.simulation.formula_system - WARNING - Formula evaluation failed for '== MASS SIMULATORS (Ballast for testing thrust/mass relationships) ===': Syntax error in formula '== MASS SIMULATORS (Ballast for testing thrust/mass relationships) ===': invalid syntax
2026-03-28 09:10:56,687 - game.simulation.formula_system - WARNING - Formula evaluation failed for '== MASS SIMULATORS (Ballast for testing thrust/mass relationships) ===': Syntax error in formula '== MASS SIMULATORS (Ballast for testing thrust/mass relationships) ===': invalid syntax
2026-03-28 09:10:56,687 - game.simulation.formula_system - WARNING - Formula evaluation failed for '== MASS SIMULATORS (Ballast for testing thrust/mass relationships) ===': Syntax error in formula '== MASS SIMULATORS (Ballast for testing thrust/mass relationships) ===': invalid syntax
2026-03-28 09:10:56,687 - game.simulation.formula_system - WARNING - Formula evaluation failed for '== MASS SIMULATORS (Ballast for testing thrust/mass relationships) ===': Syntax error in formula '== MASS SIMULATORS (Ballast for testing thrust/mass relationships) ===': invalid syntax
2026-03-28 09:10:56,687 - game.simulation.formula_system - WARNING - Formula evaluation failed for '== MASS SIMULATORS (Ballast for testing thrust/mass relationships) ===': Syntax error in formula '== MASS SIMULATORS (Ballast for testing thrust/mass relationships) ===': invalid syntax
2026-03-28 09:10:56,687 - game.simulation.formula_system - WARNING - Formula evaluation failed for '== MASS SIMULATORS (Ballast for testing thrust/mass relationships) ===': Syntax error in formula '== MASS SIMULATORS (Ballast for testing thrust/mass relationships) ===': invalid syntax
2026-03-28 09:10:56,687 - game.simulation.formula_system - WARNING - Formula evaluation failed for '== MASS SIMULATORS (Ballast for testing thrust/mass relationships) ===': Syntax error in formula '== MASS SIMULATORS (Ballast for testing thrust/mass relationships) ===': invalid syntax
2026-03-28 09:10:56,687 - game.simulation.formula_system - WARNING - Formula evaluation failed for '== MASS SIMULATORS (Ballast for testing thrust/mass relationships) ===': Syntax error in formula '== MASS SIMULATORS (Ballast for testing thrust/mass relationships) ===': invalid syntax
2026-03-28 09:10:56,687 - game.simulation.formula_system - WARNING - Formula evaluation failed for '== MASS SIMULATORS (Ballast for testing thrust/mass relationships) ===': Syntax error in formula '== MASS SIMULATORS (Ballast for testing thrust/mass relationships) ===': invalid syntax
2026-03-28 09:10:56,688 - game.simulation.formula_system - WARNING - Formula evaluation failed for '== MASS SIMULATORS (Ballast for testing thrust/mass relationships) ===': Syntax error in formula '== MASS SIMULATORS (Ballast for testing thrust/mass relationships) ===': invalid syntax
2026-03-28 09:10:56,688 - game.simulation.formula_system - WARNING - Formula evaluation failed for '== MASS SIMULATORS (Ballast for testing thrust/mass relationships) ===': Syntax error in formula '== MASS SIMULATORS (Ballast for testing thrust/mass relationships) ===': invalid syntax
2026-03-28 09:10:56,688 - game.simulation.formula_system - WARNING - Formula evaluation failed for '== MASS SIMULATORS (Ballast for testing thrust/mass relationships) ===': Syntax error in formula '== MASS SIMULATORS (Ballast for testing thrust/mass relationships) ===': invalid syntax
2026-03-28 09:10:56,688 - game.simulation.formula_system - WARNING - Formula evaluation failed for '== MASS SIMULATORS (Ballast for testing thrust/mass relationships) ===': Syntax error in formula '== MASS SIMULATORS (Ballast for testing thrust/mass relationships) ===': invalid syntax
2026-03-28 09:10:56,688 - game.simulation.formula_system - WARNING - Formula evaluation failed for '== MASS SIMULATORS (Ballast for testing thrust/mass relationships) ===': Syntax error in formula '== MASS SIMULATORS (Ballast for testing thrust/mass relationships) ===': invalid syntax
2026-03-28 09:10:56,688 - game.simulation.formula_system - WARNING - Formula evaluation failed for '== MASS SIMULATORS (Ballast for testing thrust/mass relationships) ===': Syntax error in formula '== MASS SIMULATORS (Ballast for testing thrust/mass relationships) ===': invalid syntax
2026-03-28 09:10:56,688 - game.simulation.formula_system - WARNING - Formula evaluation failed for '== MASS SIMULATORS (Ballast for testing thrust/mass relationships) ===': Syntax error in formula '== MASS SIMULATORS (Ballast for testing thrust/mass relationships) ===': invalid syntax
2026-03-28 09:10:56,688 - game.simulation.formula_system - WARNING - Formula evaluation failed for '== MASS SIMULATORS (Ballast for testing thrust/mass relationships) ===': Syntax error in formula '== MASS SIMULATORS (Ballast for testing thrust/mass relationships) ===': invalid syntax
2026-03-28 09:10:56,688 - game.simulation.formula_system - WARNING - Formula evaluation failed for '== MASS SIMULATORS (Ballast for testing thrust/mass relationships) ===': Syntax error in formula '== MASS SIMULATORS (Ballast for testing thrust/mass relationships) ===': invalid syntax
2026-03-28 09:10:56,689 - game.simulation.entities.ship_serialization - WARNING - Ship 'Test Engine 1x MedMass' stats mismatch after loading!
2026-03-28 09:10:56,689 - game.simulation.entities.ship_serialization - WARNING -   - max_hp: got 552, expected 502
2026-03-28 09:10:56,689 - game.simulation.formula_system - WARNING - Formula evaluation failed for '== MASS SIMULATORS (Ballast for testing thrust/mass relationships) ===': Syntax error in formula '== MASS SIMULATORS (Ballast for testing thrust/mass relationships) ===': invalid syntax
2026-03-28 09:10:56,689 - game.simulation.formula_system - WARNING - Formula evaluation failed for '== MASS SIMULATORS (Ballast for testing thrust/mass relationships) ===': Syntax error in formula '== MASS SIMULATORS (Ballast for testing thrust/mass relationships) ===': invalid syntax
2026-03-28 09:10:56,690 - game.simulation.formula_system - WARNING - Formula evaluation failed for '== MASS SIMULATORS (Ballast for testing thrust/mass relationships) ===': Syntax error in formula '== MASS SIMULATORS (Ballast for testing thrust/mass relationships) ===': invalid syntax
2026-03-28 09:10:56,690 - game.simulation.formula_system - WARNING - Formula evaluation failed for '== MASS SIMULATORS (Ballast for testing thrust/mass relationships) ===': Syntax error in formula '== MASS SIMULATORS (Ballast for testing thrust/mass relationships) ===': invalid syntax
2026-03-28 09:10:56,690 - game.simulation.formula_system - WARNING - Formula evaluation failed for '== MASS SIMULATORS (Ballast for testing thrust/mass relationships) ===': Syntax error in formula '== MASS SIMULATORS (Ballast for testing thrust/mass relationships) ===': invalid syntax
2026-03-28 09:10:56,690 - game.simulation.formula_system - WARNING - Formula evaluation failed for '== MASS SIMULATORS (Ballast for testing thrust/mass relationships) ===': Syntax error in formula '== MASS SIMULATORS (Ballast for testing thrust/mass relationships) ===': invalid syntax
2026-03-28 09:10:56,690 - game.simulation.formula_system - WARNING - Formula evaluation failed for '== MASS SIMULATORS (Ballast for testing thrust/mass relationships) ===': Syntax error in formula '== MASS SIMULATORS (Ballast for testing thrust/mass relationships) ===': invalid syntax
2026-03-28 09:10:56,690 - game.simulation.formula_system - WARNING - Formula evaluation failed for '== MASS SIMULATORS (Ballast for testing thrust/mass relationships) ===': Syntax error in formula '== MASS SIMULATORS (Ballast for testing thrust/mass relationships) ===': invalid syntax
2026-03-28 09:10:56,690 - game.simulation.formula_system - WARNING - Formula evaluation failed for '== MASS SIMULATORS (Ballast for testing thrust/mass relationships) ===': Syntax error in formula '== MASS SIMULATORS (Ballast for testing thrust/mass relationships) ===': invalid syntax
2026-03-28 09:10:56,690 - game.simulation.formula_system - WARNING - Formula evaluation failed for '== MASS SIMULATORS (Ballast for testing thrust/mass relationships) ===': Syntax error in formula '== MASS SIMULATORS (Ballast for testing thrust/mass relationships) ===': invalid syntax
2026-03-28 09:10:56,690 - game.simulation.formula_system - WARNING - Formula evaluation failed for '== MASS SIMULATORS (Ballast for testing thrust/mass relationships) ===': Syntax error in formula '== MASS SIMULATORS (Ballast for testing thrust/mass relationships) ===': invalid syntax
2026-03-28 09:10:56,690 - game.simulation.formula_system - WARNING - Formula evaluation failed for '== MASS SIMULATORS (Ballast for testing thrust/mass relationships) ===': Syntax error in formula '== MASS SIMULATORS (Ballast for testing thrust/mass relationships) ===': invalid syntax
2026-03-28 09:10:56,690 - game.simulation.formula_system - WARNING - Formula evaluation failed for '== MASS SIMULATORS (Ballast for testing thrust/mass relationships) ===': Syntax error in formula '== MASS SIMULATORS (Ballast for testing thrust/mass relationships) ===': invalid syntax
2026-03-28 09:10:56,690 - game.simulation.formula_system - WARNING - Formula evaluation failed for '== MASS SIMULATORS (Ballast for testing thrust/mass relationships) ===': Syntax error in formula '== MASS SIMULATORS (Ballast for testing thrust/mass relationships) ===': invalid syntax
2026-03-28 09:10:56,690 - game.simulation.formula_system - WARNING - Formula evaluation failed for '== MASS SIMULATORS (Ballast for testing thrust/mass relationships) ===': Syntax error in formula '== MASS SIMULATORS (Ballast for testing thrust/mass relationships) ===': invalid syntax
2026-03-28 09:10:56,690 - game.simulation.formula_system - WARNING - Formula evaluation failed for '== MASS SIMULATORS (Ballast for testing thrust/mass relationships) ===': Syntax error in formula '== MASS SIMULATORS (Ballast for testing thrust/mass relationships) ===': invalid syntax
2026-03-28 09:10:56,690 - game.simulation.formula_system - WARNING - Formula evaluation failed for '== MASS SIMULATORS (Ballast for testing thrust/mass relationships) ===': Syntax error in formula '== MASS SIMULATORS (Ballast for testing thrust/mass relationships) ===': invalid syntax
2026-03-28 09:10:56,692 - game.simulation.formula_system - WARNING - Formula evaluation failed for '== MASS SIMULATORS (Ballast for testing thrust/mass relationships) ===': Syntax error in formula '== MASS SIMULATORS (Ballast for testing thrust/mass relationships) ===': invalid syntax
2026-03-28 09:10:56,692 - game.simulation.formula_system - WARNING - Formula evaluation failed for '== MASS SIMULATORS (Ballast for testing thrust/mass relationships) ===': Syntax error in formula '== MASS SIMULATORS (Ballast for testing thrust/mass relationships) ===': invalid syntax
2026-03-28 09:10:56,692 - game.simulation.formula_system - WARNING - Formula evaluation failed for '== MASS SIMULATORS (Ballast for testing thrust/mass relationships) ===': Syntax error in formula '== MASS SIMULATORS (Ballast for testing thrust/mass relationships) ===': invalid syntax
2026-03-28 09:10:56,692 - game.simulation.formula_system - WARNING - Formula evaluation failed for '== MASS SIMULATORS (Ballast for testing thrust/mass relationships) ===': Syntax error in formula '== MASS SIMULATORS (Ballast for testing thrust/mass relationships) ===': invalid syntax
2026-03-28 09:10:56,692 - game.simulation.formula_system - WARNING - Formula evaluation failed for '== MASS SIMULATORS (Ballast for testing thrust/mass relationships) ===': Syntax error in formula '== MASS SIMULATORS (Ballast for testing thrust/mass relationships) ===': invalid syntax
2026-03-28 09:10:56,692 - game.simulation.formula_system - WARNING - Formula evaluation failed for '== MASS SIMULATORS (Ballast for testing thrust/mass relationships) ===': Syntax error in formula '== MASS SIMULATORS (Ballast for testing thrust/mass relationships) ===': invalid syntax
2026-03-28 09:10:56,692 - game.simulation.formula_system - WARNING - Formula evaluation failed for '== MASS SIMULATORS (Ballast for testing thrust/mass relationships) ===': Syntax error in formula '== MASS SIMULATORS (Ballast for testing thrust/mass relationships) ===': invalid syntax
2026-03-28 09:10:56,692 - game.simulation.formula_system - WARNING - Formula evaluation failed for '== MASS SIMULATORS (Ballast for testing thrust/mass relationships) ===': Syntax error in formula '== MASS SIMULATORS (Ballast for testing thrust/mass relationships) ===': invalid syntax
2026-03-28 09:10:56,692 - game.simulation.formula_system - WARNING - Formula evaluation failed for '== MASS SIMULATORS (Ballast for testing thrust/mass relationships) ===': Syntax error in formula '== MASS SIMULATORS (Ballast for testing thrust/mass relationships) ===': invalid syntax
2026-03-28 09:10:56,692 - game.simulation.formula_system - WARNING - Formula evaluation failed for '== MASS SIMULATORS (Ballast for testing thrust/mass relationships) ===': Syntax error in formula '== MASS SIMULATORS (Ballast for testing thrust/mass relationships) ===': invalid syntax
2026-03-28 09:10:56,692 - game.simulation.formula_system - WARNING - Formula evaluation failed for '== MASS SIMULATORS (Ballast for testing thrust/mass relationships) ===': Syntax error in formula '== MASS SIMULATORS (Ballast for testing thrust/mass relationships) ===': invalid syntax
2026-03-28 09:10:56,692 - game.simulation.formula_system - WARNING - Formula evaluation failed for '== MASS SIMULATORS (Ballast for testing thrust/mass relationships) ===': Syntax error in formula '== MASS SIMULATORS (Ballast for testing thrust/mass relationships) ===': invalid syntax
2026-03-28 09:10:56,692 - game.simulation.formula_system - WARNING - Formula evaluation failed for '== MASS SIMULATORS (Ballast for testing thrust/mass relationships) ===': Syntax error in formula '== MASS SIMULATORS (Ballast for testing thrust/mass relationships) ===': invalid syntax
2026-03-28 09:10:56,692 - game.simulation.formula_system - WARNING - Formula evaluation failed for '== MASS SIMULATORS (Ballast for testing thrust/mass relationships) ===': Syntax error in formula '== MASS SIMULATORS (Ballast for testing thrust/mass relationships) ===': invalid syntax
2026-03-28 09:10:56,692 - game.simulation.formula_system - WARNING - Formula evaluation failed for '== MASS SIMULATORS (Ballast for testing thrust/mass relationships) ===': Syntax error in formula '== MASS SIMULATORS (Ballast for testing thrust/mass relationships) ===': invalid syntax
2026-03-28 09:10:56,692 - game.simulation.formula_system - WARNING - Formula evaluation failed for '== MASS SIMULATORS (Ballast for testing thrust/mass relationships) ===': Syntax error in formula '== MASS SIMULATORS (Ballast for testing thrust/mass relationships) ===': invalid syntax
2026-03-28 09:10:56,692 - game.simulation.formula_system - WARNING - Formula evaluation failed for '== MASS SIMULATORS (Ballast for testing thrust/mass relationships) ===': Syntax error in formula '== MASS SIMULATORS (Ballast for testing thrust/mass relationships) ===': invalid syntax
2026-03-28 09:10:56,693 - game.simulation.formula_system - WARNING - Formula evaluation failed for '== MASS SIMULATORS (Ballast for testing thrust/mass relationships) ===': Syntax error in formula '== MASS SIMULATORS (Ballast for testing thrust/mass relationships) ===': invalid syntax
2026-03-28 09:10:56,693 - game.simulation.formula_system - WARNING - Formula evaluation failed for '== MASS SIMULATORS (Ballast for testing thrust/mass relationships) ===': Syntax error in formula '== MASS SIMULATORS (Ballast for testing thrust/mass relationships) ===': invalid syntax
2026-03-28 09:10:56,693 - game.simulation.formula_system - WARNING - Formula evaluation failed for '== MASS SIMULATORS (Ballast for testing thrust/mass relationships) ===': Syntax error in formula '== MASS SIMULATORS (Ballast for testing thrust/mass relationships) ===': invalid syntax
2026-03-28 09:10:56,693 - game.simulation.formula_system - WARNING - Formula evaluation failed for '== MASS SIMULATORS (Ballast for testing thrust/mass relationships) ===': Syntax error in formula '== MASS SIMULATORS (Ballast for testing thrust/mass relationships) ===': invalid syntax
2026-03-28 09:10:56,693 - game.simulation.formula_system - WARNING - Formula evaluation failed for '== MASS SIMULATORS (Ballast for testing thrust/mass relationships) ===': Syntax error in formula '== MASS SIMULATORS (Ballast for testing thrust/mass relationships) ===': invalid syntax
2026-03-28 09:10:56,693 - game.simulation.formula_system - WARNING - Formula evaluation failed for '== MASS SIMULATORS (Ballast for testing thrust/mass relationships) ===': Syntax error in formula '== MASS SIMULATORS (Ballast for testing thrust/mass relationships) ===': invalid syntax
2026-03-28 09:10:56,693 - game.simulation.formula_system - WARNING - Formula evaluation failed for '== MASS SIMULATORS (Ballast for testing thrust/mass relationships) ===': Syntax error in formula '== MASS SIMULATORS (Ballast for testing thrust/mass relationships) ===': invalid syntax
2026-03-28 09:10:56,693 - game.simulation.formula_system - WARNING - Formula evaluation failed for '== MASS SIMULATORS (Ballast for testing thrust/mass relationships) ===': Syntax error in formula '== MASS SIMULATORS (Ballast for testing thrust/mass relationships) ===': invalid syntax
2026-03-28 09:10:56,693 - game.simulation.formula_system - WARNING - Formula evaluation failed for '== MASS SIMULATORS (Ballast for testing thrust/mass relationships) ===': Syntax error in formula '== MASS SIMULATORS (Ballast for testing thrust/mass relationships) ===': invalid syntax
2026-03-28 09:10:56,693 - game.simulation.formula_system - WARNING - Formula evaluation failed for '== MASS SIMULATORS (Ballast for testing thrust/mass relationships) ===': Syntax error in formula '== MASS SIMULATORS (Ballast for testing thrust/mass relationships) ===': invalid syntax
2026-03-28 09:10:56,693 - game.simulation.formula_system - WARNING - Formula evaluation failed for '== MASS SIMULATORS (Ballast for testing thrust/mass relationships) ===': Syntax error in formula '== MASS SIMULATORS (Ballast for testing thrust/mass relationships) ===': invalid syntax
2026-03-28 09:10:56,694 - game.simulation.formula_system - WARNING - Formula evaluation failed for '== MASS SIMULATORS (Ballast for testing thrust/mass relationships) ===': Syntax error in formula '== MASS SIMULATORS (Ballast for testing thrust/mass relationships) ===': invalid syntax
2026-03-28 09:10:56,694 - game.simulation.formula_system - WARNING - Formula evaluation failed for '== MASS SIMULATORS (Ballast for testing thrust/mass relationships) ===': Syntax error in formula '== MASS SIMULATORS (Ballast for testing thrust/mass relationships) ===': invalid syntax
2026-03-28 09:10:56,694 - game.simulation.formula_system - WARNING - Formula evaluation failed for '== MASS SIMULATORS (Ballast for testing thrust/mass relationships) ===': Syntax error in formula '== MASS SIMULATORS (Ballast for testing thrust/mass relationships) ===': invalid syntax
2026-03-28 09:10:56,694 - game.simulation.formula_system - WARNING - Formula evaluation failed for '== MASS SIMULATORS (Ballast for testing thrust/mass relationships) ===': Syntax error in formula '== MASS SIMULATORS (Ballast for testing thrust/mass relationships) ===': invalid syntax
2026-03-28 09:10:56,694 - game.simulation.formula_system - WARNING - Formula evaluation failed for '== MASS SIMULATORS (Ballast for testing thrust/mass relationships) ===': Syntax error in formula '== MASS SIMULATORS (Ballast for testing thrust/mass relationships) ===': invalid syntax
2026-03-28 09:10:56,694 - game.simulation.formula_system - WARNING - Formula evaluation failed for '== MASS SIMULATORS (Ballast for testing thrust/mass relationships) ===': Syntax error in formula '== MASS SIMULATORS (Ballast for testing thrust/mass relationships) ===': invalid syntax
2026-03-28 09:10:56,694 - game.simulation.formula_system - WARNING - Formula evaluation failed for '== MASS SIMULATORS (Ballast for testing thrust/mass relationships) ===': Syntax error in formula '== MASS SIMULATORS (Ballast for testing thrust/mass relationships) ===': invalid syntax
2026-03-28 09:10:56,694 - game.simulation.formula_system - WARNING - Formula evaluation failed for '== MASS SIMULATORS (Ballast for testing thrust/mass relationships) ===': Syntax error in formula '== MASS SIMULATORS (Ballast for testing thrust/mass relationships) ===': invalid syntax
2026-03-28 09:10:56,694 - game.simulation.formula_system - WARNING - Formula evaluation failed for '== MASS SIMULATORS (Ballast for testing thrust/mass relationships) ===': Syntax error in formula '== MASS SIMULATORS (Ballast for testing thrust/mass relationships) ===': invalid syntax
2026-03-28 09:10:56,694 - game.simulation.formula_system - WARNING - Formula evaluation failed for '== MASS SIMULATORS (Ballast for testing thrust/mass relationships) ===': Syntax error in formula '== MASS SIMULATORS (Ballast for testing thrust/mass relationships) ===': invalid syntax
2026-03-28 09:10:56,694 - game.simulation.formula_system - WARNING - Formula evaluation failed for '== MASS SIMULATORS (Ballast for testing thrust/mass relationships) ===': Syntax error in formula '== MASS SIMULATORS (Ballast for testing thrust/mass relationships) ===': invalid syntax
2026-03-28 09:10:56,694 - game.simulation.formula_system - WARNING - Formula evaluation failed for '== MASS SIMULATORS (Ballast for testing thrust/mass relationships) ===': Syntax error in formula '== MASS SIMULATORS (Ballast for testing thrust/mass relationships) ===': invalid syntax
2026-03-28 09:10:56,695 - game.simulation.formula_system - WARNING - Formula evaluation failed for '== MASS SIMULATORS (Ballast for testing thrust/mass relationships) ===': Syntax error in formula '== MASS SIMULATORS (Ballast for testing thrust/mass relationships) ===': invalid syntax
2026-03-28 09:10:56,695 - game.simulation.formula_system - WARNING - Formula evaluation failed for '== MASS SIMULATORS (Ballast for testing thrust/mass relationships) ===': Syntax error in formula '== MASS SIMULATORS (Ballast for testing thrust/mass relationships) ===': invalid syntax
2026-03-28 09:10:56,695 - game.simulation.formula_system - WARNING - Formula evaluation failed for '== MASS SIMULATORS (Ballast for testing thrust/mass relationships) ===': Syntax error in formula '== MASS SIMULATORS (Ballast for testing thrust/mass relationships) ===': invalid syntax
2026-03-28 09:10:56,695 - game.simulation.formula_system - WARNING - Formula evaluation failed for '== MASS SIMULATORS (Ballast for testing thrust/mass relationships) ===': Syntax error in formula '== MASS SIMULATORS (Ballast for testing thrust/mass relationships) ===': invalid syntax
2026-03-28 09:10:56,695 - game.simulation.formula_system - WARNING - Formula evaluation failed for '== MASS SIMULATORS (Ballast for testing thrust/mass relationships) ===': Syntax error in formula '== MASS SIMULATORS (Ballast for testing thrust/mass relationships) ===': invalid syntax
2026-03-28 09:10:56,696 - game.simulation.formula_system - WARNING - Formula evaluation failed for '== MASS SIMULATORS (Ballast for testing thrust/mass relationships) ===': Syntax error in formula '== MASS SIMULATORS (Ballast for testing thrust/mass relationships) ===': invalid syntax
2026-03-28 09:10:56,696 - game.simulation.formula_system - WARNING - Formula evaluation failed for '== MASS SIMULATORS (Ballast for testing thrust/mass relationships) ===': Syntax error in formula '== MASS SIMULATORS (Ballast for testing thrust/mass relationships) ===': invalid syntax
2026-03-28 09:10:56,696 - game.simulation.formula_system - WARNING - Formula evaluation failed for '== MASS SIMULATORS (Ballast for testing thrust/mass relationships) ===': Syntax error in formula '== MASS SIMULATORS (Ballast for testing thrust/mass relationships) ===': invalid syntax
2026-03-28 09:10:56,696 - game.simulation.formula_system - WARNING - Formula evaluation failed for '== MASS SIMULATORS (Ballast for testing thrust/mass relationships) ===': Syntax error in formula '== MASS SIMULATORS (Ballast for testing thrust/mass relationships) ===': invalid syntax
2026-03-28 09:10:56,696 - game.simulation.formula_system - WARNING - Formula evaluation failed for '== MASS SIMULATORS (Ballast for testing thrust/mass relationships) ===': Syntax error in formula '== MASS SIMULATORS (Ballast for testing thrust/mass relationships) ===': invalid syntax
2026-03-28 09:10:56,696 - game.simulation.formula_system - WARNING - Formula evaluation failed for '== MASS SIMULATORS (Ballast for testing thrust/mass relationships) ===': Syntax error in formula '== MASS SIMULATORS (Ballast for testing thrust/mass relationships) ===': invalid syntax
2026-03-28 09:10:56,696 - game.simulation.formula_system - WARNING - Formula evaluation failed for '== MASS SIMULATORS (Ballast for testing thrust/mass relationships) ===': Syntax error in formula '== MASS SIMULATORS (Ballast for testing thrust/mass relationships) ===': invalid syntax
2026-03-28 09:10:56,696 - game.simulation.formula_system - WARNING - Formula evaluation failed for '== MASS SIMULATORS (Ballast for testing thrust/mass relationships) ===': Syntax error in formula '== MASS SIMULATORS (Ballast for testing thrust/mass relationships) ===': invalid syntax
2026-03-28 09:10:56,696 - game.simulation.formula_system - WARNING - Formula evaluation failed for '== MASS SIMULATORS (Ballast for testing thrust/mass relationships) ===': Syntax error in formula '== MASS SIMULATORS (Ballast for testing thrust/mass relationships) ===': invalid syntax
2026-03-28 09:10:56,696 - game.simulation.formula_system - WARNING - Formula evaluation failed for '== MASS SIMULATORS (Ballast for testing thrust/mass relationships) ===': Syntax error in formula '== MASS SIMULATORS (Ballast for testing thrust/mass relationships) ===': invalid syntax
2026-03-28 09:10:56,696 - game.simulation.formula_system - WARNING - Formula evaluation failed for '== MASS SIMULATORS (Ballast for testing thrust/mass relationships) ===': Syntax error in formula '== MASS SIMULATORS (Ballast for testing thrust/mass relationships) ===': invalid syntax
2026-03-28 09:10:56,696 - game.simulation.formula_system - WARNING - Formula evaluation failed for '== MASS SIMULATORS (Ballast for testing thrust/mass relationships) ===': Syntax error in formula '== MASS SIMULATORS (Ballast for testing thrust/mass relationships) ===': invalid syntax
2026-03-28 09:10:56,697 - game.simulation.formula_system - WARNING - Formula evaluation failed for '== MASS SIMULATORS (Ballast for testing thrust/mass relationships) ===': Syntax error in formula '== MASS SIMULATORS (Ballast for testing thrust/mass relationships) ===': invalid syntax
2026-03-28 09:10:56,697 - game.simulation.formula_system - WARNING - Formula evaluation failed for '== MASS SIMULATORS (Ballast for testing thrust/mass relationships) ===': Syntax error in formula '== MASS SIMULATORS (Ballast for testing thrust/mass relationships) ===': invalid syntax
2026-03-28 09:10:56,697 - game.simulation.formula_system - WARNING - Formula evaluation failed for '== MASS SIMULATORS (Ballast for testing thrust/mass relationships) ===': Syntax error in formula '== MASS SIMULATORS (Ballast for testing thrust/mass relationships) ===': invalid syntax
2026-03-28 09:10:56,697 - game.simulation.formula_system - WARNING - Formula evaluation failed for '== MASS SIMULATORS (Ballast for testing thrust/mass relationships) ===': Syntax error in formula '== MASS SIMULATORS (Ballast for testing thrust/mass relationships) ===': invalid syntax
2026-03-28 09:10:56,697 - game.simulation.formula_system - WARNING - Formula evaluation failed for '== MASS SIMULATORS (Ballast for testing thrust/mass relationships) ===': Syntax error in formula '== MASS SIMULATORS (Ballast for testing thrust/mass relationships) ===': invalid syntax
2026-03-28 09:10:56,697 - game.simulation.formula_system - WARNING - Formula evaluation failed for '== MASS SIMULATORS (Ballast for testing thrust/mass relationships) ===': Syntax error in formula '== MASS SIMULATORS (Ballast for testing thrust/mass relationships) ===': invalid syntax
2026-03-28 09:10:56,697 - game.simulation.formula_system - WARNING - Formula evaluation failed for '== MASS SIMULATORS (Ballast for testing thrust/mass relationships) ===': Syntax error in formula '== MASS SIMULATORS (Ballast for testing thrust/mass relationships) ===': invalid syntax
2026-03-28 09:10:56,697 - game.simulation.formula_system - WARNING - Formula evaluation failed for '== MASS SIMULATORS (Ballast for testing thrust/mass relationships) ===': Syntax error in formula '== MASS SIMULATORS (Ballast for testing thrust/mass relationships) ===': invalid syntax
2026-03-28 09:10:56,697 - game.simulation.formula_system - WARNING - Formula evaluation failed for '== MASS SIMULATORS (Ballast for testing thrust/mass relationships) ===': Syntax error in formula '== MASS SIMULATORS (Ballast for testing thrust/mass relationships) ===': invalid syntax
2026-03-28 09:10:56,697 - game.simulation.formula_system - WARNING - Formula evaluation failed for '== MASS SIMULATORS (Ballast for testing thrust/mass relationships) ===': Syntax error in formula '== MASS SIMULATORS (Ballast for testing thrust/mass relationships) ===': invalid syntax
2026-03-28 09:10:56,697 - game.simulation.formula_system - WARNING - Formula evaluation failed for '== MASS SIMULATORS (Ballast for testing thrust/mass relationships) ===': Syntax error in formula '== MASS SIMULATORS (Ballast for testing thrust/mass relationships) ===': invalid syntax
2026-03-28 09:10:56,697 - game.simulation.formula_system - WARNING - Formula evaluation failed for '== MASS SIMULATORS (Ballast for testing thrust/mass relationships) ===': Syntax error in formula '== MASS SIMULATORS (Ballast for testing thrust/mass relationships) ===': invalid syntax
2026-03-28 09:10:56,698 - game.simulation.formula_system - WARNING - Formula evaluation failed for '== MASS SIMULATORS (Ballast for testing thrust/mass relationships) ===': Syntax error in formula '== MASS SIMULATORS (Ballast for testing thrust/mass relationships) ===': invalid syntax
2026-03-28 09:10:56,698 - game.simulation.formula_system - WARNING - Formula evaluation failed for '== MASS SIMULATORS (Ballast for testing thrust/mass relationships) ===': Syntax error in formula '== MASS SIMULATORS (Ballast for testing thrust/mass relationships) ===': invalid syntax
2026-03-28 09:10:56,698 - game.simulation.formula_system - WARNING - Formula evaluation failed for '== MASS SIMULATORS (Ballast for testing thrust/mass relationships) ===': Syntax error in formula '== MASS SIMULATORS (Ballast for testing thrust/mass relationships) ===': invalid syntax
2026-03-28 09:10:56,698 - game.simulation.formula_system - WARNING - Formula evaluation failed for '== MASS SIMULATORS (Ballast for testing thrust/mass relationships) ===': Syntax error in formula '== MASS SIMULATORS (Ballast for testing thrust/mass relationships) ===': invalid syntax
2026-03-28 09:10:56,698 - game.simulation.formula_system - WARNING - Formula evaluation failed for '== MASS SIMULATORS (Ballast for testing thrust/mass relationships) ===': Syntax error in formula '== MASS SIMULATORS (Ballast for testing thrust/mass relationships) ===': invalid syntax
2026-03-28 09:10:56,698 - game.simulation.formula_system - WARNING - Formula evaluation failed for '== MASS SIMULATORS (Ballast for testing thrust/mass relationships) ===': Syntax error in formula '== MASS SIMULATORS (Ballast for testing thrust/mass relationships) ===': invalid syntax
2026-03-28 09:10:56,698 - game.simulation.formula_system - WARNING - Formula evaluation failed for '== MASS SIMULATORS (Ballast for testing thrust/mass relationships) ===': Syntax error in formula '== MASS SIMULATORS (Ballast for testing thrust/mass relationships) ===': invalid syntax
2026-03-28 09:10:56,698 - game.simulation.formula_system - WARNING - Formula evaluation failed for '== MASS SIMULATORS (Ballast for testing thrust/mass relationships) ===': Syntax error in formula '== MASS SIMULATORS (Ballast for testing thrust/mass relationships) ===': invalid syntax
2026-03-28 09:10:56,698 - game.simulation.formula_system - WARNING - Formula evaluation failed for '== MASS SIMULATORS (Ballast for testing thrust/mass relationships) ===': Syntax error in formula '== MASS SIMULATORS (Ballast for testing thrust/mass relationships) ===': invalid syntax
2026-03-28 09:10:56,698 - game.simulation.formula_system - WARNING - Formula evaluation failed for '== MASS SIMULATORS (Ballast for testing thrust/mass relationships) ===': Syntax error in formula '== MASS SIMULATORS (Ballast for testing thrust/mass relationships) ===': invalid syntax
2026-03-28 09:10:56,698 - game.simulation.formula_system - WARNING - Formula evaluation failed for '== MASS SIMULATORS (Ballast for testing thrust/mass relationships) ===': Syntax error in formula '== MASS SIMULATORS (Ballast for testing thrust/mass relationships) ===': invalid syntax
2026-03-28 09:10:56,698 - game.simulation.formula_system - WARNING - Formula evaluation failed for '== MASS SIMULATORS (Ballast for testing thrust/mass relationships) ===': Syntax error in formula '== MASS SIMULATORS (Ballast for testing thrust/mass relationships) ===': invalid syntax
2026-03-28 09:10:56,699 - game.simulation.formula_system - WARNING - Formula evaluation failed for '== MASS SIMULATORS (Ballast for testing thrust/mass relationships) ===': Syntax error in formula '== MASS SIMULATORS (Ballast for testing thrust/mass relationships) ===': invalid syntax
2026-03-28 09:10:56,699 - game.simulation.formula_system - WARNING - Formula evaluation failed for '== MASS SIMULATORS (Ballast for testing thrust/mass relationships) ===': Syntax error in formula '== MASS SIMULATORS (Ballast for testing thrust/mass relationships) ===': invalid syntax
2026-03-28 09:10:56,699 - game.simulation.formula_system - WARNING - Formula evaluation failed for '== MASS SIMULATORS (Ballast for testing thrust/mass relationships) ===': Syntax error in formula '== MASS SIMULATORS (Ballast for testing thrust/mass relationships) ===': invalid syntax
2026-03-28 09:10:56,699 - game.simulation.formula_system - WARNING - Formula evaluation failed for '== MASS SIMULATORS (Ballast for testing thrust/mass relationships) ===': Syntax error in formula '== MASS SIMULATORS (Ballast for testing thrust/mass relationships) ===': invalid syntax
2026-03-28 09:10:56,699 - game.simulation.formula_system - WARNING - Formula evaluation failed for '== MASS SIMULATORS (Ballast for testing thrust/mass relationships) ===': Syntax error in formula '== MASS SIMULATORS (Ballast for testing thrust/mass relationships) ===': invalid syntax
2026-03-28 09:10:56,699 - game.simulation.formula_system - WARNING - Formula evaluation failed for '== MASS SIMULATORS (Ballast for testing thrust/mass relationships) ===': Syntax error in formula '== MASS SIMULATORS (Ballast for testing thrust/mass relationships) ===': invalid syntax
2026-03-28 09:10:56,699 - game.simulation.formula_system - WARNING - Formula evaluation failed for '== MASS SIMULATORS (Ballast for testing thrust/mass relationships) ===': Syntax error in formula '== MASS SIMULATORS (Ballast for testing thrust/mass relationships) ===': invalid syntax
2026-03-28 09:10:56,699 - game.simulation.formula_system - WARNING - Formula evaluation failed for '== MASS SIMULATORS (Ballast for testing thrust/mass relationships) ===': Syntax error in formula '== MASS SIMULATORS (Ballast for testing thrust/mass relationships) ===': invalid syntax
2026-03-28 09:10:56,699 - game.simulation.formula_system - WARNING - Formula evaluation failed for '== MASS SIMULATORS (Ballast for testing thrust/mass relationships) ===': Syntax error in formula '== MASS SIMULATORS (Ballast for testing thrust/mass relationships) ===': invalid syntax
2026-03-28 09:10:56,699 - game.simulation.formula_system - WARNING - Formula evaluation failed for '== MASS SIMULATORS (Ballast for testing thrust/mass relationships) ===': Syntax error in formula '== MASS SIMULATORS (Ballast for testing thrust/mass relationships) ===': invalid syntax
2026-03-28 09:10:56,699 - game.simulation.formula_system - WARNING - Formula evaluation failed for '== MASS SIMULATORS (Ballast for testing thrust/mass relationships) ===': Syntax error in formula '== MASS SIMULATORS (Ballast for testing thrust/mass relationships) ===': invalid syntax
2026-03-28 09:10:56,699 - game.simulation.formula_system - WARNING - Formula evaluation failed for '== MASS SIMULATORS (Ballast for testing thrust/mass relationships) ===': Syntax error in formula '== MASS SIMULATORS (Ballast for testing thrust/mass relationships) ===': invalid syntax
2026-03-28 09:10:56,700 - game.simulation.formula_system - WARNING - Formula evaluation failed for '== MASS SIMULATORS (Ballast for testing thrust/mass relationships) ===': Syntax error in formula '== MASS SIMULATORS (Ballast for testing thrust/mass relationships) ===': invalid syntax
2026-03-28 09:10:56,700 - game.simulation.formula_system - WARNING - Formula evaluation failed for '== MASS SIMULATORS (Ballast for testing thrust/mass relationships) ===': Syntax error in formula '== MASS SIMULATORS (Ballast for testing thrust/mass relationships) ===': invalid syntax
2026-03-28 09:10:56,700 - game.simulation.formula_system - WARNING - Formula evaluation failed for '== MASS SIMULATORS (Ballast for testing thrust/mass relationships) ===': Syntax error in formula '== MASS SIMULATORS (Ballast for testing thrust/mass relationships) ===': invalid syntax
2026-03-28 09:10:56,700 - game.simulation.formula_system - WARNING - Formula evaluation failed for '== MASS SIMULATORS (Ballast for testing thrust/mass relationships) ===': Syntax error in formula '== MASS SIMULATORS (Ballast for testing thrust/mass relationships) ===': invalid syntax
2026-03-28 09:10:56,700 - game.simulation.formula_system - WARNING - Formula evaluation failed for '== MASS SIMULATORS (Ballast for testing thrust/mass relationships) ===': Syntax error in formula '== MASS SIMULATORS (Ballast for testing thrust/mass relationships) ===': invalid syntax
2026-03-28 09:10:56,700 - game.simulation.formula_system - WARNING - Formula evaluation failed for '== MASS SIMULATORS (Ballast for testing thrust/mass relationships) ===': Syntax error in formula '== MASS SIMULATORS (Ballast for testing thrust/mass relationships) ===': invalid syntax
2026-03-28 09:10:56,700 - game.simulation.formula_system - WARNING - Formula evaluation failed for '== MASS SIMULATORS (Ballast for testing thrust/mass relationships) ===': Syntax error in formula '== MASS SIMULATORS (Ballast for testing thrust/mass relationships) ===': invalid syntax
2026-03-28 09:10:56,700 - game.simulation.formula_system - WARNING - Formula evaluation failed for '== MASS SIMULATORS (Ballast for testing thrust/mass relationships) ===': Syntax error in formula '== MASS SIMULATORS (Ballast for testing thrust/mass relationships) ===': invalid syntax
2026-03-28 09:10:56,700 - game.simulation.formula_system - WARNING - Formula evaluation failed for '== MASS SIMULATORS (Ballast for testing thrust/mass relationships) ===': Syntax error in formula '== MASS SIMULATORS (Ballast for testing thrust/mass relationships) ===': invalid syntax
2026-03-28 09:10:56,700 - game.simulation.formula_system - WARNING - Formula evaluation failed for '== MASS SIMULATORS (Ballast for testing thrust/mass relationships) ===': Syntax error in formula '== MASS SIMULATORS (Ballast for testing thrust/mass relationships) ===': invalid syntax
2026-03-28 09:10:56,700 - game.simulation.formula_system - WARNING - Formula evaluation failed for '== MASS SIMULATORS (Ballast for testing thrust/mass relationships) ===': Syntax error in formula '== MASS SIMULATORS (Ballast for testing thrust/mass relationships) ===': invalid syntax
2026-03-28 09:10:56,700 - game.simulation.formula_system - WARNING - Formula evaluation failed for '== MASS SIMULATORS (Ballast for testing thrust/mass relationships) ===': Syntax error in formula '== MASS SIMULATORS (Ballast for testing thrust/mass relationships) ===': invalid syntax
2026-03-28 09:10:56,700 - game.simulation.formula_system - WARNING - Formula evaluation failed for '== MASS SIMULATORS (Ballast for testing thrust/mass relationships) ===': Syntax error in formula '== MASS SIMULATORS (Ballast for testing thrust/mass relationships) ===': invalid syntax
2026-03-28 09:10:56,700 - game.simulation.formula_system - WARNING - Formula evaluation failed for '== MASS SIMULATORS (Ballast for testing thrust/mass relationships) ===': Syntax error in formula '== MASS SIMULATORS (Ballast for testing thrust/mass relationships) ===': invalid syntax
2026-03-28 09:10:56,700 - game.simulation.formula_system - WARNING - Formula evaluation failed for '== MASS SIMULATORS (Ballast for testing thrust/mass relationships) ===': Syntax error in formula '== MASS SIMULATORS (Ballast for testing thrust/mass relationships) ===': invalid syntax
2026-03-28 09:10:56,700 - game.simulation.formula_system - WARNING - Formula evaluation failed for '== MASS SIMULATORS (Ballast for testing thrust/mass relationships) ===': Syntax error in formula '== MASS SIMULATORS (Ballast for testing thrust/mass relationships) ===': invalid syntax
2026-03-28 09:10:56,700 - game.simulation.formula_system - WARNING - Formula evaluation failed for '== MASS SIMULATORS (Ballast for testing thrust/mass relationships) ===': Syntax error in formula '== MASS SIMULATORS (Ballast for testing thrust/mass relationships) ===': invalid syntax
2026-03-28 09:10:56,701 - game.simulation.formula_system - WARNING - Formula evaluation failed for '== MASS SIMULATORS (Ballast for testing thrust/mass relationships) ===': Syntax error in formula '== MASS SIMULATORS (Ballast for testing thrust/mass relationships) ===': invalid syntax
2026-03-28 09:10:56,701 - game.simulation.formula_system - WARNING - Formula evaluation failed for '== MASS SIMULATORS (Ballast for testing thrust/mass relationships) ===': Syntax error in formula '== MASS SIMULATORS (Ballast for testing thrust/mass relationships) ===': invalid syntax
2026-03-28 09:10:56,701 - game.simulation.formula_system - WARNING - Formula evaluation failed for '== MASS SIMULATORS (Ballast for testing thrust/mass relationships) ===': Syntax error in formula '== MASS SIMULATORS (Ballast for testing thrust/mass relationships) ===': invalid syntax
2026-03-28 09:10:56,701 - game.simulation.formula_system - WARNING - Formula evaluation failed for '== MASS SIMULATORS (Ballast for testing thrust/mass relationships) ===': Syntax error in formula '== MASS SIMULATORS (Ballast for testing thrust/mass relationships) ===': invalid syntax
2026-03-28 09:10:56,701 - game.simulation.formula_system - WARNING - Formula evaluation failed for '== MASS SIMULATORS (Ballast for testing thrust/mass relationships) ===': Syntax error in formula '== MASS SIMULATORS (Ballast for testing thrust/mass relationships) ===': invalid syntax
2026-03-28 09:10:56,701 - game.simulation.formula_system - WARNING - Formula evaluation failed for '== MASS SIMULATORS (Ballast for testing thrust/mass relationships) ===': Syntax error in formula '== MASS SIMULATORS (Ballast for testing thrust/mass relationships) ===': invalid syntax
2026-03-28 09:10:56,701 - game.simulation.formula_system - WARNING - Formula evaluation failed for '== MASS SIMULATORS (Ballast for testing thrust/mass relationships) ===': Syntax error in formula '== MASS SIMULATORS (Ballast for testing thrust/mass relationships) ===': invalid syntax
2026-03-28 09:10:56,701 - game.simulation.formula_system - WARNING - Formula evaluation failed for '== MASS SIMULATORS (Ballast for testing thrust/mass relationships) ===': Syntax error in formula '== MASS SIMULATORS (Ballast for testing thrust/mass relationships) ===': invalid syntax
2026-03-28 09:10:56,701 - game.simulation.formula_system - WARNING - Formula evaluation failed for '== MASS SIMULATORS (Ballast for testing thrust/mass relationships) ===': Syntax error in formula '== MASS SIMULATORS (Ballast for testing thrust/mass relationships) ===': invalid syntax
2026-03-28 09:10:56,701 - game.simulation.formula_system - WARNING - Formula evaluation failed for '== MASS SIMULATORS (Ballast for testing thrust/mass relationships) ===': Syntax error in formula '== MASS SIMULATORS (Ballast for testing thrust/mass relationships) ===': invalid syntax
2026-03-28 09:10:56,701 - game.simulation.formula_system - WARNING - Formula evaluation failed for '== MASS SIMULATORS (Ballast for testing thrust/mass relationships) ===': Syntax error in formula '== MASS SIMULATORS (Ballast for testing thrust/mass relationships) ===': invalid syntax
2026-03-28 09:10:56,702 - game.simulation.formula_system - WARNING - Formula evaluation failed for '== MASS SIMULATORS (Ballast for testing thrust/mass relationships) ===': Syntax error in formula '== MASS SIMULATORS (Ballast for testing thrust/mass relationships) ===': invalid syntax
2026-03-28 09:10:56,702 - game.simulation.formula_system - WARNING - Formula evaluation failed for '== MASS SIMULATORS (Ballast for testing thrust/mass relationships) ===': Syntax error in formula '== MASS SIMULATORS (Ballast for testing thrust/mass relationships) ===': invalid syntax
2026-03-28 09:10:56,702 - game.simulation.formula_system - WARNING - Formula evaluation failed for '== MASS SIMULATORS (Ballast for testing thrust/mass relationships) ===': Syntax error in formula '== MASS SIMULATORS (Ballast for testing thrust/mass relationships) ===': invalid syntax
2026-03-28 09:10:56,702 - game.simulation.formula_system - WARNING - Formula evaluation failed for '== MASS SIMULATORS (Ballast for testing thrust/mass relationships) ===': Syntax error in formula '== MASS SIMULATORS (Ballast for testing thrust/mass relationships) ===': invalid syntax
2026-03-28 09:10:56,702 - game.simulation.formula_system - WARNING - Formula evaluation failed for '== MASS SIMULATORS (Ballast for testing thrust/mass relationships) ===': Syntax error in formula '== MASS SIMULATORS (Ballast for testing thrust/mass relationships) ===': invalid syntax
2026-03-28 09:10:56,702 - game.simulation.formula_system - WARNING - Formula evaluation failed for '== MASS SIMULATORS (Ballast for testing thrust/mass relationships) ===': Syntax error in formula '== MASS SIMULATORS (Ballast for testing thrust/mass relationships) ===': invalid syntax
2026-03-28 09:10:56,702 - game.simulation.formula_system - WARNING - Formula evaluation failed for '== MASS SIMULATORS (Ballast for testing thrust/mass relationships) ===': Syntax error in formula '== MASS SIMULATORS (Ballast for testing thrust/mass relationships) ===': invalid syntax
2026-03-28 09:10:56,702 - game.simulation.formula_system - WARNING - Formula evaluation failed for '== MASS SIMULATORS (Ballast for testing thrust/mass relationships) ===': Syntax error in formula '== MASS SIMULATORS (Ballast for testing thrust/mass relationships) ===': invalid syntax
2026-03-28 09:10:56,702 - game.simulation.formula_system - WARNING - Formula evaluation failed for '== MASS SIMULATORS (Ballast for testing thrust/mass relationships) ===': Syntax error in formula '== MASS SIMULATORS (Ballast for testing thrust/mass relationships) ===': invalid syntax
2026-03-28 09:10:56,702 - game.simulation.formula_system - WARNING - Formula evaluation failed for '== MASS SIMULATORS (Ballast for testing thrust/mass relationships) ===': Syntax error in formula '== MASS SIMULATORS (Ballast for testing thrust/mass relationships) ===': invalid syntax
2026-03-28 09:10:56,703 - game.simulation.formula_system - WARNING - Formula evaluation failed for '== MASS SIMULATORS (Ballast for testing thrust/mass relationships) ===': Syntax error in formula '== MASS SIMULATORS (Ballast for testing thrust/mass relationships) ===': invalid syntax
2026-03-28 09:10:56,703 - game.simulation.formula_system - WARNING - Formula evaluation failed for '== MASS SIMULATORS (Ballast for testing thrust/mass relationships) ===': Syntax error in formula '== MASS SIMULATORS (Ballast for testing thrust/mass relationships) ===': invalid syntax
2026-03-28 09:10:56,703 - game.simulation.formula_system - WARNING - Formula evaluation failed for '== MASS SIMULATORS (Ballast for testing thrust/mass relationships) ===': Syntax error in formula '== MASS SIMULATORS (Ballast for testing thrust/mass relationships) ===': invalid syntax
2026-03-28 09:10:56,703 - game.simulation.formula_system - WARNING - Formula evaluation failed for '== MASS SIMULATORS (Ballast for testing thrust/mass relationships) ===': Syntax error in formula '== MASS SIMULATORS (Ballast for testing thrust/mass relationships) ===': invalid syntax
2026-03-28 09:10:56,703 - game.simulation.formula_system - WARNING - Formula evaluation failed for '== MASS SIMULATORS (Ballast for testing thrust/mass relationships) ===': Syntax error in formula '== MASS SIMULATORS (Ballast for testing thrust/mass relationships) ===': invalid syntax
2026-03-28 09:10:56,703 - game.simulation.formula_system - WARNING - Formula evaluation failed for '== MASS SIMULATORS (Ballast for testing thrust/mass relationships) ===': Syntax error in formula '== MASS SIMULATORS (Ballast for testing thrust/mass relationships) ===': invalid syntax
2026-03-28 09:10:56,703 - game.simulation.formula_system - WARNING - Formula evaluation failed for '== MASS SIMULATORS (Ballast for testing thrust/mass relationships) ===': Syntax error in formula '== MASS SIMULATORS (Ballast for testing thrust/mass relationships) ===': invalid syntax
2026-03-28 09:10:56,703 - game.simulation.formula_system - WARNING - Formula evaluation failed for '== MASS SIMULATORS (Ballast for testing thrust/mass relationships) ===': Syntax error in formula '== MASS SIMULATORS (Ballast for testing thrust/mass relationships) ===': invalid syntax
2026-03-28 09:10:56,703 - game.simulation.formula_system - WARNING - Formula evaluation failed for '== MASS SIMULATORS (Ballast for testing thrust/mass relationships) ===': Syntax error in formula '== MASS SIMULATORS (Ballast for testing thrust/mass relationships) ===': invalid syntax
2026-03-28 09:10:56,703 - game.simulation.entities.ship_serialization - WARNING - Ship 'Test Engine 1x HighMass' stats mismatch after loading!
2026-03-28 09:10:56,703 - game.simulation.entities.ship_serialization - WARNING -   - max_hp: got 560, expected 510
2026-03-28 09:10:56,703 - game.simulation.formula_system - WARNING - Formula evaluation failed for '== MASS SIMULATORS (Ballast for testing thrust/mass relationships) ===': Syntax error in formula '== MASS SIMULATORS (Ballast for testing thrust/mass relationships) ===': invalid syntax
2026-03-28 09:10:56,704 - game.simulation.formula_system - WARNING - Formula evaluation failed for '== MASS SIMULATORS (Ballast for testing thrust/mass relationships) ===': Syntax error in formula '== MASS SIMULATORS (Ballast for testing thrust/mass relationships) ===': invalid syntax
2026-03-28 09:10:56,704 - game.simulation.formula_system - WARNING - Formula evaluation failed for '== MASS SIMULATORS (Ballast for testing thrust/mass relationships) ===': Syntax error in formula '== MASS SIMULATORS (Ballast for testing thrust/mass relationships) ===': invalid syntax
2026-03-28 09:10:56,704 - game.simulation.formula_system - WARNING - Formula evaluation failed for '== MASS SIMULATORS (Ballast for testing thrust/mass relationships) ===': Syntax error in formula '== MASS SIMULATORS (Ballast for testing thrust/mass relationships) ===': invalid syntax
2026-03-28 09:10:56,704 - game.simulation.formula_system - WARNING - Formula evaluation failed for '== MASS SIMULATORS (Ballast for testing thrust/mass relationships) ===': Syntax error in formula '== MASS SIMULATORS (Ballast for testing thrust/mass relationships) ===': invalid syntax
2026-03-28 09:10:56,704 - game.simulation.formula_system - WARNING - Formula evaluation failed for '== MASS SIMULATORS (Ballast for testing thrust/mass relationships) ===': Syntax error in formula '== MASS SIMULATORS (Ballast for testing thrust/mass relationships) ===': invalid syntax
2026-03-28 09:10:56,704 - game.simulation.formula_system - WARNING - Formula evaluation failed for '== MASS SIMULATORS (Ballast for testing thrust/mass relationships) ===': Syntax error in formula '== MASS SIMULATORS (Ballast for testing thrust/mass relationships) ===': invalid syntax
2026-03-28 09:10:56,704 - game.simulation.formula_system - WARNING - Formula evaluation failed for '== MASS SIMULATORS (Ballast for testing thrust/mass relationships) ===': Syntax error in formula '== MASS SIMULATORS (Ballast for testing thrust/mass relationships) ===': invalid syntax
2026-03-28 09:10:56,704 - game.simulation.formula_system - WARNING - Formula evaluation failed for '== MASS SIMULATORS (Ballast for testing thrust/mass relationships) ===': Syntax error in formula '== MASS SIMULATORS (Ballast for testing thrust/mass relationships) ===': invalid syntax
2026-03-28 09:10:56,704 - game.simulation.formula_system - WARNING - Formula evaluation failed for '== MASS SIMULATORS (Ballast for testing thrust/mass relationships) ===': Syntax error in formula '== MASS SIMULATORS (Ballast for testing thrust/mass relationships) ===': invalid syntax
2026-03-28 09:10:56,705 - game.simulation.systems.battle_engine - INFO - Ship 'Test Engine 1x LowMass' (Team 0): HP=150/150 Mass=400.0 Thrust=500.0 Fuel=0.0 TurnSpeed=0.00 MaxSpeed=31.25
2026-03-28 09:10:56,705 - game.simulation.systems.battle_engine - INFO - Ship 'Test Engine 1x MedMass' (Team 0): HP=552/552 Mass=3000.0 Thrust=500.0 Fuel=0.0 TurnSpeed=0.00 MaxSpeed=4.17
2026-03-28 09:10:56,705 - game.simulation.systems.battle_engine - INFO - Ship 'Test Engine 1x HighMass' (Team 0): HP=560/560 Mass=11000.0 Thrust=500.0 Fuel=0.0 TurnSpeed=0.00 MaxSpeed=1.14
2026-03-28 09:10:57,467 - game.core.json_utils - DEBUG - Saved JSON to C:\Dev\Starship Battles\simulation_tests\test_history.json
2026-03-28 09:10:57,524 - game.core.json_utils - DEBUG - JSON file not found: C:\Dev\Starship Battles\simulation_tests\data\vehiclelayers.json
2026-03-28 09:10:57,524 - game.core.json_utils - DEBUG - JSON file not found: C:\Dev\Starship Battles\simulation_tests\data\vehiclelayers.json
2026-03-28 09:10:57,524 - game.simulation.entities.ship_loader - INFO - Loaded 14 vehicle classes.
2026-03-28 09:10:57,526 - game.simulation.systems.battle_engine - INFO - Ship 'Test Thruster Simple' (Team 0): HP=170/170 Mass=400.0 Thrust=500.0 Fuel=0.0 TurnSpeed=15.62 MaxSpeed=31.25
2026-03-28 09:10:57,616 - game.core.json_utils - DEBUG - Saved JSON to C:\Dev\Starship Battles\simulation_tests\test_history.json
2026-03-28 09:10:57,674 - game.core.json_utils - DEBUG - JSON file not found: C:\Dev\Starship Battles\simulation_tests\data\vehiclelayers.json
2026-03-28 09:10:57,675 - game.core.json_utils - DEBUG - JSON file not found: C:\Dev\Starship Battles\simulation_tests\data\vehiclelayers.json
2026-03-28 09:10:57,675 - game.simulation.entities.ship_loader - INFO - Loaded 14 vehicle classes.
2026-03-28 09:10:57,677 - game.simulation.systems.battle_engine - INFO - Ship 'Test Thruster Only' (Team 0): HP=120/120 Mass=400.0 Thrust=0 Fuel=0.0 TurnSpeed=15.62 MaxSpeed=0.00
2026-03-28 09:10:57,767 - game.core.json_utils - DEBUG - Saved JSON to C:\Dev\Starship Battles\simulation_tests\test_history.json
2026-03-28 09:10:57,825 - game.core.json_utils - DEBUG - JSON file not found: C:\Dev\Starship Battles\simulation_tests\data\vehiclelayers.json
2026-03-28 09:10:57,825 - game.core.json_utils - DEBUG - JSON file not found: C:\Dev\Starship Battles\simulation_tests\data\vehiclelayers.json
2026-03-28 09:10:57,825 - game.simulation.entities.ship_loader - INFO - Loaded 14 vehicle classes.
2026-03-28 09:10:57,828 - game.simulation.systems.battle_engine - INFO - Ship 'Test Thruster Simple' (Team 0): HP=170/170 Mass=400.0 Thrust=500.0 Fuel=0.0 TurnSpeed=15.62 MaxSpeed=31.25
2026-03-28 09:10:57,976 - game.core.json_utils - DEBUG - Saved JSON to C:\Dev\Starship Battles\simulation_tests\test_history.json
2026-03-28 09:10:58,034 - game.core.json_utils - DEBUG - JSON file not found: C:\Dev\Starship Battles\simulation_tests\data\vehiclelayers.json
2026-03-28 09:10:58,034 - game.core.json_utils - DEBUG - JSON file not found: C:\Dev\Starship Battles\simulation_tests\data\vehiclelayers.json
2026-03-28 09:10:58,034 - game.simulation.entities.ship_loader - INFO - Loaded 14 vehicle classes.
2026-03-28 09:10:58,038 - game.simulation.systems.battle_engine - INFO - Ship 'Test Thruster 2x' (Team 0): HP=190/190 Mass=400.0 Thrust=500.0 Fuel=0.0 TurnSpeed=31.25 MaxSpeed=31.25
2026-03-28 09:10:58,185 - game.core.json_utils - DEBUG - Saved JSON to C:\Dev\Starship Battles\simulation_tests\test_history.json
2026-03-28 09:10:58,244 - game.core.json_utils - DEBUG - JSON file not found: C:\Dev\Starship Battles\simulation_tests\data\vehiclelayers.json
2026-03-28 09:10:58,245 - game.core.json_utils - DEBUG - JSON file not found: C:\Dev\Starship Battles\simulation_tests\data\vehiclelayers.json
2026-03-28 09:10:58,245 - game.simulation.entities.ship_loader - INFO - Loaded 14 vehicle classes.
2026-03-28 09:10:58,247 - game.simulation.formula_system - WARNING - Formula evaluation failed for '== MASS SIMULATORS (Ballast for testing thrust/mass relationships) ===': Syntax error in formula '== MASS SIMULATORS (Ballast for testing thrust/mass relationships) ===': invalid syntax
2026-03-28 09:10:58,248 - game.simulation.formula_system - WARNING - Formula evaluation failed for '== MASS SIMULATORS (Ballast for testing thrust/mass relationships) ===': Syntax error in formula '== MASS SIMULATORS (Ballast for testing thrust/mass relationships) ===': invalid syntax
2026-03-28 09:10:58,248 - game.simulation.formula_system - WARNING - Formula evaluation failed for '== MASS SIMULATORS (Ballast for testing thrust/mass relationships) ===': Syntax error in formula '== MASS SIMULATORS (Ballast for testing thrust/mass relationships) ===': invalid syntax
2026-03-28 09:10:58,248 - game.simulation.formula_system - WARNING - Formula evaluation failed for '== MASS SIMULATORS (Ballast for testing thrust/mass relationships) ===': Syntax error in formula '== MASS SIMULATORS (Ballast for testing thrust/mass relationships) ===': invalid syntax
2026-03-28 09:10:58,248 - game.simulation.formula_system - WARNING - Formula evaluation failed for '== MASS SIMULATORS (Ballast for testing thrust/mass relationships) ===': Syntax error in formula '== MASS SIMULATORS (Ballast for testing thrust/mass relationships) ===': invalid syntax
2026-03-28 09:10:58,248 - game.simulation.formula_system - WARNING - Formula evaluation failed for '== MASS SIMULATORS (Ballast for testing thrust/mass relationships) ===': Syntax error in formula '== MASS SIMULATORS (Ballast for testing thrust/mass relationships) ===': invalid syntax
2026-03-28 09:10:58,248 - game.simulation.formula_system - WARNING - Formula evaluation failed for '== MASS SIMULATORS (Ballast for testing thrust/mass relationships) ===': Syntax error in formula '== MASS SIMULATORS (Ballast for testing thrust/mass relationships) ===': invalid syntax
2026-03-28 09:10:58,248 - game.simulation.formula_system - WARNING - Formula evaluation failed for '== MASS SIMULATORS (Ballast for testing thrust/mass relationships) ===': Syntax error in formula '== MASS SIMULATORS (Ballast for testing thrust/mass relationships) ===': invalid syntax
2026-03-28 09:10:58,248 - game.simulation.formula_system - WARNING - Formula evaluation failed for '== MASS SIMULATORS (Ballast for testing thrust/mass relationships) ===': Syntax error in formula '== MASS SIMULATORS (Ballast for testing thrust/mass relationships) ===': invalid syntax
2026-03-28 09:10:58,248 - game.simulation.formula_system - WARNING - Formula evaluation failed for '== MASS SIMULATORS (Ballast for testing thrust/mass relationships) ===': Syntax error in formula '== MASS SIMULATORS (Ballast for testing thrust/mass relationships) ===': invalid syntax
2026-03-28 09:10:58,248 - game.simulation.formula_system - WARNING - Formula evaluation failed for '== MASS SIMULATORS (Ballast for testing thrust/mass relationships) ===': Syntax error in formula '== MASS SIMULATORS (Ballast for testing thrust/mass relationships) ===': invalid syntax
2026-03-28 09:10:58,248 - game.simulation.formula_system - WARNING - Formula evaluation failed for '== MASS SIMULATORS (Ballast for testing thrust/mass relationships) ===': Syntax error in formula '== MASS SIMULATORS (Ballast for testing thrust/mass relationships) ===': invalid syntax
2026-03-28 09:10:58,248 - game.simulation.formula_system - WARNING - Formula evaluation failed for '== MASS SIMULATORS (Ballast for testing thrust/mass relationships) ===': Syntax error in formula '== MASS SIMULATORS (Ballast for testing thrust/mass relationships) ===': invalid syntax
2026-03-28 09:10:58,248 - game.simulation.formula_system - WARNING - Formula evaluation failed for '== MASS SIMULATORS (Ballast for testing thrust/mass relationships) ===': Syntax error in formula '== MASS SIMULATORS (Ballast for testing thrust/mass relationships) ===': invalid syntax
2026-03-28 09:10:58,249 - game.simulation.formula_system - WARNING - Formula evaluation failed for '== MASS SIMULATORS (Ballast for testing thrust/mass relationships) ===': Syntax error in formula '== MASS SIMULATORS (Ballast for testing thrust/mass relationships) ===': invalid syntax
2026-03-28 09:10:58,249 - game.simulation.formula_system - WARNING - Formula evaluation failed for '== MASS SIMULATORS (Ballast for testing thrust/mass relationships) ===': Syntax error in formula '== MASS SIMULATORS (Ballast for testing thrust/mass relationships) ===': invalid syntax
2026-03-28 09:10:58,249 - game.simulation.formula_system - WARNING - Formula evaluation failed for '== MASS SIMULATORS (Ballast for testing thrust/mass relationships) ===': Syntax error in formula '== MASS SIMULATORS (Ballast for testing thrust/mass relationships) ===': invalid syntax
2026-03-28 09:10:58,249 - game.simulation.formula_system - WARNING - Formula evaluation failed for '== MASS SIMULATORS (Ballast for testing thrust/mass relationships) ===': Syntax error in formula '== MASS SIMULATORS (Ballast for testing thrust/mass relationships) ===': invalid syntax
2026-03-28 09:10:58,249 - game.simulation.formula_system - WARNING - Formula evaluation failed for '== MASS SIMULATORS (Ballast for testing thrust/mass relationships) ===': Syntax error in formula '== MASS SIMULATORS (Ballast for testing thrust/mass relationships) ===': invalid syntax
2026-03-28 09:10:58,249 - game.simulation.formula_system - WARNING - Formula evaluation failed for '== MASS SIMULATORS (Ballast for testing thrust/mass relationships) ===': Syntax error in formula '== MASS SIMULATORS (Ballast for testing thrust/mass relationships) ===': invalid syntax
2026-03-28 09:10:58,249 - game.simulation.formula_system - WARNING - Formula evaluation failed for '== MASS SIMULATORS (Ballast for testing thrust/mass relationships) ===': Syntax error in formula '== MASS SIMULATORS (Ballast for testing thrust/mass relationships) ===': invalid syntax
2026-03-28 09:10:58,249 - game.simulation.formula_system - WARNING - Formula evaluation failed for '== MASS SIMULATORS (Ballast for testing thrust/mass relationships) ===': Syntax error in formula '== MASS SIMULATORS (Ballast for testing thrust/mass relationships) ===': invalid syntax
2026-03-28 09:10:58,249 - game.simulation.formula_system - WARNING - Formula evaluation failed for '== MASS SIMULATORS (Ballast for testing thrust/mass relationships) ===': Syntax error in formula '== MASS SIMULATORS (Ballast for testing thrust/mass relationships) ===': invalid syntax
2026-03-28 09:10:58,249 - game.simulation.entities.ship_serialization - WARNING - Ship 'Test Thruster HighMass' stats mismatch after loading!
2026-03-28 09:10:58,249 - game.simulation.entities.ship_serialization - WARNING -   - max_hp: got 522, expected 370
2026-03-28 09:10:58,249 - game.simulation.formula_system - WARNING - Formula evaluation failed for '== MASS SIMULATORS (Ballast for testing thrust/mass relationships) ===': Syntax error in formula '== MASS SIMULATORS (Ballast for testing thrust/mass relationships) ===': invalid syntax
2026-03-28 09:10:58,249 - game.simulation.formula_system - WARNING - Formula evaluation failed for '== MASS SIMULATORS (Ballast for testing thrust/mass relationships) ===': Syntax error in formula '== MASS SIMULATORS (Ballast for testing thrust/mass relationships) ===': invalid syntax
2026-03-28 09:10:58,251 - game.simulation.systems.battle_engine - INFO - Ship 'Test Thruster Simple' (Team 0): HP=170/170 Mass=400.0 Thrust=500.0 Fuel=0.0 TurnSpeed=15.62 MaxSpeed=31.25
2026-03-28 09:10:58,251 - game.simulation.systems.battle_engine - INFO - Ship 'Test Thruster HighMass' (Team 0): HP=522/522 Mass=3000.0 Thrust=0 Fuel=0.0 TurnSpeed=0.76 MaxSpeed=0.00
2026-03-28 09:10:58,399 - game.core.json_utils - DEBUG - Saved JSON to C:\Dev\Starship Battles\simulation_tests\test_history.json
2026-03-28 09:11:02,842 - game.core.json_utils - DEBUG - JSON file not found: C:\Dev\Starship Battles\simulation_tests\data\vehiclelayers.json
2026-03-28 09:11:02,842 - game.core.json_utils - DEBUG - JSON file not found: C:\Dev\Starship Battles\simulation_tests\data\vehiclelayers.json
2026-03-28 09:11:02,842 - game.simulation.entities.ship_loader - INFO - Loaded 14 vehicle classes.
2026-03-28 09:11:02,844 - game.simulation.systems.battle_engine - INFO - Ship 'Test Engine 1x LowMass' (Team 0): HP=150/150 Mass=400.0 Thrust=500.0 Fuel=0.0 TurnSpeed=0.00 MaxSpeed=31.25
2026-03-28 09:11:03,765 - game.ui.screens.battle_ui - DEBUG - BattleUI.handle_click at (900, 516)
2026-03-28 09:11:03,765 - game.ui.screens.battle_ui - DEBUG - test_mode=True, battle_over=False
2026-03-28 09:11:05,591 - game.ui.screens.battle_screen - DEBUG - Test complete! ticks=101
2026-03-28 09:11:05,591 - game.ui.screens.battle_screen - DEBUG - Test PASSED
2026-03-28 09:11:05,591 - game.ui.screens.battle_screen - DEBUG - Results populated: ['test_id', 'prerun_validation', 'ticks_run', 'ticks', 'initial_position', 'final_position', 'initial_velocity', 'final_velocity', 'initial_velocity_magnitude', 'final_velocity_magnitude', 'initial_angle', 'final_angle', 'distance_traveled', 'velocity_change', 'angle_change', 'expected_max_speed', 'expected_acceleration_rate', 'validation_results', 'validation_summary', 'has_validation_failures', 'has_validation_warnings', 'max_speed', 'all_criteria_passed']
2026-03-28 09:11:07,329 - game.ui.screens.battle_ui - DEBUG - BattleUI.handle_click at (1952, 1083)
2026-03-28 09:11:07,329 - game.ui.screens.battle_ui - DEBUG - test_mode=True, battle_over=True
2026-03-28 09:11:07,329 - game.ui.screens.battle_ui - DEBUG - Return button rect: Rect(1770, 1050, 300, 60)
2026-03-28 09:11:07,329 - game.ui.screens.battle_ui - DEBUG - Return to Combat Lab button clicked!
2026-03-28 09:11:07,329 - game.app - DEBUG - Returning to Combat Lab from test
2026-03-28 09:11:07,351 - game.core.json_utils - DEBUG - Saved JSON to C:\Dev\Starship Battles\simulation_tests\test_history.json
2026-03-28 09:11:37,232 - game.core.json_utils - DEBUG - JSON file not found: C:\Dev\Starship Battles\simulation_tests\data\vehiclelayers.json
2026-03-28 09:11:37,232 - game.core.json_utils - DEBUG - JSON file not found: C:\Dev\Starship Battles\simulation_tests\data\vehiclelayers.json
2026-03-28 09:11:37,232 - game.simulation.entities.ship_loader - INFO - Loaded 14 vehicle classes.
2026-03-28 09:11:37,234 - game.simulation.systems.battle_engine - INFO - Ship 'Test No Engine' (Team 0): HP=100/100 Mass=400.0 Thrust=0 Fuel=0.0 TurnSpeed=0.00 MaxSpeed=0.00
2026-03-28 09:11:38,035 - game.ui.screens.battle_ui - DEBUG - BattleUI.handle_click at (1515, 1000)
2026-03-28 09:11:38,036 - game.ui.screens.battle_ui - DEBUG - test_mode=True, battle_over=False
2026-03-28 09:11:39,715 - game.ui.screens.battle_screen - DEBUG - Test complete! ticks=101
2026-03-28 09:11:39,715 - game.ui.screens.battle_screen - DEBUG - Test PASSED
2026-03-28 09:11:39,715 - game.ui.screens.battle_screen - DEBUG - Results populated: ['test_id', 'ticks_run', 'ticks', 'initial_position', 'final_position', 'initial_velocity', 'final_velocity', 'initial_velocity_magnitude', 'final_velocity_magnitude', 'initial_angle', 'final_angle', 'distance_traveled', 'velocity_change', 'angle_change', 'expected_max_speed', 'expected_acceleration_rate', 'validation_results', 'validation_summary', 'has_validation_failures', 'has_validation_warnings', 'thrust', 'mass', 'max_speed', 'remained_stationary']
2026-03-28 09:11:41,322 - game.ui.screens.battle_ui - DEBUG - BattleUI.handle_click at (1939, 1103)
2026-03-28 09:11:41,324 - game.ui.screens.battle_ui - DEBUG - test_mode=True, battle_over=True
2026-03-28 09:11:41,324 - game.ui.screens.battle_ui - DEBUG - Return button rect: Rect(1770, 1050, 300, 60)
2026-03-28 09:11:41,324 - game.ui.screens.battle_ui - DEBUG - Return to Combat Lab button clicked!
2026-03-28 09:11:41,324 - game.app - DEBUG - Returning to Combat Lab from test
2026-03-28 09:11:41,346 - game.core.json_utils - DEBUG - Saved JSON to C:\Dev\Starship Battles\simulation_tests\test_history.json
2026-03-28 09:11:45,551 - game.core.json_utils - DEBUG - JSON file not found: C:\Dev\Starship Battles\simulation_tests\data\vehiclelayers.json
2026-03-28 09:11:45,551 - game.core.json_utils - DEBUG - JSON file not found: C:\Dev\Starship Battles\simulation_tests\data\vehiclelayers.json
2026-03-28 09:11:45,551 - game.simulation.entities.ship_loader - INFO - Loaded 14 vehicle classes.
2026-03-28 09:11:45,553 - game.simulation.systems.battle_engine - INFO - Ship 'Test Engine 2x' (Team 0): HP=200/200 Mass=400.0 Thrust=1000.0 Fuel=0.0 TurnSpeed=0.00 MaxSpeed=62.50
2026-03-28 09:11:46,248 - game.ui.screens.battle_ui - DEBUG - BattleUI.handle_click at (1839, 843)
2026-03-28 09:11:46,248 - game.ui.screens.battle_ui - DEBUG - test_mode=True, battle_over=False
2026-03-28 09:11:48,025 - game.ui.screens.battle_screen - DEBUG - Test complete! ticks=101
2026-03-28 09:11:48,026 - game.ui.screens.battle_screen - DEBUG - Test PASSED
2026-03-28 09:11:48,026 - game.ui.screens.battle_screen - DEBUG - Results populated: ['test_id', 'ticks_run', 'ticks', 'initial_position', 'final_position', 'initial_velocity', 'final_velocity', 'initial_velocity_magnitude', 'final_velocity_magnitude', 'initial_angle', 'final_angle', 'distance_traveled', 'velocity_change', 'angle_change', 'expected_max_speed', 'expected_acceleration_rate', 'validation_results', 'validation_summary', 'has_validation_failures', 'has_validation_warnings', 'max_speed', 'total_thrust', 'all_criteria_passed']
2026-03-28 09:11:49,626 - game.ui.screens.battle_ui - DEBUG - BattleUI.handle_click at (1914, 1119)
2026-03-28 09:11:49,626 - game.ui.screens.battle_ui - DEBUG - test_mode=True, battle_over=True
2026-03-28 09:11:49,627 - game.ui.screens.battle_ui - DEBUG - Return button rect: Rect(1770, 1050, 300, 60)
2026-03-28 09:11:49,627 - game.ui.screens.battle_ui - DEBUG - Click was not on return button
2026-03-28 09:11:49,627 - game.app - DEBUG - Returning to Combat Lab from test
2026-03-28 09:11:49,647 - game.core.json_utils - DEBUG - Saved JSON to C:\Dev\Starship Battles\simulation_tests\test_history.json
2026-03-28 09:11:56,399 - game.core.json_utils - DEBUG - JSON file not found: C:\Dev\Starship Battles\simulation_tests\data\vehiclelayers.json
2026-03-28 09:11:56,400 - game.core.json_utils - DEBUG - JSON file not found: C:\Dev\Starship Battles\simulation_tests\data\vehiclelayers.json
2026-03-28 09:11:56,400 - game.simulation.entities.ship_loader - INFO - Loaded 14 vehicle classes.
2026-03-28 09:11:56,402 - game.simulation.formula_system - WARNING - Formula evaluation failed for '== MASS SIMULATORS (Ballast for testing thrust/mass relationships) ===': Syntax error in formula '== MASS SIMULATORS (Ballast for testing thrust/mass relationships) ===': invalid syntax
2026-03-28 09:11:56,402 - game.simulation.formula_system - WARNING - Formula evaluation failed for '== MASS SIMULATORS (Ballast for testing thrust/mass relationships) ===': Syntax error in formula '== MASS SIMULATORS (Ballast for testing thrust/mass relationships) ===': invalid syntax
2026-03-28 09:11:56,402 - game.simulation.formula_system - WARNING - Formula evaluation failed for '== MASS SIMULATORS (Ballast for testing thrust/mass relationships) ===': Syntax error in formula '== MASS SIMULATORS (Ballast for testing thrust/mass relationships) ===': invalid syntax
2026-03-28 09:11:56,402 - game.simulation.formula_system - WARNING - Formula evaluation failed for '== MASS SIMULATORS (Ballast for testing thrust/mass relationships) ===': Syntax error in formula '== MASS SIMULATORS (Ballast for testing thrust/mass relationships) ===': invalid syntax
2026-03-28 09:11:56,402 - game.simulation.formula_system - WARNING - Formula evaluation failed for '== MASS SIMULATORS (Ballast for testing thrust/mass relationships) ===': Syntax error in formula '== MASS SIMULATORS (Ballast for testing thrust/mass relationships) ===': invalid syntax
2026-03-28 09:11:56,402 - game.simulation.formula_system - WARNING - Formula evaluation failed for '== MASS SIMULATORS (Ballast for testing thrust/mass relationships) ===': Syntax error in formula '== MASS SIMULATORS (Ballast for testing thrust/mass relationships) ===': invalid syntax
2026-03-28 09:11:56,402 - game.simulation.formula_system - WARNING - Formula evaluation failed for '== MASS SIMULATORS (Ballast for testing thrust/mass relationships) ===': Syntax error in formula '== MASS SIMULATORS (Ballast for testing thrust/mass relationships) ===': invalid syntax
2026-03-28 09:11:56,402 - game.simulation.formula_system - WARNING - Formula evaluation failed for '== MASS SIMULATORS (Ballast for testing thrust/mass relationships) ===': Syntax error in formula '== MASS SIMULATORS (Ballast for testing thrust/mass relationships) ===': invalid syntax
2026-03-28 09:11:56,403 - game.simulation.formula_system - WARNING - Formula evaluation failed for '== MASS SIMULATORS (Ballast for testing thrust/mass relationships) ===': Syntax error in formula '== MASS SIMULATORS (Ballast for testing thrust/mass relationships) ===': invalid syntax
2026-03-28 09:11:56,403 - game.simulation.formula_system - WARNING - Formula evaluation failed for '== MASS SIMULATORS (Ballast for testing thrust/mass relationships) ===': Syntax error in formula '== MASS SIMULATORS (Ballast for testing thrust/mass relationships) ===': invalid syntax
2026-03-28 09:11:56,403 - game.simulation.formula_system - WARNING - Formula evaluation failed for '== MASS SIMULATORS (Ballast for testing thrust/mass relationships) ===': Syntax error in formula '== MASS SIMULATORS (Ballast for testing thrust/mass relationships) ===': invalid syntax
2026-03-28 09:11:56,403 - game.simulation.formula_system - WARNING - Formula evaluation failed for '== MASS SIMULATORS (Ballast for testing thrust/mass relationships) ===': Syntax error in formula '== MASS SIMULATORS (Ballast for testing thrust/mass relationships) ===': invalid syntax
2026-03-28 09:11:56,403 - game.simulation.formula_system - WARNING - Formula evaluation failed for '== MASS SIMULATORS (Ballast for testing thrust/mass relationships) ===': Syntax error in formula '== MASS SIMULATORS (Ballast for testing thrust/mass relationships) ===': invalid syntax
2026-03-28 09:11:56,403 - game.simulation.formula_system - WARNING - Formula evaluation failed for '== MASS SIMULATORS (Ballast for testing thrust/mass relationships) ===': Syntax error in formula '== MASS SIMULATORS (Ballast for testing thrust/mass relationships) ===': invalid syntax
2026-03-28 09:11:56,403 - game.simulation.formula_system - WARNING - Formula evaluation failed for '== MASS SIMULATORS (Ballast for testing thrust/mass relationships) ===': Syntax error in formula '== MASS SIMULATORS (Ballast for testing thrust/mass relationships) ===': invalid syntax
2026-03-28 09:11:56,403 - game.simulation.formula_system - WARNING - Formula evaluation failed for '== MASS SIMULATORS (Ballast for testing thrust/mass relationships) ===': Syntax error in formula '== MASS SIMULATORS (Ballast for testing thrust/mass relationships) ===': invalid syntax
2026-03-28 09:11:56,403 - game.simulation.formula_system - WARNING - Formula evaluation failed for '== MASS SIMULATORS (Ballast for testing thrust/mass relationships) ===': Syntax error in formula '== MASS SIMULATORS (Ballast for testing thrust/mass relationships) ===': invalid syntax
2026-03-28 09:11:56,403 - game.simulation.formula_system - WARNING - Formula evaluation failed for '== MASS SIMULATORS (Ballast for testing thrust/mass relationships) ===': Syntax error in formula '== MASS SIMULATORS (Ballast for testing thrust/mass relationships) ===': invalid syntax
2026-03-28 09:11:56,403 - game.simulation.formula_system - WARNING - Formula evaluation failed for '== MASS SIMULATORS (Ballast for testing thrust/mass relationships) ===': Syntax error in formula '== MASS SIMULATORS (Ballast for testing thrust/mass relationships) ===': invalid syntax
2026-03-28 09:11:56,403 - game.simulation.formula_system - WARNING - Formula evaluation failed for '== MASS SIMULATORS (Ballast for testing thrust/mass relationships) ===': Syntax error in formula '== MASS SIMULATORS (Ballast for testing thrust/mass relationships) ===': invalid syntax
2026-03-28 09:11:56,403 - game.simulation.formula_system - WARNING - Formula evaluation failed for '== MASS SIMULATORS (Ballast for testing thrust/mass relationships) ===': Syntax error in formula '== MASS SIMULATORS (Ballast for testing thrust/mass relationships) ===': invalid syntax
2026-03-28 09:11:56,403 - game.simulation.formula_system - WARNING - Formula evaluation failed for '== MASS SIMULATORS (Ballast for testing thrust/mass relationships) ===': Syntax error in formula '== MASS SIMULATORS (Ballast for testing thrust/mass relationships) ===': invalid syntax
2026-03-28 09:11:56,403 - game.simulation.formula_system - WARNING - Formula evaluation failed for '== MASS SIMULATORS (Ballast for testing thrust/mass relationships) ===': Syntax error in formula '== MASS SIMULATORS (Ballast for testing thrust/mass relationships) ===': invalid syntax
2026-03-28 09:11:56,404 - game.simulation.entities.ship_serialization - WARNING - Ship 'Test Engine 1x MedMass' stats mismatch after loading!
2026-03-28 09:11:56,404 - game.simulation.entities.ship_serialization - WARNING -   - max_hp: got 552, expected 502
2026-03-28 09:11:56,404 - game.simulation.formula_system - WARNING - Formula evaluation failed for '== MASS SIMULATORS (Ballast for testing thrust/mass relationships) ===': Syntax error in formula '== MASS SIMULATORS (Ballast for testing thrust/mass relationships) ===': invalid syntax
2026-03-28 09:11:56,404 - game.simulation.formula_system - WARNING - Formula evaluation failed for '== MASS SIMULATORS (Ballast for testing thrust/mass relationships) ===': Syntax error in formula '== MASS SIMULATORS (Ballast for testing thrust/mass relationships) ===': invalid syntax
2026-03-28 09:11:56,406 - game.simulation.formula_system - WARNING - Formula evaluation failed for '== MASS SIMULATORS (Ballast for testing thrust/mass relationships) ===': Syntax error in formula '== MASS SIMULATORS (Ballast for testing thrust/mass relationships) ===': invalid syntax
2026-03-28 09:11:56,406 - game.simulation.formula_system - WARNING - Formula evaluation failed for '== MASS SIMULATORS (Ballast for testing thrust/mass relationships) ===': Syntax error in formula '== MASS SIMULATORS (Ballast for testing thrust/mass relationships) ===': invalid syntax
2026-03-28 09:11:56,406 - game.simulation.formula_system - WARNING - Formula evaluation failed for '== MASS SIMULATORS (Ballast for testing thrust/mass relationships) ===': Syntax error in formula '== MASS SIMULATORS (Ballast for testing thrust/mass relationships) ===': invalid syntax
2026-03-28 09:11:56,406 - game.simulation.formula_system - WARNING - Formula evaluation failed for '== MASS SIMULATORS (Ballast for testing thrust/mass relationships) ===': Syntax error in formula '== MASS SIMULATORS (Ballast for testing thrust/mass relationships) ===': invalid syntax
2026-03-28 09:11:56,406 - game.simulation.formula_system - WARNING - Formula evaluation failed for '== MASS SIMULATORS (Ballast for testing thrust/mass relationships) ===': Syntax error in formula '== MASS SIMULATORS (Ballast for testing thrust/mass relationships) ===': invalid syntax
2026-03-28 09:11:56,406 - game.simulation.formula_system - WARNING - Formula evaluation failed for '== MASS SIMULATORS (Ballast for testing thrust/mass relationships) ===': Syntax error in formula '== MASS SIMULATORS (Ballast for testing thrust/mass relationships) ===': invalid syntax
2026-03-28 09:11:56,406 - game.simulation.formula_system - WARNING - Formula evaluation failed for '== MASS SIMULATORS (Ballast for testing thrust/mass relationships) ===': Syntax error in formula '== MASS SIMULATORS (Ballast for testing thrust/mass relationships) ===': invalid syntax
2026-03-28 09:11:56,406 - game.simulation.formula_system - WARNING - Formula evaluation failed for '== MASS SIMULATORS (Ballast for testing thrust/mass relationships) ===': Syntax error in formula '== MASS SIMULATORS (Ballast for testing thrust/mass relationships) ===': invalid syntax
2026-03-28 09:11:56,406 - game.simulation.formula_system - WARNING - Formula evaluation failed for '== MASS SIMULATORS (Ballast for testing thrust/mass relationships) ===': Syntax error in formula '== MASS SIMULATORS (Ballast for testing thrust/mass relationships) ===': invalid syntax
2026-03-28 09:11:56,407 - game.simulation.formula_system - WARNING - Formula evaluation failed for '== MASS SIMULATORS (Ballast for testing thrust/mass relationships) ===': Syntax error in formula '== MASS SIMULATORS (Ballast for testing thrust/mass relationships) ===': invalid syntax
2026-03-28 09:11:56,407 - game.simulation.formula_system - WARNING - Formula evaluation failed for '== MASS SIMULATORS (Ballast for testing thrust/mass relationships) ===': Syntax error in formula '== MASS SIMULATORS (Ballast for testing thrust/mass relationships) ===': invalid syntax
2026-03-28 09:11:56,407 - game.simulation.formula_system - WARNING - Formula evaluation failed for '== MASS SIMULATORS (Ballast for testing thrust/mass relationships) ===': Syntax error in formula '== MASS SIMULATORS (Ballast for testing thrust/mass relationships) ===': invalid syntax
2026-03-28 09:11:56,407 - game.simulation.formula_system - WARNING - Formula evaluation failed for '== MASS SIMULATORS (Ballast for testing thrust/mass relationships) ===': Syntax error in formula '== MASS SIMULATORS (Ballast for testing thrust/mass relationships) ===': invalid syntax
2026-03-28 09:11:56,407 - game.simulation.formula_system - WARNING - Formula evaluation failed for '== MASS SIMULATORS (Ballast for testing thrust/mass relationships) ===': Syntax error in formula '== MASS SIMULATORS (Ballast for testing thrust/mass relationships) ===': invalid syntax
2026-03-28 09:11:56,407 - game.simulation.formula_system - WARNING - Formula evaluation failed for '== MASS SIMULATORS (Ballast for testing thrust/mass relationships) ===': Syntax error in formula '== MASS SIMULATORS (Ballast for testing thrust/mass relationships) ===': invalid syntax
2026-03-28 09:11:56,407 - game.simulation.formula_system - WARNING - Formula evaluation failed for '== MASS SIMULATORS (Ballast for testing thrust/mass relationships) ===': Syntax error in formula '== MASS SIMULATORS (Ballast for testing thrust/mass relationships) ===': invalid syntax
2026-03-28 09:11:56,407 - game.simulation.formula_system - WARNING - Formula evaluation failed for '== MASS SIMULATORS (Ballast for testing thrust/mass relationships) ===': Syntax error in formula '== MASS SIMULATORS (Ballast for testing thrust/mass relationships) ===': invalid syntax
2026-03-28 09:11:56,407 - game.simulation.formula_system - WARNING - Formula evaluation failed for '== MASS SIMULATORS (Ballast for testing thrust/mass relationships) ===': Syntax error in formula '== MASS SIMULATORS (Ballast for testing thrust/mass relationships) ===': invalid syntax
2026-03-28 09:11:56,407 - game.simulation.formula_system - WARNING - Formula evaluation failed for '== MASS SIMULATORS (Ballast for testing thrust/mass relationships) ===': Syntax error in formula '== MASS SIMULATORS (Ballast for testing thrust/mass relationships) ===': invalid syntax
2026-03-28 09:11:56,407 - game.simulation.formula_system - WARNING - Formula evaluation failed for '== MASS SIMULATORS (Ballast for testing thrust/mass relationships) ===': Syntax error in formula '== MASS SIMULATORS (Ballast for testing thrust/mass relationships) ===': invalid syntax
2026-03-28 09:11:56,407 - game.simulation.formula_system - WARNING - Formula evaluation failed for '== MASS SIMULATORS (Ballast for testing thrust/mass relationships) ===': Syntax error in formula '== MASS SIMULATORS (Ballast for testing thrust/mass relationships) ===': invalid syntax
2026-03-28 09:11:56,407 - game.simulation.formula_system - WARNING - Formula evaluation failed for '== MASS SIMULATORS (Ballast for testing thrust/mass relationships) ===': Syntax error in formula '== MASS SIMULATORS (Ballast for testing thrust/mass relationships) ===': invalid syntax
2026-03-28 09:11:56,407 - game.simulation.formula_system - WARNING - Formula evaluation failed for '== MASS SIMULATORS (Ballast for testing thrust/mass relationships) ===': Syntax error in formula '== MASS SIMULATORS (Ballast for testing thrust/mass relationships) ===': invalid syntax
2026-03-28 09:11:56,407 - game.simulation.formula_system - WARNING - Formula evaluation failed for '== MASS SIMULATORS (Ballast for testing thrust/mass relationships) ===': Syntax error in formula '== MASS SIMULATORS (Ballast for testing thrust/mass relationships) ===': invalid syntax
2026-03-28 09:11:56,407 - game.simulation.formula_system - WARNING - Formula evaluation failed for '== MASS SIMULATORS (Ballast for testing thrust/mass relationships) ===': Syntax error in formula '== MASS SIMULATORS (Ballast for testing thrust/mass relationships) ===': invalid syntax
2026-03-28 09:11:56,407 - game.simulation.formula_system - WARNING - Formula evaluation failed for '== MASS SIMULATORS (Ballast for testing thrust/mass relationships) ===': Syntax error in formula '== MASS SIMULATORS (Ballast for testing thrust/mass relationships) ===': invalid syntax
2026-03-28 09:11:56,407 - game.simulation.formula_system - WARNING - Formula evaluation failed for '== MASS SIMULATORS (Ballast for testing thrust/mass relationships) ===': Syntax error in formula '== MASS SIMULATORS (Ballast for testing thrust/mass relationships) ===': invalid syntax
2026-03-28 09:11:56,407 - game.simulation.formula_system - WARNING - Formula evaluation failed for '== MASS SIMULATORS (Ballast for testing thrust/mass relationships) ===': Syntax error in formula '== MASS SIMULATORS (Ballast for testing thrust/mass relationships) ===': invalid syntax
2026-03-28 09:11:56,407 - game.simulation.formula_system - WARNING - Formula evaluation failed for '== MASS SIMULATORS (Ballast for testing thrust/mass relationships) ===': Syntax error in formula '== MASS SIMULATORS (Ballast for testing thrust/mass relationships) ===': invalid syntax
2026-03-28 09:11:56,407 - game.simulation.formula_system - WARNING - Formula evaluation failed for '== MASS SIMULATORS (Ballast for testing thrust/mass relationships) ===': Syntax error in formula '== MASS SIMULATORS (Ballast for testing thrust/mass relationships) ===': invalid syntax
2026-03-28 09:11:56,407 - game.simulation.formula_system - WARNING - Formula evaluation failed for '== MASS SIMULATORS (Ballast for testing thrust/mass relationships) ===': Syntax error in formula '== MASS SIMULATORS (Ballast for testing thrust/mass relationships) ===': invalid syntax
2026-03-28 09:11:56,407 - game.simulation.formula_system - WARNING - Formula evaluation failed for '== MASS SIMULATORS (Ballast for testing thrust/mass relationships) ===': Syntax error in formula '== MASS SIMULATORS (Ballast for testing thrust/mass relationships) ===': invalid syntax
2026-03-28 09:11:56,409 - game.simulation.formula_system - WARNING - Formula evaluation failed for '== MASS SIMULATORS (Ballast for testing thrust/mass relationships) ===': Syntax error in formula '== MASS SIMULATORS (Ballast for testing thrust/mass relationships) ===': invalid syntax
2026-03-28 09:11:56,409 - game.simulation.formula_system - WARNING - Formula evaluation failed for '== MASS SIMULATORS (Ballast for testing thrust/mass relationships) ===': Syntax error in formula '== MASS SIMULATORS (Ballast for testing thrust/mass relationships) ===': invalid syntax
2026-03-28 09:11:56,409 - game.simulation.formula_system - WARNING - Formula evaluation failed for '== MASS SIMULATORS (Ballast for testing thrust/mass relationships) ===': Syntax error in formula '== MASS SIMULATORS (Ballast for testing thrust/mass relationships) ===': invalid syntax
2026-03-28 09:11:56,409 - game.simulation.formula_system - WARNING - Formula evaluation failed for '== MASS SIMULATORS (Ballast for testing thrust/mass relationships) ===': Syntax error in formula '== MASS SIMULATORS (Ballast for testing thrust/mass relationships) ===': invalid syntax
2026-03-28 09:11:56,409 - game.simulation.formula_system - WARNING - Formula evaluation failed for '== MASS SIMULATORS (Ballast for testing thrust/mass relationships) ===': Syntax error in formula '== MASS SIMULATORS (Ballast for testing thrust/mass relationships) ===': invalid syntax
2026-03-28 09:11:56,409 - game.simulation.formula_system - WARNING - Formula evaluation failed for '== MASS SIMULATORS (Ballast for testing thrust/mass relationships) ===': Syntax error in formula '== MASS SIMULATORS (Ballast for testing thrust/mass relationships) ===': invalid syntax
2026-03-28 09:11:56,409 - game.simulation.formula_system - WARNING - Formula evaluation failed for '== MASS SIMULATORS (Ballast for testing thrust/mass relationships) ===': Syntax error in formula '== MASS SIMULATORS (Ballast for testing thrust/mass relationships) ===': invalid syntax
2026-03-28 09:11:56,409 - game.simulation.formula_system - WARNING - Formula evaluation failed for '== MASS SIMULATORS (Ballast for testing thrust/mass relationships) ===': Syntax error in formula '== MASS SIMULATORS (Ballast for testing thrust/mass relationships) ===': invalid syntax
2026-03-28 09:11:56,409 - game.simulation.formula_system - WARNING - Formula evaluation failed for '== MASS SIMULATORS (Ballast for testing thrust/mass relationships) ===': Syntax error in formula '== MASS SIMULATORS (Ballast for testing thrust/mass relationships) ===': invalid syntax
2026-03-28 09:11:56,409 - game.simulation.formula_system - WARNING - Formula evaluation failed for '== MASS SIMULATORS (Ballast for testing thrust/mass relationships) ===': Syntax error in formula '== MASS SIMULATORS (Ballast for testing thrust/mass relationships) ===': invalid syntax
2026-03-28 09:11:56,409 - game.simulation.formula_system - WARNING - Formula evaluation failed for '== MASS SIMULATORS (Ballast for testing thrust/mass relationships) ===': Syntax error in formula '== MASS SIMULATORS (Ballast for testing thrust/mass relationships) ===': invalid syntax
2026-03-28 09:11:56,409 - game.simulation.formula_system - WARNING - Formula evaluation failed for '== MASS SIMULATORS (Ballast for testing thrust/mass relationships) ===': Syntax error in formula '== MASS SIMULATORS (Ballast for testing thrust/mass relationships) ===': invalid syntax
2026-03-28 09:11:56,409 - game.simulation.formula_system - WARNING - Formula evaluation failed for '== MASS SIMULATORS (Ballast for testing thrust/mass relationships) ===': Syntax error in formula '== MASS SIMULATORS (Ballast for testing thrust/mass relationships) ===': invalid syntax
2026-03-28 09:11:56,409 - game.simulation.formula_system - WARNING - Formula evaluation failed for '== MASS SIMULATORS (Ballast for testing thrust/mass relationships) ===': Syntax error in formula '== MASS SIMULATORS (Ballast for testing thrust/mass relationships) ===': invalid syntax
2026-03-28 09:11:56,409 - game.simulation.formula_system - WARNING - Formula evaluation failed for '== MASS SIMULATORS (Ballast for testing thrust/mass relationships) ===': Syntax error in formula '== MASS SIMULATORS (Ballast for testing thrust/mass relationships) ===': invalid syntax
2026-03-28 09:11:56,409 - game.simulation.formula_system - WARNING - Formula evaluation failed for '== MASS SIMULATORS (Ballast for testing thrust/mass relationships) ===': Syntax error in formula '== MASS SIMULATORS (Ballast for testing thrust/mass relationships) ===': invalid syntax
2026-03-28 09:11:56,409 - game.simulation.formula_system - WARNING - Formula evaluation failed for '== MASS SIMULATORS (Ballast for testing thrust/mass relationships) ===': Syntax error in formula '== MASS SIMULATORS (Ballast for testing thrust/mass relationships) ===': invalid syntax
2026-03-28 09:11:56,409 - game.simulation.formula_system - WARNING - Formula evaluation failed for '== MASS SIMULATORS (Ballast for testing thrust/mass relationships) ===': Syntax error in formula '== MASS SIMULATORS (Ballast for testing thrust/mass relationships) ===': invalid syntax
2026-03-28 09:11:56,409 - game.simulation.formula_system - WARNING - Formula evaluation failed for '== MASS SIMULATORS (Ballast for testing thrust/mass relationships) ===': Syntax error in formula '== MASS SIMULATORS (Ballast for testing thrust/mass relationships) ===': invalid syntax
2026-03-28 09:11:56,409 - game.simulation.formula_system - WARNING - Formula evaluation failed for '== MASS SIMULATORS (Ballast for testing thrust/mass relationships) ===': Syntax error in formula '== MASS SIMULATORS (Ballast for testing thrust/mass relationships) ===': invalid syntax
2026-03-28 09:11:56,409 - game.simulation.formula_system - WARNING - Formula evaluation failed for '== MASS SIMULATORS (Ballast for testing thrust/mass relationships) ===': Syntax error in formula '== MASS SIMULATORS (Ballast for testing thrust/mass relationships) ===': invalid syntax
2026-03-28 09:11:56,409 - game.simulation.formula_system - WARNING - Formula evaluation failed for '== MASS SIMULATORS (Ballast for testing thrust/mass relationships) ===': Syntax error in formula '== MASS SIMULATORS (Ballast for testing thrust/mass relationships) ===': invalid syntax
2026-03-28 09:11:56,409 - game.simulation.formula_system - WARNING - Formula evaluation failed for '== MASS SIMULATORS (Ballast for testing thrust/mass relationships) ===': Syntax error in formula '== MASS SIMULATORS (Ballast for testing thrust/mass relationships) ===': invalid syntax
2026-03-28 09:11:56,410 - game.simulation.formula_system - WARNING - Formula evaluation failed for '== MASS SIMULATORS (Ballast for testing thrust/mass relationships) ===': Syntax error in formula '== MASS SIMULATORS (Ballast for testing thrust/mass relationships) ===': invalid syntax
2026-03-28 09:11:56,410 - game.simulation.formula_system - WARNING - Formula evaluation failed for '== MASS SIMULATORS (Ballast for testing thrust/mass relationships) ===': Syntax error in formula '== MASS SIMULATORS (Ballast for testing thrust/mass relationships) ===': invalid syntax
2026-03-28 09:11:56,410 - game.simulation.formula_system - WARNING - Formula evaluation failed for '== MASS SIMULATORS (Ballast for testing thrust/mass relationships) ===': Syntax error in formula '== MASS SIMULATORS (Ballast for testing thrust/mass relationships) ===': invalid syntax
2026-03-28 09:11:56,410 - game.simulation.formula_system - WARNING - Formula evaluation failed for '== MASS SIMULATORS (Ballast for testing thrust/mass relationships) ===': Syntax error in formula '== MASS SIMULATORS (Ballast for testing thrust/mass relationships) ===': invalid syntax
2026-03-28 09:11:56,410 - game.simulation.formula_system - WARNING - Formula evaluation failed for '== MASS SIMULATORS (Ballast for testing thrust/mass relationships) ===': Syntax error in formula '== MASS SIMULATORS (Ballast for testing thrust/mass relationships) ===': invalid syntax
2026-03-28 09:11:56,410 - game.simulation.formula_system - WARNING - Formula evaluation failed for '== MASS SIMULATORS (Ballast for testing thrust/mass relationships) ===': Syntax error in formula '== MASS SIMULATORS (Ballast for testing thrust/mass relationships) ===': invalid syntax
2026-03-28 09:11:56,410 - game.simulation.formula_system - WARNING - Formula evaluation failed for '== MASS SIMULATORS (Ballast for testing thrust/mass relationships) ===': Syntax error in formula '== MASS SIMULATORS (Ballast for testing thrust/mass relationships) ===': invalid syntax
2026-03-28 09:11:56,410 - game.simulation.formula_system - WARNING - Formula evaluation failed for '== MASS SIMULATORS (Ballast for testing thrust/mass relationships) ===': Syntax error in formula '== MASS SIMULATORS (Ballast for testing thrust/mass relationships) ===': invalid syntax
2026-03-28 09:11:56,410 - game.simulation.formula_system - WARNING - Formula evaluation failed for '== MASS SIMULATORS (Ballast for testing thrust/mass relationships) ===': Syntax error in formula '== MASS SIMULATORS (Ballast for testing thrust/mass relationships) ===': invalid syntax
2026-03-28 09:11:56,410 - game.simulation.formula_system - WARNING - Formula evaluation failed for '== MASS SIMULATORS (Ballast for testing thrust/mass relationships) ===': Syntax error in formula '== MASS SIMULATORS (Ballast for testing thrust/mass relationships) ===': invalid syntax
2026-03-28 09:11:56,412 - game.simulation.formula_system - WARNING - Formula evaluation failed for '== MASS SIMULATORS (Ballast for testing thrust/mass relationships) ===': Syntax error in formula '== MASS SIMULATORS (Ballast for testing thrust/mass relationships) ===': invalid syntax
2026-03-28 09:11:56,412 - game.simulation.formula_system - WARNING - Formula evaluation failed for '== MASS SIMULATORS (Ballast for testing thrust/mass relationships) ===': Syntax error in formula '== MASS SIMULATORS (Ballast for testing thrust/mass relationships) ===': invalid syntax
2026-03-28 09:11:56,412 - game.simulation.formula_system - WARNING - Formula evaluation failed for '== MASS SIMULATORS (Ballast for testing thrust/mass relationships) ===': Syntax error in formula '== MASS SIMULATORS (Ballast for testing thrust/mass relationships) ===': invalid syntax
2026-03-28 09:11:56,412 - game.simulation.formula_system - WARNING - Formula evaluation failed for '== MASS SIMULATORS (Ballast for testing thrust/mass relationships) ===': Syntax error in formula '== MASS SIMULATORS (Ballast for testing thrust/mass relationships) ===': invalid syntax
2026-03-28 09:11:56,412 - game.simulation.formula_system - WARNING - Formula evaluation failed for '== MASS SIMULATORS (Ballast for testing thrust/mass relationships) ===': Syntax error in formula '== MASS SIMULATORS (Ballast for testing thrust/mass relationships) ===': invalid syntax
2026-03-28 09:11:56,412 - game.simulation.formula_system - WARNING - Formula evaluation failed for '== MASS SIMULATORS (Ballast for testing thrust/mass relationships) ===': Syntax error in formula '== MASS SIMULATORS (Ballast for testing thrust/mass relationships) ===': invalid syntax
2026-03-28 09:11:56,412 - game.simulation.formula_system - WARNING - Formula evaluation failed for '== MASS SIMULATORS (Ballast for testing thrust/mass relationships) ===': Syntax error in formula '== MASS SIMULATORS (Ballast for testing thrust/mass relationships) ===': invalid syntax
2026-03-28 09:11:56,412 - game.simulation.formula_system - WARNING - Formula evaluation failed for '== MASS SIMULATORS (Ballast for testing thrust/mass relationships) ===': Syntax error in formula '== MASS SIMULATORS (Ballast for testing thrust/mass relationships) ===': invalid syntax
2026-03-28 09:11:56,412 - game.simulation.formula_system - WARNING - Formula evaluation failed for '== MASS SIMULATORS (Ballast for testing thrust/mass relationships) ===': Syntax error in formula '== MASS SIMULATORS (Ballast for testing thrust/mass relationships) ===': invalid syntax
2026-03-28 09:11:56,412 - game.simulation.formula_system - WARNING - Formula evaluation failed for '== MASS SIMULATORS (Ballast for testing thrust/mass relationships) ===': Syntax error in formula '== MASS SIMULATORS (Ballast for testing thrust/mass relationships) ===': invalid syntax
2026-03-28 09:11:56,412 - game.simulation.formula_system - WARNING - Formula evaluation failed for '== MASS SIMULATORS (Ballast for testing thrust/mass relationships) ===': Syntax error in formula '== MASS SIMULATORS (Ballast for testing thrust/mass relationships) ===': invalid syntax
2026-03-28 09:11:56,412 - game.simulation.formula_system - WARNING - Formula evaluation failed for '== MASS SIMULATORS (Ballast for testing thrust/mass relationships) ===': Syntax error in formula '== MASS SIMULATORS (Ballast for testing thrust/mass relationships) ===': invalid syntax
2026-03-28 09:11:56,412 - game.simulation.formula_system - WARNING - Formula evaluation failed for '== MASS SIMULATORS (Ballast for testing thrust/mass relationships) ===': Syntax error in formula '== MASS SIMULATORS (Ballast for testing thrust/mass relationships) ===': invalid syntax
2026-03-28 09:11:56,412 - game.simulation.formula_system - WARNING - Formula evaluation failed for '== MASS SIMULATORS (Ballast for testing thrust/mass relationships) ===': Syntax error in formula '== MASS SIMULATORS (Ballast for testing thrust/mass relationships) ===': invalid syntax
2026-03-28 09:11:56,412 - game.simulation.formula_system - WARNING - Formula evaluation failed for '== MASS SIMULATORS (Ballast for testing thrust/mass relationships) ===': Syntax error in formula '== MASS SIMULATORS (Ballast for testing thrust/mass relationships) ===': invalid syntax
2026-03-28 09:11:56,412 - game.simulation.formula_system - WARNING - Formula evaluation failed for '== MASS SIMULATORS (Ballast for testing thrust/mass relationships) ===': Syntax error in formula '== MASS SIMULATORS (Ballast for testing thrust/mass relationships) ===': invalid syntax
2026-03-28 09:11:56,412 - game.simulation.formula_system - WARNING - Formula evaluation failed for '== MASS SIMULATORS (Ballast for testing thrust/mass relationships) ===': Syntax error in formula '== MASS SIMULATORS (Ballast for testing thrust/mass relationships) ===': invalid syntax
2026-03-28 09:11:56,412 - game.simulation.formula_system - WARNING - Formula evaluation failed for '== MASS SIMULATORS (Ballast for testing thrust/mass relationships) ===': Syntax error in formula '== MASS SIMULATORS (Ballast for testing thrust/mass relationships) ===': invalid syntax
2026-03-28 09:11:56,412 - game.simulation.formula_system - WARNING - Formula evaluation failed for '== MASS SIMULATORS (Ballast for testing thrust/mass relationships) ===': Syntax error in formula '== MASS SIMULATORS (Ballast for testing thrust/mass relationships) ===': invalid syntax
2026-03-28 09:11:56,412 - game.simulation.formula_system - WARNING - Formula evaluation failed for '== MASS SIMULATORS (Ballast for testing thrust/mass relationships) ===': Syntax error in formula '== MASS SIMULATORS (Ballast for testing thrust/mass relationships) ===': invalid syntax
2026-03-28 09:11:56,412 - game.simulation.formula_system - WARNING - Formula evaluation failed for '== MASS SIMULATORS (Ballast for testing thrust/mass relationships) ===': Syntax error in formula '== MASS SIMULATORS (Ballast for testing thrust/mass relationships) ===': invalid syntax
2026-03-28 09:11:56,412 - game.simulation.formula_system - WARNING - Formula evaluation failed for '== MASS SIMULATORS (Ballast for testing thrust/mass relationships) ===': Syntax error in formula '== MASS SIMULATORS (Ballast for testing thrust/mass relationships) ===': invalid syntax
2026-03-28 09:11:56,412 - game.simulation.formula_system - WARNING - Formula evaluation failed for '== MASS SIMULATORS (Ballast for testing thrust/mass relationships) ===': Syntax error in formula '== MASS SIMULATORS (Ballast for testing thrust/mass relationships) ===': invalid syntax
2026-03-28 09:11:56,414 - game.simulation.formula_system - WARNING - Formula evaluation failed for '== MASS SIMULATORS (Ballast for testing thrust/mass relationships) ===': Syntax error in formula '== MASS SIMULATORS (Ballast for testing thrust/mass relationships) ===': invalid syntax
2026-03-28 09:11:56,414 - game.simulation.formula_system - WARNING - Formula evaluation failed for '== MASS SIMULATORS (Ballast for testing thrust/mass relationships) ===': Syntax error in formula '== MASS SIMULATORS (Ballast for testing thrust/mass relationships) ===': invalid syntax
2026-03-28 09:11:56,414 - game.simulation.formula_system - WARNING - Formula evaluation failed for '== MASS SIMULATORS (Ballast for testing thrust/mass relationships) ===': Syntax error in formula '== MASS SIMULATORS (Ballast for testing thrust/mass relationships) ===': invalid syntax
2026-03-28 09:11:56,414 - game.simulation.formula_system - WARNING - Formula evaluation failed for '== MASS SIMULATORS (Ballast for testing thrust/mass relationships) ===': Syntax error in formula '== MASS SIMULATORS (Ballast for testing thrust/mass relationships) ===': invalid syntax
2026-03-28 09:11:56,414 - game.simulation.formula_system - WARNING - Formula evaluation failed for '== MASS SIMULATORS (Ballast for testing thrust/mass relationships) ===': Syntax error in formula '== MASS SIMULATORS (Ballast for testing thrust/mass relationships) ===': invalid syntax
2026-03-28 09:11:56,414 - game.simulation.formula_system - WARNING - Formula evaluation failed for '== MASS SIMULATORS (Ballast for testing thrust/mass relationships) ===': Syntax error in formula '== MASS SIMULATORS (Ballast for testing thrust/mass relationships) ===': invalid syntax
2026-03-28 09:11:56,414 - game.simulation.formula_system - WARNING - Formula evaluation failed for '== MASS SIMULATORS (Ballast for testing thrust/mass relationships) ===': Syntax error in formula '== MASS SIMULATORS (Ballast for testing thrust/mass relationships) ===': invalid syntax
2026-03-28 09:11:56,414 - game.simulation.formula_system - WARNING - Formula evaluation failed for '== MASS SIMULATORS (Ballast for testing thrust/mass relationships) ===': Syntax error in formula '== MASS SIMULATORS (Ballast for testing thrust/mass relationships) ===': invalid syntax
2026-03-28 09:11:56,414 - game.simulation.formula_system - WARNING - Formula evaluation failed for '== MASS SIMULATORS (Ballast for testing thrust/mass relationships) ===': Syntax error in formula '== MASS SIMULATORS (Ballast for testing thrust/mass relationships) ===': invalid syntax
2026-03-28 09:11:56,414 - game.simulation.formula_system - WARNING - Formula evaluation failed for '== MASS SIMULATORS (Ballast for testing thrust/mass relationships) ===': Syntax error in formula '== MASS SIMULATORS (Ballast for testing thrust/mass relationships) ===': invalid syntax
2026-03-28 09:11:56,414 - game.simulation.formula_system - WARNING - Formula evaluation failed for '== MASS SIMULATORS (Ballast for testing thrust/mass relationships) ===': Syntax error in formula '== MASS SIMULATORS (Ballast for testing thrust/mass relationships) ===': invalid syntax
2026-03-28 09:11:56,414 - game.simulation.formula_system - WARNING - Formula evaluation failed for '== MASS SIMULATORS (Ballast for testing thrust/mass relationships) ===': Syntax error in formula '== MASS SIMULATORS (Ballast for testing thrust/mass relationships) ===': invalid syntax
2026-03-28 09:11:56,414 - game.simulation.formula_system - WARNING - Formula evaluation failed for '== MASS SIMULATORS (Ballast for testing thrust/mass relationships) ===': Syntax error in formula '== MASS SIMULATORS (Ballast for testing thrust/mass relationships) ===': invalid syntax
2026-03-28 09:11:56,414 - game.simulation.formula_system - WARNING - Formula evaluation failed for '== MASS SIMULATORS (Ballast for testing thrust/mass relationships) ===': Syntax error in formula '== MASS SIMULATORS (Ballast for testing thrust/mass relationships) ===': invalid syntax
2026-03-28 09:11:56,414 - game.simulation.formula_system - WARNING - Formula evaluation failed for '== MASS SIMULATORS (Ballast for testing thrust/mass relationships) ===': Syntax error in formula '== MASS SIMULATORS (Ballast for testing thrust/mass relationships) ===': invalid syntax
2026-03-28 09:11:56,414 - game.simulation.formula_system - WARNING - Formula evaluation failed for '== MASS SIMULATORS (Ballast for testing thrust/mass relationships) ===': Syntax error in formula '== MASS SIMULATORS (Ballast for testing thrust/mass relationships) ===': invalid syntax
2026-03-28 09:11:56,414 - game.simulation.formula_system - WARNING - Formula evaluation failed for '== MASS SIMULATORS (Ballast for testing thrust/mass relationships) ===': Syntax error in formula '== MASS SIMULATORS (Ballast for testing thrust/mass relationships) ===': invalid syntax
2026-03-28 09:11:56,414 - game.simulation.formula_system - WARNING - Formula evaluation failed for '== MASS SIMULATORS (Ballast for testing thrust/mass relationships) ===': Syntax error in formula '== MASS SIMULATORS (Ballast for testing thrust/mass relationships) ===': invalid syntax
2026-03-28 09:11:56,415 - game.simulation.formula_system - WARNING - Formula evaluation failed for '== MASS SIMULATORS (Ballast for testing thrust/mass relationships) ===': Syntax error in formula '== MASS SIMULATORS (Ballast for testing thrust/mass relationships) ===': invalid syntax
2026-03-28 09:11:56,415 - game.simulation.formula_system - WARNING - Formula evaluation failed for '== MASS SIMULATORS (Ballast for testing thrust/mass relationships) ===': Syntax error in formula '== MASS SIMULATORS (Ballast for testing thrust/mass relationships) ===': invalid syntax
2026-03-28 09:11:56,415 - game.simulation.formula_system - WARNING - Formula evaluation failed for '== MASS SIMULATORS (Ballast for testing thrust/mass relationships) ===': Syntax error in formula '== MASS SIMULATORS (Ballast for testing thrust/mass relationships) ===': invalid syntax
2026-03-28 09:11:56,415 - game.simulation.formula_system - WARNING - Formula evaluation failed for '== MASS SIMULATORS (Ballast for testing thrust/mass relationships) ===': Syntax error in formula '== MASS SIMULATORS (Ballast for testing thrust/mass relationships) ===': invalid syntax
2026-03-28 09:11:56,415 - game.simulation.formula_system - WARNING - Formula evaluation failed for '== MASS SIMULATORS (Ballast for testing thrust/mass relationships) ===': Syntax error in formula '== MASS SIMULATORS (Ballast for testing thrust/mass relationships) ===': invalid syntax
2026-03-28 09:11:56,415 - game.simulation.formula_system - WARNING - Formula evaluation failed for '== MASS SIMULATORS (Ballast for testing thrust/mass relationships) ===': Syntax error in formula '== MASS SIMULATORS (Ballast for testing thrust/mass relationships) ===': invalid syntax
2026-03-28 09:11:56,415 - game.simulation.formula_system - WARNING - Formula evaluation failed for '== MASS SIMULATORS (Ballast for testing thrust/mass relationships) ===': Syntax error in formula '== MASS SIMULATORS (Ballast for testing thrust/mass relationships) ===': invalid syntax
2026-03-28 09:11:56,415 - game.simulation.formula_system - WARNING - Formula evaluation failed for '== MASS SIMULATORS (Ballast for testing thrust/mass relationships) ===': Syntax error in formula '== MASS SIMULATORS (Ballast for testing thrust/mass relationships) ===': invalid syntax
2026-03-28 09:11:56,415 - game.simulation.formula_system - WARNING - Formula evaluation failed for '== MASS SIMULATORS (Ballast for testing thrust/mass relationships) ===': Syntax error in formula '== MASS SIMULATORS (Ballast for testing thrust/mass relationships) ===': invalid syntax
2026-03-28 09:11:56,415 - game.simulation.formula_system - WARNING - Formula evaluation failed for '== MASS SIMULATORS (Ballast for testing thrust/mass relationships) ===': Syntax error in formula '== MASS SIMULATORS (Ballast for testing thrust/mass relationships) ===': invalid syntax
2026-03-28 09:11:56,415 - game.simulation.formula_system - WARNING - Formula evaluation failed for '== MASS SIMULATORS (Ballast for testing thrust/mass relationships) ===': Syntax error in formula '== MASS SIMULATORS (Ballast for testing thrust/mass relationships) ===': invalid syntax
2026-03-28 09:11:56,416 - game.simulation.formula_system - WARNING - Formula evaluation failed for '== MASS SIMULATORS (Ballast for testing thrust/mass relationships) ===': Syntax error in formula '== MASS SIMULATORS (Ballast for testing thrust/mass relationships) ===': invalid syntax
2026-03-28 09:11:56,416 - game.simulation.formula_system - WARNING - Formula evaluation failed for '== MASS SIMULATORS (Ballast for testing thrust/mass relationships) ===': Syntax error in formula '== MASS SIMULATORS (Ballast for testing thrust/mass relationships) ===': invalid syntax
2026-03-28 09:11:56,416 - game.simulation.formula_system - WARNING - Formula evaluation failed for '== MASS SIMULATORS (Ballast for testing thrust/mass relationships) ===': Syntax error in formula '== MASS SIMULATORS (Ballast for testing thrust/mass relationships) ===': invalid syntax
2026-03-28 09:11:56,416 - game.simulation.formula_system - WARNING - Formula evaluation failed for '== MASS SIMULATORS (Ballast for testing thrust/mass relationships) ===': Syntax error in formula '== MASS SIMULATORS (Ballast for testing thrust/mass relationships) ===': invalid syntax
2026-03-28 09:11:56,416 - game.simulation.formula_system - WARNING - Formula evaluation failed for '== MASS SIMULATORS (Ballast for testing thrust/mass relationships) ===': Syntax error in formula '== MASS SIMULATORS (Ballast for testing thrust/mass relationships) ===': invalid syntax
2026-03-28 09:11:56,416 - game.simulation.formula_system - WARNING - Formula evaluation failed for '== MASS SIMULATORS (Ballast for testing thrust/mass relationships) ===': Syntax error in formula '== MASS SIMULATORS (Ballast for testing thrust/mass relationships) ===': invalid syntax
2026-03-28 09:11:56,416 - game.simulation.formula_system - WARNING - Formula evaluation failed for '== MASS SIMULATORS (Ballast for testing thrust/mass relationships) ===': Syntax error in formula '== MASS SIMULATORS (Ballast for testing thrust/mass relationships) ===': invalid syntax
2026-03-28 09:11:56,416 - game.simulation.formula_system - WARNING - Formula evaluation failed for '== MASS SIMULATORS (Ballast for testing thrust/mass relationships) ===': Syntax error in formula '== MASS SIMULATORS (Ballast for testing thrust/mass relationships) ===': invalid syntax
2026-03-28 09:11:56,416 - game.simulation.formula_system - WARNING - Formula evaluation failed for '== MASS SIMULATORS (Ballast for testing thrust/mass relationships) ===': Syntax error in formula '== MASS SIMULATORS (Ballast for testing thrust/mass relationships) ===': invalid syntax
2026-03-28 09:11:56,416 - game.simulation.formula_system - WARNING - Formula evaluation failed for '== MASS SIMULATORS (Ballast for testing thrust/mass relationships) ===': Syntax error in formula '== MASS SIMULATORS (Ballast for testing thrust/mass relationships) ===': invalid syntax
2026-03-28 09:11:56,416 - game.simulation.formula_system - WARNING - Formula evaluation failed for '== MASS SIMULATORS (Ballast for testing thrust/mass relationships) ===': Syntax error in formula '== MASS SIMULATORS (Ballast for testing thrust/mass relationships) ===': invalid syntax
2026-03-28 09:11:56,416 - game.simulation.formula_system - WARNING - Formula evaluation failed for '== MASS SIMULATORS (Ballast for testing thrust/mass relationships) ===': Syntax error in formula '== MASS SIMULATORS (Ballast for testing thrust/mass relationships) ===': invalid syntax
2026-03-28 09:11:56,416 - game.simulation.formula_system - WARNING - Formula evaluation failed for '== MASS SIMULATORS (Ballast for testing thrust/mass relationships) ===': Syntax error in formula '== MASS SIMULATORS (Ballast for testing thrust/mass relationships) ===': invalid syntax
2026-03-28 09:11:56,416 - game.simulation.formula_system - WARNING - Formula evaluation failed for '== MASS SIMULATORS (Ballast for testing thrust/mass relationships) ===': Syntax error in formula '== MASS SIMULATORS (Ballast for testing thrust/mass relationships) ===': invalid syntax
2026-03-28 09:11:56,416 - game.simulation.formula_system - WARNING - Formula evaluation failed for '== MASS SIMULATORS (Ballast for testing thrust/mass relationships) ===': Syntax error in formula '== MASS SIMULATORS (Ballast for testing thrust/mass relationships) ===': invalid syntax
2026-03-28 09:11:56,416 - game.simulation.formula_system - WARNING - Formula evaluation failed for '== MASS SIMULATORS (Ballast for testing thrust/mass relationships) ===': Syntax error in formula '== MASS SIMULATORS (Ballast for testing thrust/mass relationships) ===': invalid syntax
2026-03-28 09:11:56,416 - game.simulation.formula_system - WARNING - Formula evaluation failed for '== MASS SIMULATORS (Ballast for testing thrust/mass relationships) ===': Syntax error in formula '== MASS SIMULATORS (Ballast for testing thrust/mass relationships) ===': invalid syntax
2026-03-28 09:11:56,416 - game.simulation.formula_system - WARNING - Formula evaluation failed for '== MASS SIMULATORS (Ballast for testing thrust/mass relationships) ===': Syntax error in formula '== MASS SIMULATORS (Ballast for testing thrust/mass relationships) ===': invalid syntax
2026-03-28 09:11:56,418 - game.simulation.formula_system - WARNING - Formula evaluation failed for '== MASS SIMULATORS (Ballast for testing thrust/mass relationships) ===': Syntax error in formula '== MASS SIMULATORS (Ballast for testing thrust/mass relationships) ===': invalid syntax
2026-03-28 09:11:56,418 - game.simulation.formula_system - WARNING - Formula evaluation failed for '== MASS SIMULATORS (Ballast for testing thrust/mass relationships) ===': Syntax error in formula '== MASS SIMULATORS (Ballast for testing thrust/mass relationships) ===': invalid syntax
2026-03-28 09:11:56,418 - game.simulation.formula_system - WARNING - Formula evaluation failed for '== MASS SIMULATORS (Ballast for testing thrust/mass relationships) ===': Syntax error in formula '== MASS SIMULATORS (Ballast for testing thrust/mass relationships) ===': invalid syntax
2026-03-28 09:11:56,418 - game.simulation.formula_system - WARNING - Formula evaluation failed for '== MASS SIMULATORS (Ballast for testing thrust/mass relationships) ===': Syntax error in formula '== MASS SIMULATORS (Ballast for testing thrust/mass relationships) ===': invalid syntax
2026-03-28 09:11:56,418 - game.simulation.formula_system - WARNING - Formula evaluation failed for '== MASS SIMULATORS (Ballast for testing thrust/mass relationships) ===': Syntax error in formula '== MASS SIMULATORS (Ballast for testing thrust/mass relationships) ===': invalid syntax
2026-03-28 09:11:56,418 - game.simulation.formula_system - WARNING - Formula evaluation failed for '== MASS SIMULATORS (Ballast for testing thrust/mass relationships) ===': Syntax error in formula '== MASS SIMULATORS (Ballast for testing thrust/mass relationships) ===': invalid syntax
2026-03-28 09:11:56,418 - game.simulation.formula_system - WARNING - Formula evaluation failed for '== MASS SIMULATORS (Ballast for testing thrust/mass relationships) ===': Syntax error in formula '== MASS SIMULATORS (Ballast for testing thrust/mass relationships) ===': invalid syntax
2026-03-28 09:11:56,418 - game.simulation.formula_system - WARNING - Formula evaluation failed for '== MASS SIMULATORS (Ballast for testing thrust/mass relationships) ===': Syntax error in formula '== MASS SIMULATORS (Ballast for testing thrust/mass relationships) ===': invalid syntax
2026-03-28 09:11:56,418 - game.simulation.formula_system - WARNING - Formula evaluation failed for '== MASS SIMULATORS (Ballast for testing thrust/mass relationships) ===': Syntax error in formula '== MASS SIMULATORS (Ballast for testing thrust/mass relationships) ===': invalid syntax
2026-03-28 09:11:56,418 - game.simulation.formula_system - WARNING - Formula evaluation failed for '== MASS SIMULATORS (Ballast for testing thrust/mass relationships) ===': Syntax error in formula '== MASS SIMULATORS (Ballast for testing thrust/mass relationships) ===': invalid syntax
2026-03-28 09:11:56,419 - game.simulation.formula_system - WARNING - Formula evaluation failed for '== MASS SIMULATORS (Ballast for testing thrust/mass relationships) ===': Syntax error in formula '== MASS SIMULATORS (Ballast for testing thrust/mass relationships) ===': invalid syntax
2026-03-28 09:11:56,419 - game.simulation.formula_system - WARNING - Formula evaluation failed for '== MASS SIMULATORS (Ballast for testing thrust/mass relationships) ===': Syntax error in formula '== MASS SIMULATORS (Ballast for testing thrust/mass relationships) ===': invalid syntax
2026-03-28 09:11:56,419 - game.simulation.formula_system - WARNING - Formula evaluation failed for '== MASS SIMULATORS (Ballast for testing thrust/mass relationships) ===': Syntax error in formula '== MASS SIMULATORS (Ballast for testing thrust/mass relationships) ===': invalid syntax
2026-03-28 09:11:56,419 - game.simulation.formula_system - WARNING - Formula evaluation failed for '== MASS SIMULATORS (Ballast for testing thrust/mass relationships) ===': Syntax error in formula '== MASS SIMULATORS (Ballast for testing thrust/mass relationships) ===': invalid syntax
2026-03-28 09:11:56,419 - game.simulation.formula_system - WARNING - Formula evaluation failed for '== MASS SIMULATORS (Ballast for testing thrust/mass relationships) ===': Syntax error in formula '== MASS SIMULATORS (Ballast for testing thrust/mass relationships) ===': invalid syntax
2026-03-28 09:11:56,419 - game.simulation.formula_system - WARNING - Formula evaluation failed for '== MASS SIMULATORS (Ballast for testing thrust/mass relationships) ===': Syntax error in formula '== MASS SIMULATORS (Ballast for testing thrust/mass relationships) ===': invalid syntax
2026-03-28 09:11:56,419 - game.simulation.formula_system - WARNING - Formula evaluation failed for '== MASS SIMULATORS (Ballast for testing thrust/mass relationships) ===': Syntax error in formula '== MASS SIMULATORS (Ballast for testing thrust/mass relationships) ===': invalid syntax
2026-03-28 09:11:56,419 - game.simulation.formula_system - WARNING - Formula evaluation failed for '== MASS SIMULATORS (Ballast for testing thrust/mass relationships) ===': Syntax error in formula '== MASS SIMULATORS (Ballast for testing thrust/mass relationships) ===': invalid syntax
2026-03-28 09:11:56,419 - game.simulation.formula_system - WARNING - Formula evaluation failed for '== MASS SIMULATORS (Ballast for testing thrust/mass relationships) ===': Syntax error in formula '== MASS SIMULATORS (Ballast for testing thrust/mass relationships) ===': invalid syntax
2026-03-28 09:11:56,419 - game.simulation.formula_system - WARNING - Formula evaluation failed for '== MASS SIMULATORS (Ballast for testing thrust/mass relationships) ===': Syntax error in formula '== MASS SIMULATORS (Ballast for testing thrust/mass relationships) ===': invalid syntax
2026-03-28 09:11:56,419 - game.simulation.entities.ship_serialization - WARNING - Ship 'Test Engine 1x HighMass' stats mismatch after loading!
2026-03-28 09:11:56,419 - game.simulation.entities.ship_serialization - WARNING -   - max_hp: got 560, expected 510
2026-03-28 09:11:56,419 - game.simulation.formula_system - WARNING - Formula evaluation failed for '== MASS SIMULATORS (Ballast for testing thrust/mass relationships) ===': Syntax error in formula '== MASS SIMULATORS (Ballast for testing thrust/mass relationships) ===': invalid syntax
2026-03-28 09:11:56,419 - game.simulation.formula_system - WARNING - Formula evaluation failed for '== MASS SIMULATORS (Ballast for testing thrust/mass relationships) ===': Syntax error in formula '== MASS SIMULATORS (Ballast for testing thrust/mass relationships) ===': invalid syntax
2026-03-28 09:11:56,419 - game.simulation.formula_system - WARNING - Formula evaluation failed for '== MASS SIMULATORS (Ballast for testing thrust/mass relationships) ===': Syntax error in formula '== MASS SIMULATORS (Ballast for testing thrust/mass relationships) ===': invalid syntax
2026-03-28 09:11:56,419 - game.simulation.formula_system - WARNING - Formula evaluation failed for '== MASS SIMULATORS (Ballast for testing thrust/mass relationships) ===': Syntax error in formula '== MASS SIMULATORS (Ballast for testing thrust/mass relationships) ===': invalid syntax
2026-03-28 09:11:56,419 - game.simulation.formula_system - WARNING - Formula evaluation failed for '== MASS SIMULATORS (Ballast for testing thrust/mass relationships) ===': Syntax error in formula '== MASS SIMULATORS (Ballast for testing thrust/mass relationships) ===': invalid syntax
2026-03-28 09:11:56,419 - game.simulation.formula_system - WARNING - Formula evaluation failed for '== MASS SIMULATORS (Ballast for testing thrust/mass relationships) ===': Syntax error in formula '== MASS SIMULATORS (Ballast for testing thrust/mass relationships) ===': invalid syntax
2026-03-28 09:11:56,420 - game.simulation.formula_system - WARNING - Formula evaluation failed for '== MASS SIMULATORS (Ballast for testing thrust/mass relationships) ===': Syntax error in formula '== MASS SIMULATORS (Ballast for testing thrust/mass relationships) ===': invalid syntax
2026-03-28 09:11:56,420 - game.simulation.formula_system - WARNING - Formula evaluation failed for '== MASS SIMULATORS (Ballast for testing thrust/mass relationships) ===': Syntax error in formula '== MASS SIMULATORS (Ballast for testing thrust/mass relationships) ===': invalid syntax
2026-03-28 09:11:56,420 - game.simulation.formula_system - WARNING - Formula evaluation failed for '== MASS SIMULATORS (Ballast for testing thrust/mass relationships) ===': Syntax error in formula '== MASS SIMULATORS (Ballast for testing thrust/mass relationships) ===': invalid syntax
2026-03-28 09:11:56,420 - game.simulation.formula_system - WARNING - Formula evaluation failed for '== MASS SIMULATORS (Ballast for testing thrust/mass relationships) ===': Syntax error in formula '== MASS SIMULATORS (Ballast for testing thrust/mass relationships) ===': invalid syntax
2026-03-28 09:11:56,420 - game.simulation.systems.battle_engine - INFO - Ship 'Test Engine 1x LowMass' (Team 0): HP=150/150 Mass=400.0 Thrust=500.0 Fuel=0.0 TurnSpeed=0.00 MaxSpeed=31.25
2026-03-28 09:11:56,420 - game.simulation.systems.battle_engine - INFO - Ship 'Test Engine 1x MedMass' (Team 0): HP=552/552 Mass=3000.0 Thrust=500.0 Fuel=0.0 TurnSpeed=0.00 MaxSpeed=4.17
2026-03-28 09:11:56,420 - game.simulation.systems.battle_engine - INFO - Ship 'Test Engine 1x HighMass' (Team 0): HP=560/560 Mass=11000.0 Thrust=500.0 Fuel=0.0 TurnSpeed=0.00 MaxSpeed=1.14
2026-03-28 09:11:57,182 - game.ui.screens.battle_ui - DEBUG - BattleUI.handle_click at (1646, 586)
2026-03-28 09:11:57,182 - game.ui.screens.battle_ui - DEBUG - test_mode=True, battle_over=False
2026-03-28 09:12:00,202 - game.ui.screens.battle_screen - DEBUG - Test complete! ticks=201
2026-03-28 09:12:00,202 - game.ui.screens.battle_screen - DEBUG - Test PASSED
2026-03-28 09:12:00,202 - game.ui.screens.battle_screen - DEBUG - Results populated: ['test_id', 'ticks_run', 'ticks', 'low_mass', 'med_mass', 'high_mass', 'speed_ratio_low_med', 'expected_ratio', 'ratio_error_percent', 'speed_ordering_correct', 'ratio_matches', 'validation_results', 'validation_summary', 'has_validation_failures', 'has_validation_warnings']
2026-03-28 09:12:01,562 - game.ui.screens.battle_ui - DEBUG - BattleUI.handle_click at (1863, 1101)
2026-03-28 09:12:01,562 - game.ui.screens.battle_ui - DEBUG - test_mode=True, battle_over=True
2026-03-28 09:12:01,562 - game.ui.screens.battle_ui - DEBUG - Return button rect: Rect(1770, 1050, 300, 60)
2026-03-28 09:12:01,562 - game.ui.screens.battle_ui - DEBUG - Return to Combat Lab button clicked!
2026-03-28 09:12:01,562 - game.app - DEBUG - Returning to Combat Lab from test
2026-03-28 09:12:01,583 - game.core.json_utils - DEBUG - Saved JSON to C:\Dev\Starship Battles\simulation_tests\test_history.json
2026-03-28 09:12:07,683 - game.core.json_utils - DEBUG - JSON file not found: C:\Dev\Starship Battles\simulation_tests\data\vehiclelayers.json
2026-03-28 09:12:07,683 - game.core.json_utils - DEBUG - JSON file not found: C:\Dev\Starship Battles\simulation_tests\data\vehiclelayers.json
2026-03-28 09:12:07,683 - game.simulation.entities.ship_loader - INFO - Loaded 14 vehicle classes.
2026-03-28 09:12:07,685 - game.simulation.systems.battle_engine - INFO - Ship 'Test Thruster Simple' (Team 0): HP=170/170 Mass=400.0 Thrust=500.0 Fuel=0.0 TurnSpeed=15.62 MaxSpeed=31.25
2026-03-28 09:12:08,240 - game.ui.screens.battle_ui - DEBUG - BattleUI.handle_click at (1421, 875)
2026-03-28 09:12:08,240 - game.ui.screens.battle_ui - DEBUG - test_mode=True, battle_over=False
2026-03-28 09:12:09,122 - game.ui.screens.battle_screen - DEBUG - Test complete! ticks=51
2026-03-28 09:12:09,122 - game.ui.screens.battle_screen - DEBUG - Test FAILED
2026-03-28 09:12:09,122 - game.ui.screens.battle_screen - DEBUG - Results populated: ['test_id', 'ticks_run', 'ticks', 'mass', 'raw_turn_rate', 'expected_turn_speed', 'actual_turn_speed', 'starting_angle', 'final_angle', 'angle_change', 'expected_angle_change', 'initial_position', 'final_position', 'initial_velocity', 'final_velocity', 'initial_velocity_magnitude', 'final_velocity_magnitude', 'initial_angle', 'distance_traveled', 'velocity_change', 'expected_max_speed', 'expected_acceleration_rate', 'turn_speed_degrees_per_tick', 'validation_results', 'validation_summary', 'has_validation_failures', 'has_validation_warnings', 'all_criteria_passed']
2026-03-28 09:12:10,087 - game.ui.screens.battle_ui - DEBUG - BattleUI.handle_click at (1410, 833)
2026-03-28 09:12:10,088 - game.ui.screens.battle_ui - DEBUG - test_mode=True, battle_over=True
2026-03-28 09:12:10,088 - game.ui.screens.battle_ui - DEBUG - Return button rect: Rect(1770, 1050, 300, 60)
2026-03-28 09:12:10,088 - game.ui.screens.battle_ui - DEBUG - Click was not on return button
2026-03-28 09:12:13,740 - game.ui.screens.battle_ui - DEBUG - BattleUI.handle_click at (1224, 390)
2026-03-28 09:12:13,740 - game.ui.screens.battle_ui - DEBUG - test_mode=True, battle_over=True
2026-03-28 09:12:13,740 - game.ui.screens.battle_ui - DEBUG - Return button rect: Rect(1770, 1050, 300, 60)
2026-03-28 09:12:13,740 - game.ui.screens.battle_ui - DEBUG - Click was not on return button
2026-03-28 09:12:15,140 - game.ui.screens.battle_ui - DEBUG - BattleUI.handle_click at (1869, 1112)
2026-03-28 09:12:15,140 - game.ui.screens.battle_ui - DEBUG - test_mode=True, battle_over=True
2026-03-28 09:12:15,140 - game.ui.screens.battle_ui - DEBUG - Return button rect: Rect(1770, 1050, 300, 60)
2026-03-28 09:12:15,140 - game.ui.screens.battle_ui - DEBUG - Click was not on return button
2026-03-28 09:12:15,140 - game.app - DEBUG - Returning to Combat Lab from test
2026-03-28 09:12:15,161 - game.core.json_utils - DEBUG - Saved JSON to C:\Dev\Starship Battles\simulation_tests\test_history.json
2026-03-28 09:12:40,355 - game.core.json_utils - DEBUG - JSON file not found: C:\Dev\Starship Battles\simulation_tests\data\vehiclelayers.json
2026-03-28 09:12:40,355 - game.core.json_utils - DEBUG - JSON file not found: C:\Dev\Starship Battles\simulation_tests\data\vehiclelayers.json
2026-03-28 09:12:40,355 - game.simulation.entities.ship_loader - INFO - Loaded 14 vehicle classes.
2026-03-28 09:12:40,362 - game.simulation.systems.battle_engine - INFO - Ship 'Test Attacker Proj360' (Team 0): HP=150/150 Mass=400.0 Thrust=0 Fuel=0.0 TurnSpeed=0.00 MaxSpeed=0.00
2026-03-28 09:12:40,362 - game.simulation.systems.battle_engine - INFO - Ship 'Test Target Linear Fast' (Team 1): HP=850/850 Mass=1000.0 Thrust=1500.0 Fuel=0.0 TurnSpeed=0.00 MaxSpeed=37.50
2026-03-28 09:12:41,089 - game.ui.screens.battle_ui - DEBUG - BattleUI.handle_click at (1294, 363)
2026-03-28 09:12:41,089 - game.ui.screens.battle_ui - DEBUG - test_mode=True, battle_over=False
2026-03-28 09:12:41,902 - game.simulation.components.abilities.weapons - DEBUG - check_firing_solution Arc FAIL: diff 14.036243467926482 > 0.0
2026-03-28 09:12:41,908 - game.simulation.components.abilities.weapons - DEBUG - check_firing_solution Arc FAIL: diff 14.036243467926482 > 0.0
2026-03-28 09:12:41,921 - game.simulation.components.abilities.weapons - DEBUG - check_firing_solution Arc FAIL: diff 14.036243467926482 > 0.0
2026-03-28 09:12:41,927 - game.simulation.components.abilities.weapons - DEBUG - check_firing_solution Arc FAIL: diff 14.036243467926482 > 0.0
2026-03-28 09:12:41,938 - game.simulation.components.abilities.weapons - DEBUG - check_firing_solution Arc FAIL: diff 14.036243467926482 > 0.0
2026-03-28 09:12:41,950 - game.simulation.components.abilities.weapons - DEBUG - check_firing_solution Arc FAIL: diff 14.036243467926482 > 0.0
2026-03-28 09:12:41,955 - game.simulation.components.abilities.weapons - DEBUG - check_firing_solution Arc FAIL: diff 14.036243467926482 > 0.0
2026-03-28 09:12:41,967 - game.simulation.components.abilities.weapons - DEBUG - check_firing_solution Arc FAIL: diff 14.036243467926482 > 0.0
2026-03-28 09:12:41,980 - game.simulation.components.abilities.weapons - DEBUG - check_firing_solution Arc FAIL: diff 14.036243467926482 > 0.0
2026-03-28 09:12:41,992 - game.simulation.components.abilities.weapons - DEBUG - check_firing_solution Arc FAIL: diff 14.036243467926482 > 0.0
2026-03-28 09:12:41,997 - game.simulation.components.abilities.weapons - DEBUG - check_firing_solution Arc FAIL: diff 14.036243467926482 > 0.0
2026-03-28 09:12:42,009 - game.simulation.components.abilities.weapons - DEBUG - check_firing_solution Arc FAIL: diff 14.036243467926482 > 0.0
2026-03-28 09:12:42,020 - game.simulation.components.abilities.weapons - DEBUG - check_firing_solution Arc FAIL: diff 14.036243467926482 > 0.0
2026-03-28 09:12:42,027 - game.simulation.components.abilities.weapons - DEBUG - check_firing_solution Arc FAIL: diff 14.036243467926482 > 0.0
2026-03-28 09:12:42,038 - game.simulation.components.abilities.weapons - DEBUG - check_firing_solution Arc FAIL: diff 14.036243467926482 > 0.0
2026-03-28 09:12:42,049 - game.simulation.components.abilities.weapons - DEBUG - check_firing_solution Arc FAIL: diff 14.036243467926482 > 0.0
2026-03-28 09:12:42,061 - game.simulation.components.abilities.weapons - DEBUG - check_firing_solution Arc FAIL: diff 14.036243467926482 > 0.0
2026-03-28 09:12:42,068 - game.simulation.components.abilities.weapons - DEBUG - check_firing_solution Arc FAIL: diff 14.036243467926482 > 0.0
2026-03-28 09:12:42,079 - game.simulation.components.abilities.weapons - DEBUG - check_firing_solution Arc FAIL: diff 14.036243467926482 > 0.0
2026-03-28 09:12:42,091 - game.simulation.components.abilities.weapons - DEBUG - check_firing_solution Arc FAIL: diff 14.036243467926482 > 0.0
2026-03-28 09:12:42,097 - game.simulation.components.abilities.weapons - DEBUG - check_firing_solution Arc FAIL: diff 14.036243467926482 > 0.0
2026-03-28 09:12:42,109 - game.simulation.components.abilities.weapons - DEBUG - check_firing_solution Arc FAIL: diff 14.036243467926482 > 0.0
2026-03-28 09:12:42,121 - game.simulation.components.abilities.weapons - DEBUG - check_firing_solution Arc FAIL: diff 14.036243467926482 > 0.0
2026-03-28 09:12:42,127 - game.simulation.components.abilities.weapons - DEBUG - check_firing_solution Arc FAIL: diff 14.036243467926482 > 0.0
2026-03-28 09:12:42,138 - game.simulation.components.abilities.weapons - DEBUG - check_firing_solution Arc FAIL: diff 14.036243467926482 > 0.0
2026-03-28 09:12:42,150 - game.simulation.components.abilities.weapons - DEBUG - check_firing_solution Arc FAIL: diff 14.036243467926482 > 0.0
2026-03-28 09:12:42,156 - game.simulation.components.abilities.weapons - DEBUG - check_firing_solution Arc FAIL: diff 14.036243467926482 > 0.0
2026-03-28 09:12:42,168 - game.simulation.components.abilities.weapons - DEBUG - check_firing_solution Arc FAIL: diff 14.036243467926482 > 0.0
2026-03-28 09:12:42,179 - game.simulation.components.abilities.weapons - DEBUG - check_firing_solution Arc FAIL: diff 14.036243467926482 > 0.0
2026-03-28 09:12:42,190 - game.simulation.components.abilities.weapons - DEBUG - check_firing_solution Arc FAIL: diff 14.036243467926482 > 0.0
2026-03-28 09:12:42,196 - game.simulation.components.abilities.weapons - DEBUG - check_firing_solution Arc FAIL: diff 14.036243467926482 > 0.0
2026-03-28 09:12:42,208 - game.simulation.components.abilities.weapons - DEBUG - check_firing_solution Arc FAIL: diff 14.036243467926482 > 0.0
2026-03-28 09:12:42,219 - game.simulation.components.abilities.weapons - DEBUG - check_firing_solution Arc FAIL: diff 14.036243467926482 > 0.0
2026-03-28 09:12:42,232 - game.simulation.components.abilities.weapons - DEBUG - check_firing_solution Arc FAIL: diff 14.036243467926482 > 0.0
2026-03-28 09:12:42,237 - game.simulation.components.abilities.weapons - DEBUG - check_firing_solution Arc FAIL: diff 14.036243467926482 > 0.0
2026-03-28 09:12:42,249 - game.simulation.components.abilities.weapons - DEBUG - check_firing_solution Arc FAIL: diff 14.036243467926482 > 0.0
2026-03-28 09:12:42,261 - game.simulation.components.abilities.weapons - DEBUG - check_firing_solution Arc FAIL: diff 14.036243467926482 > 0.0
2026-03-28 09:12:42,267 - game.simulation.components.abilities.weapons - DEBUG - check_firing_solution Arc FAIL: diff 14.036243467926482 > 0.0
2026-03-28 09:12:42,278 - game.simulation.components.abilities.weapons - DEBUG - check_firing_solution Arc FAIL: diff 14.036243467926482 > 0.0
2026-03-28 09:12:42,291 - game.simulation.components.abilities.weapons - DEBUG - check_firing_solution Arc FAIL: diff 14.036243467926482 > 0.0
2026-03-28 09:12:42,296 - game.simulation.components.abilities.weapons - DEBUG - check_firing_solution Arc FAIL: diff 14.036243467926482 > 0.0
2026-03-28 09:12:42,308 - game.simulation.components.abilities.weapons - DEBUG - check_firing_solution Arc FAIL: diff 14.036243467926482 > 0.0
2026-03-28 09:12:42,319 - game.simulation.components.abilities.weapons - DEBUG - check_firing_solution Arc FAIL: diff 14.036243467926482 > 0.0
2026-03-28 09:12:42,332 - game.simulation.components.abilities.weapons - DEBUG - check_firing_solution Arc FAIL: diff 14.036243467926482 > 0.0
2026-03-28 09:12:42,338 - game.simulation.components.abilities.weapons - DEBUG - check_firing_solution Arc FAIL: diff 14.036243467926482 > 0.0
2026-03-28 09:12:42,350 - game.simulation.components.abilities.weapons - DEBUG - check_firing_solution Arc FAIL: diff 14.036243467926482 > 0.0
2026-03-28 09:12:42,361 - game.simulation.components.abilities.weapons - DEBUG - check_firing_solution Arc FAIL: diff 14.036243467926482 > 0.0
2026-03-28 09:12:42,367 - game.simulation.components.abilities.weapons - DEBUG - check_firing_solution Arc FAIL: diff 14.036243467926482 > 0.0
2026-03-28 09:12:42,379 - game.simulation.components.abilities.weapons - DEBUG - check_firing_solution Arc FAIL: diff 14.036243467926482 > 0.0
2026-03-28 09:12:42,390 - game.simulation.components.abilities.weapons - DEBUG - check_firing_solution Arc FAIL: diff 14.036243467926482 > 0.0
2026-03-28 09:12:42,399 - game.simulation.components.abilities.weapons - DEBUG - check_firing_solution Arc FAIL: diff 14.036243467926482 > 0.0
2026-03-28 09:12:42,411 - game.simulation.components.abilities.weapons - DEBUG - check_firing_solution Arc FAIL: diff 14.036243467926482 > 0.0
2026-03-28 09:12:42,417 - game.simulation.components.abilities.weapons - DEBUG - check_firing_solution Arc FAIL: diff 14.036243467926482 > 0.0
2026-03-28 09:12:42,429 - game.simulation.components.abilities.weapons - DEBUG - check_firing_solution Arc FAIL: diff 14.036243467926482 > 0.0
2026-03-28 09:12:42,440 - game.simulation.components.abilities.weapons - DEBUG - check_firing_solution Arc FAIL: diff 14.036243467926482 > 0.0
2026-03-28 09:12:42,447 - game.simulation.components.abilities.weapons - DEBUG - check_firing_solution Arc FAIL: diff 14.036243467926482 > 0.0
2026-03-28 09:12:42,459 - game.simulation.components.abilities.weapons - DEBUG - check_firing_solution Arc FAIL: diff 14.036243467926482 > 0.0
2026-03-28 09:12:42,472 - game.simulation.components.abilities.weapons - DEBUG - check_firing_solution Arc FAIL: diff 14.036243467926482 > 0.0
2026-03-28 09:12:42,477 - game.simulation.components.abilities.weapons - DEBUG - check_firing_solution Arc FAIL: diff 14.036243467926482 > 0.0
2026-03-28 09:12:42,489 - game.simulation.components.abilities.weapons - DEBUG - check_firing_solution Arc FAIL: diff 14.036243467926482 > 0.0
2026-03-28 09:12:42,501 - game.simulation.components.abilities.weapons - DEBUG - check_firing_solution Arc FAIL: diff 14.036243467926482 > 0.0
2026-03-28 09:12:42,507 - game.simulation.components.abilities.weapons - DEBUG - check_firing_solution Arc FAIL: diff 14.036243467926482 > 0.0
2026-03-28 09:12:42,519 - game.simulation.components.abilities.weapons - DEBUG - check_firing_solution Arc FAIL: diff 14.036243467926482 > 0.0
2026-03-28 09:12:42,532 - game.simulation.components.abilities.weapons - DEBUG - check_firing_solution Arc FAIL: diff 14.036243467926482 > 0.0
2026-03-28 09:12:42,538 - game.simulation.components.abilities.weapons - DEBUG - check_firing_solution Arc FAIL: diff 14.036243467926482 > 0.0
2026-03-28 09:12:42,550 - game.simulation.components.abilities.weapons - DEBUG - check_firing_solution Arc FAIL: diff 14.036243467926482 > 0.0
2026-03-28 09:12:42,557 - game.simulation.components.abilities.weapons - DEBUG - check_firing_solution Arc FAIL: diff 14.036243467926482 > 0.0
2026-03-28 09:12:42,568 - game.simulation.components.abilities.weapons - DEBUG - check_firing_solution Arc FAIL: diff 14.036243467926482 > 0.0
2026-03-28 09:12:42,581 - game.simulation.components.abilities.weapons - DEBUG - check_firing_solution Arc FAIL: diff 14.036243467926482 > 0.0
2026-03-28 09:12:42,586 - game.simulation.components.abilities.weapons - DEBUG - check_firing_solution Arc FAIL: diff 14.036243467926482 > 0.0
2026-03-28 09:12:42,599 - game.simulation.components.abilities.weapons - DEBUG - check_firing_solution Arc FAIL: diff 14.036243467926482 > 0.0
2026-03-28 09:12:42,611 - game.simulation.components.abilities.weapons - DEBUG - check_firing_solution Arc FAIL: diff 14.036243467926482 > 0.0
2026-03-28 09:12:42,616 - game.simulation.components.abilities.weapons - DEBUG - check_firing_solution Arc FAIL: diff 14.036243467926482 > 0.0
2026-03-28 09:12:42,629 - game.simulation.components.abilities.weapons - DEBUG - check_firing_solution Arc FAIL: diff 14.036243467926482 > 0.0
2026-03-28 09:12:42,641 - game.simulation.components.abilities.weapons - DEBUG - check_firing_solution Arc FAIL: diff 14.036243467926482 > 0.0
2026-03-28 09:12:42,648 - game.simulation.components.abilities.weapons - DEBUG - check_firing_solution Arc FAIL: diff 14.036243467926482 > 0.0
2026-03-28 09:12:42,659 - game.simulation.components.abilities.weapons - DEBUG - check_firing_solution Arc FAIL: diff 14.036243467926482 > 0.0
2026-03-28 09:12:42,671 - game.simulation.components.abilities.weapons - DEBUG - check_firing_solution Arc FAIL: diff 14.036243467926482 > 0.0
2026-03-28 09:12:42,677 - game.simulation.components.abilities.weapons - DEBUG - check_firing_solution Arc FAIL: diff 14.036243467926482 > 0.0
2026-03-28 09:12:42,689 - game.simulation.components.abilities.weapons - DEBUG - check_firing_solution Arc FAIL: diff 14.036243467926482 > 0.0
2026-03-28 09:12:42,700 - game.simulation.components.abilities.weapons - DEBUG - check_firing_solution Arc FAIL: diff 14.036243467926482 > 0.0
2026-03-28 09:12:42,706 - game.simulation.components.abilities.weapons - DEBUG - check_firing_solution Arc FAIL: diff 14.036243467926482 > 0.0
2026-03-28 09:12:42,718 - game.simulation.components.abilities.weapons - DEBUG - check_firing_solution Arc FAIL: diff 14.036243467926482 > 0.0
2026-03-28 09:12:42,729 - game.simulation.components.abilities.weapons - DEBUG - check_firing_solution Arc FAIL: diff 14.036243467926482 > 0.0
2026-03-28 09:12:42,740 - game.simulation.components.abilities.weapons - DEBUG - check_firing_solution Arc FAIL: diff 14.036243467926482 > 0.0
2026-03-28 09:12:42,747 - game.simulation.components.abilities.weapons - DEBUG - check_firing_solution Arc FAIL: diff 14.036243467926482 > 0.0
2026-03-28 09:12:42,759 - game.simulation.components.abilities.weapons - DEBUG - check_firing_solution Arc FAIL: diff 14.036243467926482 > 0.0
2026-03-28 09:12:42,769 - game.simulation.components.abilities.weapons - DEBUG - check_firing_solution Arc FAIL: diff 14.036243467926482 > 0.0
2026-03-28 09:12:42,776 - game.simulation.components.abilities.weapons - DEBUG - check_firing_solution Arc FAIL: diff 14.036243467926482 > 0.0
2026-03-28 09:12:42,788 - game.simulation.components.abilities.weapons - DEBUG - check_firing_solution Arc FAIL: diff 14.036243467926482 > 0.0
2026-03-28 09:12:42,800 - game.simulation.components.abilities.weapons - DEBUG - check_firing_solution Arc FAIL: diff 14.036243467926482 > 0.0
2026-03-28 09:12:42,806 - game.simulation.components.abilities.weapons - DEBUG - check_firing_solution Arc FAIL: diff 14.036243467926482 > 0.0
2026-03-28 09:12:42,818 - game.simulation.components.abilities.weapons - DEBUG - check_firing_solution Arc FAIL: diff 14.036243467926482 > 0.0
2026-03-28 09:12:42,830 - game.simulation.components.abilities.weapons - DEBUG - check_firing_solution Arc FAIL: diff 14.036243467926482 > 0.0
2026-03-28 09:12:42,841 - game.simulation.components.abilities.weapons - DEBUG - check_firing_solution Arc FAIL: diff 14.036243467926482 > 0.0
2026-03-28 09:12:42,847 - game.simulation.components.abilities.weapons - DEBUG - check_firing_solution Arc FAIL: diff 14.036243467926482 > 0.0
2026-03-28 09:12:42,859 - game.simulation.components.abilities.weapons - DEBUG - check_firing_solution Arc FAIL: diff 14.036243467926482 > 0.0
2026-03-28 09:12:42,871 - game.simulation.components.abilities.weapons - DEBUG - check_firing_solution Arc FAIL: diff 14.036243467926482 > 0.0
2026-03-28 09:12:42,877 - game.simulation.components.abilities.weapons - DEBUG - check_firing_solution Arc FAIL: diff 14.036243467926482 > 0.0
2026-03-28 09:12:42,888 - game.simulation.components.abilities.weapons - DEBUG - check_firing_solution Arc FAIL: diff 14.036243467926482 > 0.0
2026-03-28 09:12:42,899 - game.simulation.components.abilities.weapons - DEBUG - check_firing_solution Arc FAIL: diff 14.036243467926482 > 0.0
2026-03-28 09:12:42,911 - game.simulation.components.abilities.weapons - DEBUG - check_firing_solution Arc FAIL: diff 14.036243467926482 > 0.0
2026-03-28 09:12:42,917 - game.simulation.components.abilities.weapons - DEBUG - check_firing_solution Arc FAIL: diff 14.036243467926482 > 0.0
2026-03-28 09:12:42,928 - game.simulation.components.abilities.weapons - DEBUG - check_firing_solution Arc FAIL: diff 14.036243467926482 > 0.0
2026-03-28 09:12:42,941 - game.simulation.components.abilities.weapons - DEBUG - check_firing_solution Arc FAIL: diff 14.036243467926482 > 0.0
2026-03-28 09:12:42,946 - game.simulation.components.abilities.weapons - DEBUG - check_firing_solution Arc FAIL: diff 14.036243467926482 > 0.0
2026-03-28 09:12:42,958 - game.simulation.components.abilities.weapons - DEBUG - check_firing_solution Arc FAIL: diff 14.036243467926482 > 0.0
2026-03-28 09:12:42,971 - game.simulation.components.abilities.weapons - DEBUG - check_firing_solution Arc FAIL: diff 14.036243467926482 > 0.0
2026-03-28 09:12:42,976 - game.simulation.components.abilities.weapons - DEBUG - check_firing_solution Arc FAIL: diff 14.036243467926482 > 0.0
2026-03-28 09:12:42,988 - game.simulation.components.abilities.weapons - DEBUG - check_firing_solution Arc FAIL: diff 14.036243467926482 > 0.0
2026-03-28 09:12:43,000 - game.simulation.components.abilities.weapons - DEBUG - check_firing_solution Arc FAIL: diff 14.036243467926482 > 0.0
2026-03-28 09:12:43,005 - game.simulation.components.abilities.weapons - DEBUG - check_firing_solution Arc FAIL: diff 14.036243467926482 > 0.0
2026-03-28 09:12:43,018 - game.simulation.components.abilities.weapons - DEBUG - check_firing_solution Arc FAIL: diff 14.036243467926482 > 0.0
2026-03-28 09:12:43,030 - game.simulation.components.abilities.weapons - DEBUG - check_firing_solution Arc FAIL: diff 14.036243467926482 > 0.0
2026-03-28 09:12:43,036 - game.simulation.components.abilities.weapons - DEBUG - check_firing_solution Arc FAIL: diff 14.036243467926482 > 0.0
2026-03-28 09:12:43,048 - game.simulation.components.abilities.weapons - DEBUG - check_firing_solution Arc FAIL: diff 14.036243467926482 > 0.0
2026-03-28 09:12:43,060 - game.simulation.components.abilities.weapons - DEBUG - check_firing_solution Arc FAIL: diff 14.036243467926482 > 0.0
2026-03-28 09:12:43,066 - game.simulation.components.abilities.weapons - DEBUG - check_firing_solution Arc FAIL: diff 14.036243467926482 > 0.0
2026-03-28 09:12:43,078 - game.simulation.components.abilities.weapons - DEBUG - check_firing_solution Arc FAIL: diff 14.036243467926482 > 0.0
2026-03-28 09:12:43,090 - game.simulation.components.abilities.weapons - DEBUG - check_firing_solution Arc FAIL: diff 14.036243467926482 > 0.0
2026-03-28 09:12:43,101 - game.simulation.components.abilities.weapons - DEBUG - check_firing_solution Arc FAIL: diff 14.036243467926482 > 0.0
2026-03-28 09:12:43,107 - game.simulation.components.abilities.weapons - DEBUG - check_firing_solution Arc FAIL: diff 14.036243467926482 > 0.0
2026-03-28 09:12:43,118 - game.simulation.components.abilities.weapons - DEBUG - check_firing_solution Arc FAIL: diff 14.036243467926482 > 0.0
2026-03-28 09:12:43,130 - game.simulation.components.abilities.weapons - DEBUG - check_firing_solution Arc FAIL: diff 14.036243467926482 > 0.0
2026-03-28 09:12:43,135 - game.simulation.components.abilities.weapons - DEBUG - check_firing_solution Arc FAIL: diff 14.036243467926482 > 0.0
2026-03-28 09:12:43,148 - game.simulation.components.abilities.weapons - DEBUG - check_firing_solution Arc FAIL: diff 14.036243467926482 > 0.0
2026-03-28 09:12:43,161 - game.simulation.components.abilities.weapons - DEBUG - check_firing_solution Arc FAIL: diff 14.036243467926482 > 0.0
2026-03-28 09:12:43,167 - game.simulation.components.abilities.weapons - DEBUG - check_firing_solution Arc FAIL: diff 14.036243467926482 > 0.0
2026-03-28 09:12:43,179 - game.simulation.components.abilities.weapons - DEBUG - check_firing_solution Arc FAIL: diff 14.036243467926482 > 0.0
2026-03-28 09:12:43,191 - game.simulation.components.abilities.weapons - DEBUG - check_firing_solution Arc FAIL: diff 14.036243467926482 > 0.0
2026-03-28 09:12:43,198 - game.simulation.components.abilities.weapons - DEBUG - check_firing_solution Arc FAIL: diff 14.036243467926482 > 0.0
2026-03-28 09:12:43,209 - game.simulation.components.abilities.weapons - DEBUG - check_firing_solution Arc FAIL: diff 14.036243467926482 > 0.0
2026-03-28 09:12:43,222 - game.simulation.components.abilities.weapons - DEBUG - check_firing_solution Arc FAIL: diff 14.036243467926482 > 0.0
2026-03-28 09:12:43,228 - game.simulation.components.abilities.weapons - DEBUG - check_firing_solution Arc FAIL: diff 14.036243467926482 > 0.0
2026-03-28 09:12:43,239 - game.simulation.components.abilities.weapons - DEBUG - check_firing_solution Arc FAIL: diff 14.036243467926482 > 0.0
2026-03-28 09:12:43,246 - game.simulation.components.abilities.weapons - DEBUG - check_firing_solution Arc FAIL: diff 14.036243467926482 > 0.0
2026-03-28 09:12:43,258 - game.simulation.components.abilities.weapons - DEBUG - check_firing_solution Arc FAIL: diff 14.036243467926482 > 0.0
2026-03-28 09:12:43,270 - game.simulation.components.abilities.weapons - DEBUG - check_firing_solution Arc FAIL: diff 14.036243467926482 > 0.0
2026-03-28 09:12:43,276 - game.simulation.components.abilities.weapons - DEBUG - check_firing_solution Arc FAIL: diff 14.036243467926482 > 0.0
2026-03-28 09:12:43,288 - game.simulation.components.abilities.weapons - DEBUG - check_firing_solution Arc FAIL: diff 14.036243467926482 > 0.0
2026-03-28 09:12:43,300 - game.simulation.components.abilities.weapons - DEBUG - check_firing_solution Arc FAIL: diff 14.036243467926482 > 0.0
2026-03-28 09:12:43,306 - game.simulation.components.abilities.weapons - DEBUG - check_firing_solution Arc FAIL: diff 14.036243467926482 > 0.0
2026-03-28 09:12:43,318 - game.simulation.components.abilities.weapons - DEBUG - check_firing_solution Arc FAIL: diff 14.036243467926482 > 0.0
2026-03-28 09:12:43,329 - game.simulation.components.abilities.weapons - DEBUG - check_firing_solution Arc FAIL: diff 14.036243467926482 > 0.0
2026-03-28 09:12:43,340 - game.simulation.components.abilities.weapons - DEBUG - check_firing_solution Arc FAIL: diff 14.036243467926482 > 0.0
2026-03-28 09:12:43,347 - game.simulation.components.abilities.weapons - DEBUG - check_firing_solution Arc FAIL: diff 14.036243467926482 > 0.0
2026-03-28 09:12:43,358 - game.simulation.components.abilities.weapons - DEBUG - check_firing_solution Arc FAIL: diff 14.036243467926482 > 0.0
2026-03-28 09:12:43,371 - game.simulation.components.abilities.weapons - DEBUG - check_firing_solution Arc FAIL: diff 14.036243467926482 > 0.0
2026-03-28 09:12:43,377 - game.simulation.components.abilities.weapons - DEBUG - check_firing_solution Arc FAIL: diff 14.036243467926482 > 0.0
2026-03-28 09:12:43,389 - game.simulation.components.abilities.weapons - DEBUG - check_firing_solution Arc FAIL: diff 14.036243467926482 > 0.0
2026-03-28 09:12:43,400 - game.simulation.components.abilities.weapons - DEBUG - check_firing_solution Arc FAIL: diff 14.036243467926482 > 0.0
2026-03-28 09:12:43,405 - game.simulation.components.abilities.weapons - DEBUG - check_firing_solution Arc FAIL: diff 14.036243467926482 > 0.0
2026-03-28 09:12:43,417 - game.simulation.components.abilities.weapons - DEBUG - check_firing_solution Arc FAIL: diff 14.036243467926482 > 0.0
2026-03-28 09:12:43,430 - game.simulation.components.abilities.weapons - DEBUG - check_firing_solution Arc FAIL: diff 14.036243467926482 > 0.0
2026-03-28 09:12:43,441 - game.simulation.components.abilities.weapons - DEBUG - check_firing_solution Arc FAIL: diff 14.036243467926482 > 0.0
2026-03-28 09:12:43,447 - game.simulation.components.abilities.weapons - DEBUG - check_firing_solution Arc FAIL: diff 14.036243467926482 > 0.0
2026-03-28 09:12:43,459 - game.simulation.components.abilities.weapons - DEBUG - check_firing_solution Arc FAIL: diff 14.036243467926482 > 0.0
2026-03-28 09:12:43,471 - game.simulation.components.abilities.weapons - DEBUG - check_firing_solution Arc FAIL: diff 14.036243467926482 > 0.0
2026-03-28 09:12:43,477 - game.simulation.components.abilities.weapons - DEBUG - check_firing_solution Arc FAIL: diff 14.036243467926482 > 0.0
2026-03-28 09:12:43,488 - game.simulation.components.abilities.weapons - DEBUG - check_firing_solution Arc FAIL: diff 14.036243467926482 > 0.0
2026-03-28 09:12:43,500 - game.simulation.components.abilities.weapons - DEBUG - check_firing_solution Arc FAIL: diff 14.036243467926482 > 0.0
2026-03-28 09:12:43,505 - game.simulation.components.abilities.weapons - DEBUG - check_firing_solution Arc FAIL: diff 14.036243467926482 > 0.0
2026-03-28 09:12:43,518 - game.simulation.components.abilities.weapons - DEBUG - check_firing_solution Arc FAIL: diff 14.036243467926482 > 0.0
2026-03-28 09:12:43,529 - game.simulation.components.abilities.weapons - DEBUG - check_firing_solution Arc FAIL: diff 14.036243467926482 > 0.0
2026-03-28 09:12:43,540 - game.simulation.components.abilities.weapons - DEBUG - check_firing_solution Arc FAIL: diff 14.036243467926482 > 0.0
2026-03-28 09:12:43,547 - game.simulation.components.abilities.weapons - DEBUG - check_firing_solution Arc FAIL: diff 14.036243467926482 > 0.0
2026-03-28 09:12:43,558 - game.simulation.components.abilities.weapons - DEBUG - check_firing_solution Arc FAIL: diff 14.036243467926482 > 0.0
2026-03-28 09:12:43,571 - game.simulation.components.abilities.weapons - DEBUG - check_firing_solution Arc FAIL: diff 14.036243467926482 > 0.0
2026-03-28 09:12:43,578 - game.simulation.components.abilities.weapons - DEBUG - check_firing_solution Arc FAIL: diff 14.036243467926482 > 0.0
2026-03-28 09:12:43,590 - game.simulation.components.abilities.weapons - DEBUG - check_firing_solution Arc FAIL: diff 14.036243467926482 > 0.0
2026-03-28 09:12:43,595 - game.simulation.components.abilities.weapons - DEBUG - check_firing_solution Arc FAIL: diff 14.036243467926482 > 0.0
2026-03-28 09:12:43,608 - game.simulation.components.abilities.weapons - DEBUG - check_firing_solution Arc FAIL: diff 14.036243467926482 > 0.0
2026-03-28 09:12:43,619 - game.simulation.components.abilities.weapons - DEBUG - check_firing_solution Arc FAIL: diff 14.036243467926482 > 0.0
2026-03-28 09:12:43,632 - game.simulation.components.abilities.weapons - DEBUG - check_firing_solution Arc FAIL: diff 14.036243467926482 > 0.0
2026-03-28 09:12:43,639 - game.simulation.components.abilities.weapons - DEBUG - check_firing_solution Arc FAIL: diff 14.036243467926482 > 0.0
2026-03-28 09:12:43,651 - game.simulation.components.abilities.weapons - DEBUG - check_firing_solution Arc FAIL: diff 14.036243467926482 > 0.0
2026-03-28 09:12:43,657 - game.simulation.components.abilities.weapons - DEBUG - check_firing_solution Arc FAIL: diff 14.036243467926482 > 0.0
2026-03-28 09:12:43,668 - game.simulation.components.abilities.weapons - DEBUG - check_firing_solution Arc FAIL: diff 14.036243467926482 > 0.0
2026-03-28 09:12:43,680 - game.simulation.components.abilities.weapons - DEBUG - check_firing_solution Arc FAIL: diff 14.036243467926482 > 0.0
2026-03-28 09:12:43,686 - game.simulation.components.abilities.weapons - DEBUG - check_firing_solution Arc FAIL: diff 14.036243467926482 > 0.0
2026-03-28 09:12:43,699 - game.simulation.components.abilities.weapons - DEBUG - check_firing_solution Arc FAIL: diff 14.036243467926482 > 0.0
2026-03-28 09:12:43,710 - game.simulation.components.abilities.weapons - DEBUG - check_firing_solution Arc FAIL: diff 14.036243467926482 > 0.0
2026-03-28 09:12:43,715 - game.simulation.components.abilities.weapons - DEBUG - check_firing_solution Arc FAIL: diff 14.036243467926482 > 0.0
2026-03-28 09:12:43,728 - game.simulation.components.abilities.weapons - DEBUG - check_firing_solution Arc FAIL: diff 14.036243467926482 > 0.0
2026-03-28 09:12:43,739 - game.simulation.components.abilities.weapons - DEBUG - check_firing_solution Arc FAIL: diff 14.036243467926482 > 0.0
2026-03-28 09:12:43,750 - game.simulation.components.abilities.weapons - DEBUG - check_firing_solution Arc FAIL: diff 14.036243467926482 > 0.0
2026-03-28 09:12:43,756 - game.simulation.components.abilities.weapons - DEBUG - check_firing_solution Arc FAIL: diff 14.036243467926482 > 0.0
2026-03-28 09:12:43,768 - game.simulation.components.abilities.weapons - DEBUG - check_firing_solution Arc FAIL: diff 14.036243467926482 > 0.0
2026-03-28 09:12:43,780 - game.simulation.components.abilities.weapons - DEBUG - check_firing_solution Arc FAIL: diff 14.036243467926482 > 0.0
2026-03-28 09:12:43,790 - game.simulation.components.abilities.weapons - DEBUG - check_firing_solution Arc FAIL: diff 14.036243467926482 > 0.0
2026-03-28 09:12:43,797 - game.simulation.components.abilities.weapons - DEBUG - check_firing_solution Arc FAIL: diff 14.036243467926482 > 0.0
2026-03-28 09:12:43,809 - game.simulation.components.abilities.weapons - DEBUG - check_firing_solution Arc FAIL: diff 14.036243467926482 > 0.0
2026-03-28 09:12:43,821 - game.simulation.components.abilities.weapons - DEBUG - check_firing_solution Arc FAIL: diff 14.036243467926482 > 0.0
2026-03-28 09:12:43,827 - game.simulation.components.abilities.weapons - DEBUG - check_firing_solution Arc FAIL: diff 14.036243467926482 > 0.0
2026-03-28 09:12:43,838 - game.simulation.components.abilities.weapons - DEBUG - check_firing_solution Arc FAIL: diff 14.036243467926482 > 0.0
2026-03-28 09:12:43,850 - game.simulation.components.abilities.weapons - DEBUG - check_firing_solution Arc FAIL: diff 14.036243467926482 > 0.0
2026-03-28 09:12:43,861 - game.simulation.components.abilities.weapons - DEBUG - check_firing_solution Arc FAIL: diff 14.036243467926482 > 0.0
2026-03-28 09:12:43,867 - game.simulation.components.abilities.weapons - DEBUG - check_firing_solution Arc FAIL: diff 14.036243467926482 > 0.0
2026-03-28 09:12:43,878 - game.simulation.components.abilities.weapons - DEBUG - check_firing_solution Arc FAIL: diff 14.036243467926482 > 0.0
2026-03-28 09:12:43,891 - game.simulation.components.abilities.weapons - DEBUG - check_firing_solution Arc FAIL: diff 14.036243467926482 > 0.0
2026-03-28 09:12:43,896 - game.simulation.components.abilities.weapons - DEBUG - check_firing_solution Arc FAIL: diff 14.036243467926482 > 0.0
2026-03-28 09:12:43,908 - game.simulation.components.abilities.weapons - DEBUG - check_firing_solution Arc FAIL: diff 14.036243467926482 > 0.0
2026-03-28 09:12:43,919 - game.simulation.components.abilities.weapons - DEBUG - check_firing_solution Arc FAIL: diff 14.036243467926482 > 0.0
2026-03-28 09:12:43,932 - game.simulation.components.abilities.weapons - DEBUG - check_firing_solution Arc FAIL: diff 14.036243467926482 > 0.0
2026-03-28 09:12:43,938 - game.simulation.components.abilities.weapons - DEBUG - check_firing_solution Arc FAIL: diff 14.036243467926482 > 0.0
2026-03-28 09:12:43,949 - game.simulation.components.abilities.weapons - DEBUG - check_firing_solution Arc FAIL: diff 14.036243467926482 > 0.0
2026-03-28 09:12:43,961 - game.simulation.components.abilities.weapons - DEBUG - check_firing_solution Arc FAIL: diff 14.036243467926482 > 0.0
2026-03-28 09:12:43,967 - game.simulation.components.abilities.weapons - DEBUG - check_firing_solution Arc FAIL: diff 14.036243467926482 > 0.0
2026-03-28 09:12:43,979 - game.simulation.components.abilities.weapons - DEBUG - check_firing_solution Arc FAIL: diff 14.036243467926482 > 0.0
2026-03-28 09:12:43,990 - game.simulation.components.abilities.weapons - DEBUG - check_firing_solution Arc FAIL: diff 14.036243467926482 > 0.0
2026-03-28 09:12:43,995 - game.simulation.components.abilities.weapons - DEBUG - check_firing_solution Arc FAIL: diff 14.036243467926482 > 0.0
2026-03-28 09:12:44,008 - game.simulation.components.abilities.weapons - DEBUG - check_firing_solution Arc FAIL: diff 14.036243467926482 > 0.0
2026-03-28 09:12:44,020 - game.simulation.components.abilities.weapons - DEBUG - check_firing_solution Arc FAIL: diff 14.036243467926482 > 0.0
2026-03-28 09:12:44,027 - game.simulation.components.abilities.weapons - DEBUG - check_firing_solution Arc FAIL: diff 14.036243467926482 > 0.0
2026-03-28 09:12:44,038 - game.simulation.components.abilities.weapons - DEBUG - check_firing_solution Arc FAIL: diff 14.036243467926482 > 0.0
2026-03-28 09:12:44,049 - game.simulation.components.abilities.weapons - DEBUG - check_firing_solution Arc FAIL: diff 14.036243467926482 > 0.0
2026-03-28 09:12:44,061 - game.simulation.components.abilities.weapons - DEBUG - check_firing_solution Arc FAIL: diff 14.036243467926482 > 0.0
2026-03-28 09:12:44,067 - game.simulation.components.abilities.weapons - DEBUG - check_firing_solution Arc FAIL: diff 14.036243467926482 > 0.0
2026-03-28 09:12:44,078 - game.simulation.components.abilities.weapons - DEBUG - check_firing_solution Arc FAIL: diff 14.036243467926482 > 0.0
2026-03-28 09:12:44,090 - game.simulation.components.abilities.weapons - DEBUG - check_firing_solution Arc FAIL: diff 14.036243467926482 > 0.0
2026-03-28 09:12:44,095 - game.simulation.components.abilities.weapons - DEBUG - check_firing_solution Arc FAIL: diff 14.036243467926482 > 0.0
2026-03-28 09:12:44,108 - game.simulation.components.abilities.weapons - DEBUG - check_firing_solution Arc FAIL: diff 14.036243467926482 > 0.0
2026-03-28 09:12:44,119 - game.simulation.components.abilities.weapons - DEBUG - check_firing_solution Arc FAIL: diff 14.036243467926482 > 0.0
2026-03-28 09:12:44,132 - game.simulation.components.abilities.weapons - DEBUG - check_firing_solution Arc FAIL: diff 14.036243467926482 > 0.0
2026-03-28 09:12:44,137 - game.simulation.components.abilities.weapons - DEBUG - check_firing_solution Arc FAIL: diff 14.036243467926482 > 0.0
2026-03-28 09:12:44,149 - game.simulation.components.abilities.weapons - DEBUG - check_firing_solution Arc FAIL: diff 14.036243467926482 > 0.0
2026-03-28 09:12:44,161 - game.simulation.components.abilities.weapons - DEBUG - check_firing_solution Arc FAIL: diff 14.036243467926482 > 0.0
2026-03-28 09:12:44,167 - game.simulation.components.abilities.weapons - DEBUG - check_firing_solution Arc FAIL: diff 14.036243467926482 > 0.0
2026-03-28 09:12:44,178 - game.simulation.components.abilities.weapons - DEBUG - check_firing_solution Arc FAIL: diff 14.036243467926482 > 0.0
2026-03-28 09:12:44,190 - game.simulation.components.abilities.weapons - DEBUG - check_firing_solution Arc FAIL: diff 14.036243467926482 > 0.0
2026-03-28 09:12:44,201 - game.simulation.components.abilities.weapons - DEBUG - check_firing_solution Arc FAIL: diff 14.036243467926482 > 0.0
2026-03-28 09:12:44,207 - game.simulation.components.abilities.weapons - DEBUG - check_firing_solution Arc FAIL: diff 14.036243467926482 > 0.0
2026-03-28 09:12:44,220 - game.simulation.components.abilities.weapons - DEBUG - check_firing_solution Arc FAIL: diff 14.036243467926482 > 0.0
2026-03-28 09:12:44,226 - game.simulation.components.abilities.weapons - DEBUG - check_firing_solution Arc FAIL: diff 14.036243467926482 > 0.0
2026-03-28 09:12:44,237 - game.simulation.components.abilities.weapons - DEBUG - check_firing_solution Arc FAIL: diff 14.036243467926482 > 0.0
2026-03-28 09:12:44,249 - game.simulation.components.abilities.weapons - DEBUG - check_firing_solution Arc FAIL: diff 14.036243467926482 > 0.0
2026-03-28 09:12:44,261 - game.simulation.components.abilities.weapons - DEBUG - check_firing_solution Arc FAIL: diff 14.036243467926482 > 0.0
2026-03-28 09:12:44,267 - game.simulation.components.abilities.weapons - DEBUG - check_firing_solution Arc FAIL: diff 14.036243467926482 > 0.0
2026-03-28 09:12:44,278 - game.simulation.components.abilities.weapons - DEBUG - check_firing_solution Arc FAIL: diff 14.036243467926482 > 0.0
2026-03-28 09:12:44,289 - game.simulation.components.abilities.weapons - DEBUG - check_firing_solution Arc FAIL: diff 14.036243467926482 > 0.0
2026-03-28 09:12:44,301 - game.simulation.components.abilities.weapons - DEBUG - check_firing_solution Arc FAIL: diff 14.036243467926482 > 0.0
2026-03-28 09:12:44,307 - game.simulation.components.abilities.weapons - DEBUG - check_firing_solution Arc FAIL: diff 14.036243467926482 > 0.0
2026-03-28 09:12:44,319 - game.simulation.components.abilities.weapons - DEBUG - check_firing_solution Arc FAIL: diff 14.036243467926482 > 0.0
2026-03-28 09:12:44,331 - game.simulation.components.abilities.weapons - DEBUG - check_firing_solution Arc FAIL: diff 14.036243467926482 > 0.0
2026-03-28 09:12:44,335 - game.simulation.components.abilities.weapons - DEBUG - check_firing_solution Arc FAIL: diff 14.036243467926482 > 0.0
2026-03-28 09:12:44,348 - game.simulation.components.abilities.weapons - DEBUG - check_firing_solution Arc FAIL: diff 14.036243467926482 > 0.0
2026-03-28 09:12:44,361 - game.simulation.components.abilities.weapons - DEBUG - check_firing_solution Arc FAIL: diff 14.036243467926482 > 0.0
2026-03-28 09:12:44,365 - game.simulation.components.abilities.weapons - DEBUG - check_firing_solution Arc FAIL: diff 14.036243467926482 > 0.0
2026-03-28 09:12:44,378 - game.simulation.components.abilities.weapons - DEBUG - check_firing_solution Arc FAIL: diff 14.036243467926482 > 0.0
2026-03-28 09:12:44,390 - game.simulation.components.abilities.weapons - DEBUG - check_firing_solution Arc FAIL: diff 14.036243467926482 > 0.0
2026-03-28 09:12:44,395 - game.simulation.components.abilities.weapons - DEBUG - check_firing_solution Arc FAIL: diff 14.036243467926482 > 0.0
2026-03-28 09:12:44,408 - game.simulation.components.abilities.weapons - DEBUG - check_firing_solution Arc FAIL: diff 14.036243467926482 > 0.0
2026-03-28 09:12:44,419 - game.simulation.components.abilities.weapons - DEBUG - check_firing_solution Arc FAIL: diff 14.036243467926482 > 0.0
2026-03-28 09:12:44,432 - game.simulation.components.abilities.weapons - DEBUG - check_firing_solution Arc FAIL: diff 14.036243467926482 > 0.0
2026-03-28 09:12:44,437 - game.simulation.components.abilities.weapons - DEBUG - check_firing_solution Arc FAIL: diff 14.036243467926482 > 0.0
2026-03-28 09:12:44,449 - game.simulation.components.abilities.weapons - DEBUG - check_firing_solution Arc FAIL: diff 14.036243467926482 > 0.0
2026-03-28 09:12:44,461 - game.simulation.components.abilities.weapons - DEBUG - check_firing_solution Arc FAIL: diff 14.036243467926482 > 0.0
2026-03-28 09:12:44,467 - game.simulation.components.abilities.weapons - DEBUG - check_firing_solution Arc FAIL: diff 14.036243467926482 > 0.0
2026-03-28 09:12:44,479 - game.simulation.components.abilities.weapons - DEBUG - check_firing_solution Arc FAIL: diff 14.036243467926482 > 0.0
2026-03-28 09:12:44,490 - game.simulation.components.abilities.weapons - DEBUG - check_firing_solution Arc FAIL: diff 14.036243467926482 > 0.0
2026-03-28 09:12:44,495 - game.simulation.components.abilities.weapons - DEBUG - check_firing_solution Arc FAIL: diff 14.036243467926482 > 0.0
2026-03-28 09:12:44,508 - game.simulation.components.abilities.weapons - DEBUG - check_firing_solution Arc FAIL: diff 14.036243467926482 > 0.0
2026-03-28 09:12:44,520 - game.simulation.components.abilities.weapons - DEBUG - check_firing_solution Arc FAIL: diff 14.036243467926482 > 0.0
2026-03-28 09:12:44,526 - game.simulation.components.abilities.weapons - DEBUG - check_firing_solution Arc FAIL: diff 14.036243467926482 > 0.0
2026-03-28 09:12:44,538 - game.simulation.components.abilities.weapons - DEBUG - check_firing_solution Arc FAIL: diff 14.036243467926482 > 0.0
2026-03-28 09:12:44,550 - game.simulation.components.abilities.weapons - DEBUG - check_firing_solution Arc FAIL: diff 14.036243467926482 > 0.0
2026-03-28 09:12:44,561 - game.simulation.components.abilities.weapons - DEBUG - check_firing_solution Arc FAIL: diff 14.036243467926482 > 0.0
2026-03-28 09:12:44,567 - game.simulation.components.abilities.weapons - DEBUG - check_firing_solution Arc FAIL: diff 14.036243467926482 > 0.0
2026-03-28 09:12:44,579 - game.simulation.components.abilities.weapons - DEBUG - check_firing_solution Arc FAIL: diff 14.036243467926482 > 0.0
2026-03-28 09:12:44,590 - game.simulation.components.abilities.weapons - DEBUG - check_firing_solution Arc FAIL: diff 14.036243467926482 > 0.0
2026-03-28 09:12:44,596 - game.simulation.components.abilities.weapons - DEBUG - check_firing_solution Arc FAIL: diff 14.036243467926482 > 0.0
2026-03-28 09:12:44,608 - game.simulation.components.abilities.weapons - DEBUG - check_firing_solution Arc FAIL: diff 14.036243467926482 > 0.0
2026-03-28 09:12:44,619 - game.simulation.components.abilities.weapons - DEBUG - check_firing_solution Arc FAIL: diff 14.036243467926482 > 0.0
2026-03-28 09:12:44,632 - game.simulation.components.abilities.weapons - DEBUG - check_firing_solution Arc FAIL: diff 14.036243467926482 > 0.0
2026-03-28 09:12:44,640 - game.simulation.components.abilities.weapons - DEBUG - check_firing_solution Arc FAIL: diff 14.036243467926482 > 0.0
2026-03-28 09:12:44,652 - game.simulation.components.abilities.weapons - DEBUG - check_firing_solution Arc FAIL: diff 14.036243467926482 > 0.0
2026-03-28 09:12:44,657 - game.simulation.components.abilities.weapons - DEBUG - check_firing_solution Arc FAIL: diff 14.036243467926482 > 0.0
2026-03-28 09:12:44,669 - game.simulation.components.abilities.weapons - DEBUG - check_firing_solution Arc FAIL: diff 14.036243467926482 > 0.0
2026-03-28 09:12:44,680 - game.simulation.components.abilities.weapons - DEBUG - check_firing_solution Arc FAIL: diff 14.036243467926482 > 0.0
2026-03-28 09:12:44,685 - game.simulation.components.abilities.weapons - DEBUG - check_firing_solution Arc FAIL: diff 14.036243467926482 > 0.0
2026-03-28 09:12:44,698 - game.simulation.components.abilities.weapons - DEBUG - check_firing_solution Arc FAIL: diff 14.036243467926482 > 0.0
2026-03-28 09:12:44,711 - game.simulation.components.abilities.weapons - DEBUG - check_firing_solution Arc FAIL: diff 14.036243467926482 > 0.0
2026-03-28 09:12:44,715 - game.simulation.components.abilities.weapons - DEBUG - check_firing_solution Arc FAIL: diff 14.036243467926482 > 0.0
2026-03-28 09:12:44,729 - game.simulation.components.abilities.weapons - DEBUG - check_firing_solution Arc FAIL: diff 14.036243467926482 > 0.0
2026-03-28 09:12:44,740 - game.simulation.components.abilities.weapons - DEBUG - check_firing_solution Arc FAIL: diff 14.036243467926482 > 0.0
2026-03-28 09:12:44,752 - game.simulation.components.abilities.weapons - DEBUG - check_firing_solution Arc FAIL: diff 14.036243467926482 > 0.0
2026-03-28 09:12:44,757 - game.simulation.components.abilities.weapons - DEBUG - check_firing_solution Arc FAIL: diff 14.036243467926482 > 0.0
2026-03-28 09:12:44,768 - game.simulation.components.abilities.weapons - DEBUG - check_firing_solution Arc FAIL: diff 14.036243467926482 > 0.0
2026-03-28 09:12:44,781 - game.simulation.components.abilities.weapons - DEBUG - check_firing_solution Arc FAIL: diff 14.036243467926482 > 0.0
2026-03-28 09:12:44,785 - game.simulation.components.abilities.weapons - DEBUG - check_firing_solution Arc FAIL: diff 14.036243467926482 > 0.0
2026-03-28 09:12:44,799 - game.simulation.components.abilities.weapons - DEBUG - check_firing_solution Arc FAIL: diff 14.036243467926482 > 0.0
2026-03-28 09:12:44,811 - game.simulation.components.abilities.weapons - DEBUG - check_firing_solution Arc FAIL: diff 14.036243467926482 > 0.0
2026-03-28 09:12:44,815 - game.simulation.components.abilities.weapons - DEBUG - check_firing_solution Arc FAIL: diff 14.036243467926482 > 0.0
2026-03-28 09:12:44,829 - game.simulation.components.abilities.weapons - DEBUG - check_firing_solution Arc FAIL: diff 14.036243467926482 > 0.0
2026-03-28 09:12:44,840 - game.simulation.components.abilities.weapons - DEBUG - check_firing_solution Arc FAIL: diff 14.036243467926482 > 0.0
2026-03-28 09:12:44,846 - game.simulation.components.abilities.weapons - DEBUG - check_firing_solution Arc FAIL: diff 14.036243467926482 > 0.0
2026-03-28 09:12:44,858 - game.simulation.components.abilities.weapons - DEBUG - check_firing_solution Arc FAIL: diff 14.036243467926482 > 0.0
2026-03-28 09:12:44,869 - game.simulation.components.abilities.weapons - DEBUG - check_firing_solution Arc FAIL: diff 14.036243467926482 > 0.0
2026-03-28 09:12:44,881 - game.simulation.components.abilities.weapons - DEBUG - check_firing_solution Arc FAIL: diff 14.036243467926482 > 0.0
2026-03-28 09:12:44,887 - game.simulation.components.abilities.weapons - DEBUG - check_firing_solution Arc FAIL: diff 14.036243467926482 > 0.0
2026-03-28 09:12:44,899 - game.simulation.components.abilities.weapons - DEBUG - check_firing_solution Arc FAIL: diff 14.036243467926482 > 0.0
2026-03-28 09:12:44,910 - game.simulation.components.abilities.weapons - DEBUG - check_firing_solution Arc FAIL: diff 14.036243467926482 > 0.0
2026-03-28 09:12:44,916 - game.simulation.components.abilities.weapons - DEBUG - check_firing_solution Arc FAIL: diff 14.036243467926482 > 0.0
2026-03-28 09:12:44,928 - game.simulation.components.abilities.weapons - DEBUG - check_firing_solution Arc FAIL: diff 14.036243467926482 > 0.0
2026-03-28 09:12:44,939 - game.simulation.components.abilities.weapons - DEBUG - check_firing_solution Arc FAIL: diff 14.036243467926482 > 0.0
2026-03-28 09:12:44,951 - game.simulation.components.abilities.weapons - DEBUG - check_firing_solution Arc FAIL: diff 14.036243467926482 > 0.0
2026-03-28 09:12:44,957 - game.simulation.components.abilities.weapons - DEBUG - check_firing_solution Arc FAIL: diff 14.036243467926482 > 0.0
2026-03-28 09:12:44,969 - game.simulation.components.abilities.weapons - DEBUG - check_firing_solution Arc FAIL: diff 14.036243467926482 > 0.0
2026-03-28 09:12:44,981 - game.simulation.components.abilities.weapons - DEBUG - check_firing_solution Arc FAIL: diff 14.036243467926482 > 0.0
2026-03-28 09:12:44,986 - game.simulation.components.abilities.weapons - DEBUG - check_firing_solution Arc FAIL: diff 14.036243467926482 > 0.0
2026-03-28 09:12:44,998 - game.simulation.components.abilities.weapons - DEBUG - check_firing_solution Arc FAIL: diff 14.036243467926482 > 0.0
2026-03-28 09:12:45,011 - game.simulation.components.abilities.weapons - DEBUG - check_firing_solution Arc FAIL: diff 14.036243467926482 > 0.0
2026-03-28 09:12:45,016 - game.simulation.components.abilities.weapons - DEBUG - check_firing_solution Arc FAIL: diff 14.036243467926482 > 0.0
2026-03-28 09:12:45,028 - game.simulation.components.abilities.weapons - DEBUG - check_firing_solution Arc FAIL: diff 14.036243467926482 > 0.0
2026-03-28 09:12:45,039 - game.simulation.components.abilities.weapons - DEBUG - check_firing_solution Arc FAIL: diff 14.036243467926482 > 0.0
2026-03-28 09:12:45,051 - game.simulation.components.abilities.weapons - DEBUG - check_firing_solution Arc FAIL: diff 14.036243467926482 > 0.0
2026-03-28 09:12:45,057 - game.simulation.components.abilities.weapons - DEBUG - check_firing_solution Arc FAIL: diff 14.036243467926482 > 0.0
2026-03-28 09:12:45,068 - game.simulation.components.abilities.weapons - DEBUG - check_firing_solution Arc FAIL: diff 14.036243467926482 > 0.0
2026-03-28 09:12:45,080 - game.simulation.components.abilities.weapons - DEBUG - check_firing_solution Arc FAIL: diff 14.036243467926482 > 0.0
2026-03-28 09:12:45,086 - game.simulation.components.abilities.weapons - DEBUG - check_firing_solution Arc FAIL: diff 14.036243467926482 > 0.0
2026-03-28 09:12:45,099 - game.simulation.components.abilities.weapons - DEBUG - check_firing_solution Arc FAIL: diff 14.036243467926482 > 0.0
2026-03-28 09:12:45,110 - game.simulation.components.abilities.weapons - DEBUG - check_firing_solution Arc FAIL: diff 14.036243467926482 > 0.0
2026-03-28 09:12:45,115 - game.simulation.components.abilities.weapons - DEBUG - check_firing_solution Arc FAIL: diff 14.036243467926482 > 0.0
2026-03-28 09:12:45,127 - game.simulation.components.abilities.weapons - DEBUG - check_firing_solution Arc FAIL: diff 14.036243467926482 > 0.0
2026-03-28 09:12:45,140 - game.simulation.components.abilities.weapons - DEBUG - check_firing_solution Arc FAIL: diff 14.036243467926482 > 0.0
2026-03-28 09:12:45,151 - game.simulation.components.abilities.weapons - DEBUG - check_firing_solution Arc FAIL: diff 14.036243467926482 > 0.0
2026-03-28 09:12:45,156 - game.simulation.components.abilities.weapons - DEBUG - check_firing_solution Arc FAIL: diff 14.036243467926482 > 0.0
2026-03-28 09:12:45,168 - game.simulation.components.abilities.weapons - DEBUG - check_firing_solution Arc FAIL: diff 14.036243467926482 > 0.0
2026-03-28 09:12:45,180 - game.simulation.components.abilities.weapons - DEBUG - check_firing_solution Arc FAIL: diff 14.036243467926482 > 0.0
2026-03-28 09:12:45,190 - game.simulation.components.abilities.weapons - DEBUG - check_firing_solution Arc FAIL: diff 14.036243467926482 > 0.0
2026-03-28 09:12:45,197 - game.simulation.components.abilities.weapons - DEBUG - check_firing_solution Arc FAIL: diff 14.036243467926482 > 0.0
2026-03-28 09:12:45,209 - game.simulation.components.abilities.weapons - DEBUG - check_firing_solution Arc FAIL: diff 14.036243467926482 > 0.0
2026-03-28 09:12:45,221 - game.simulation.components.abilities.weapons - DEBUG - check_firing_solution Arc FAIL: diff 14.036243467926482 > 0.0
2026-03-28 09:12:45,227 - game.simulation.components.abilities.weapons - DEBUG - check_firing_solution Arc FAIL: diff 14.036243467926482 > 0.0
2026-03-28 09:12:45,238 - game.simulation.components.abilities.weapons - DEBUG - check_firing_solution Arc FAIL: diff 14.036243467926482 > 0.0
2026-03-28 09:12:45,250 - game.simulation.components.abilities.weapons - DEBUG - check_firing_solution Arc FAIL: diff 14.036243467926482 > 0.0
2026-03-28 09:12:45,255 - game.simulation.components.abilities.weapons - DEBUG - check_firing_solution Arc FAIL: diff 14.036243467926482 > 0.0
2026-03-28 09:12:45,268 - game.simulation.components.abilities.weapons - DEBUG - check_firing_solution Arc FAIL: diff 14.036243467926482 > 0.0
2026-03-28 09:12:45,279 - game.simulation.components.abilities.weapons - DEBUG - check_firing_solution Arc FAIL: diff 14.036243467926482 > 0.0
2026-03-28 09:12:45,291 - game.simulation.components.abilities.weapons - DEBUG - check_firing_solution Arc FAIL: diff 14.036243467926482 > 0.0
2026-03-28 09:12:45,297 - game.simulation.components.abilities.weapons - DEBUG - check_firing_solution Arc FAIL: diff 14.036243467926482 > 0.0
2026-03-28 09:12:45,309 - game.simulation.components.abilities.weapons - DEBUG - check_firing_solution Arc FAIL: diff 14.036243467926482 > 0.0
2026-03-28 09:12:45,321 - game.simulation.components.abilities.weapons - DEBUG - check_firing_solution Arc FAIL: diff 14.036243467926482 > 0.0
2026-03-28 09:12:45,327 - game.simulation.components.abilities.weapons - DEBUG - check_firing_solution Arc FAIL: diff 14.036243467926482 > 0.0
2026-03-28 09:12:45,338 - game.simulation.components.abilities.weapons - DEBUG - check_firing_solution Arc FAIL: diff 14.036243467926482 > 0.0
2026-03-28 09:12:45,350 - game.simulation.components.abilities.weapons - DEBUG - check_firing_solution Arc FAIL: diff 14.036243467926482 > 0.0
2026-03-28 09:12:45,356 - game.simulation.components.abilities.weapons - DEBUG - check_firing_solution Arc FAIL: diff 14.036243467926482 > 0.0
2026-03-28 09:12:45,368 - game.simulation.components.abilities.weapons - DEBUG - check_firing_solution Arc FAIL: diff 14.036243467926482 > 0.0
2026-03-28 09:12:45,379 - game.simulation.components.abilities.weapons - DEBUG - check_firing_solution Arc FAIL: diff 14.036243467926482 > 0.0
2026-03-28 09:12:45,390 - game.simulation.components.abilities.weapons - DEBUG - check_firing_solution Arc FAIL: diff 14.036243467926482 > 0.0
2026-03-28 09:12:45,396 - game.simulation.components.abilities.weapons - DEBUG - check_firing_solution Arc FAIL: diff 14.036243467926482 > 0.0
2026-03-28 09:12:45,409 - game.simulation.components.abilities.weapons - DEBUG - check_firing_solution Arc FAIL: diff 14.036243467926482 > 0.0
2026-03-28 09:12:45,421 - game.simulation.components.abilities.weapons - DEBUG - check_firing_solution Arc FAIL: diff 14.036243467926482 > 0.0
2026-03-28 09:12:45,427 - game.simulation.components.abilities.weapons - DEBUG - check_firing_solution Arc FAIL: diff 14.036243467926482 > 0.0
2026-03-28 09:12:45,439 - game.simulation.components.abilities.weapons - DEBUG - check_firing_solution Arc FAIL: diff 14.036243467926482 > 0.0
2026-03-28 09:12:45,450 - game.simulation.components.abilities.weapons - DEBUG - check_firing_solution Arc FAIL: diff 14.036243467926482 > 0.0
2026-03-28 09:12:45,456 - game.simulation.components.abilities.weapons - DEBUG - check_firing_solution Arc FAIL: diff 14.036243467926482 > 0.0
2026-03-28 09:12:45,468 - game.simulation.components.abilities.weapons - DEBUG - check_firing_solution Arc FAIL: diff 14.036243467926482 > 0.0
2026-03-28 09:12:45,480 - game.simulation.components.abilities.weapons - DEBUG - check_firing_solution Arc FAIL: diff 14.036243467926482 > 0.0
2026-03-28 09:12:45,490 - game.simulation.components.abilities.weapons - DEBUG - check_firing_solution Arc FAIL: diff 14.036243467926482 > 0.0
2026-03-28 09:12:45,497 - game.simulation.components.abilities.weapons - DEBUG - check_firing_solution Arc FAIL: diff 14.036243467926482 > 0.0
2026-03-28 09:12:45,509 - game.simulation.components.abilities.weapons - DEBUG - check_firing_solution Arc FAIL: diff 14.036243467926482 > 0.0
2026-03-28 09:12:45,521 - game.simulation.components.abilities.weapons - DEBUG - check_firing_solution Arc FAIL: diff 14.036243467926482 > 0.0
2026-03-28 09:12:45,527 - game.simulation.components.abilities.weapons - DEBUG - check_firing_solution Arc FAIL: diff 14.036243467926482 > 0.0
2026-03-28 09:12:45,538 - game.simulation.components.abilities.weapons - DEBUG - check_firing_solution Arc FAIL: diff 14.036243467926482 > 0.0
2026-03-28 09:12:45,550 - game.simulation.components.abilities.weapons - DEBUG - check_firing_solution Arc FAIL: diff 14.036243467926482 > 0.0
2026-03-28 09:12:45,556 - game.simulation.components.abilities.weapons - DEBUG - check_firing_solution Arc FAIL: diff 14.036243467926482 > 0.0
2026-03-28 09:12:45,568 - game.simulation.components.abilities.weapons - DEBUG - check_firing_solution Arc FAIL: diff 14.036243467926482 > 0.0
2026-03-28 09:12:45,579 - game.simulation.components.abilities.weapons - DEBUG - check_firing_solution Arc FAIL: diff 14.036243467926482 > 0.0
2026-03-28 09:12:45,591 - game.simulation.components.abilities.weapons - DEBUG - check_firing_solution Arc FAIL: diff 14.036243467926482 > 0.0
2026-03-28 09:12:45,597 - game.simulation.components.abilities.weapons - DEBUG - check_firing_solution Arc FAIL: diff 14.036243467926482 > 0.0
2026-03-28 09:12:45,608 - game.simulation.components.abilities.weapons - DEBUG - check_firing_solution Arc FAIL: diff 14.036243467926482 > 0.0
2026-03-28 09:12:45,621 - game.simulation.components.abilities.weapons - DEBUG - check_firing_solution Arc FAIL: diff 14.036243467926482 > 0.0
2026-03-28 09:12:45,627 - game.simulation.components.abilities.weapons - DEBUG - check_firing_solution Arc FAIL: diff 14.036243467926482 > 0.0
2026-03-28 09:12:45,639 - game.simulation.components.abilities.weapons - DEBUG - check_firing_solution Arc FAIL: diff 14.036243467926482 > 0.0
2026-03-28 09:12:45,647 - game.simulation.components.abilities.weapons - DEBUG - check_firing_solution Arc FAIL: diff 14.036243467926482 > 0.0
2026-03-28 09:12:45,659 - game.simulation.components.abilities.weapons - DEBUG - check_firing_solution Arc FAIL: diff 14.036243467926482 > 0.0
2026-03-28 09:12:45,671 - game.simulation.components.abilities.weapons - DEBUG - check_firing_solution Arc FAIL: diff 14.036243467926482 > 0.0
2026-03-28 09:12:45,677 - game.simulation.components.abilities.weapons - DEBUG - check_firing_solution Arc FAIL: diff 14.036243467926482 > 0.0
2026-03-28 09:12:45,688 - game.simulation.components.abilities.weapons - DEBUG - check_firing_solution Arc FAIL: diff 14.036243467926482 > 0.0
2026-03-28 09:12:45,699 - game.simulation.components.abilities.weapons - DEBUG - check_firing_solution Arc FAIL: diff 14.036243467926482 > 0.0
2026-03-28 09:12:45,706 - game.simulation.components.abilities.weapons - DEBUG - check_firing_solution Arc FAIL: diff 14.036243467926482 > 0.0
2026-03-28 09:12:45,717 - game.simulation.components.abilities.weapons - DEBUG - check_firing_solution Arc FAIL: diff 14.036243467926482 > 0.0
2026-03-28 09:12:45,728 - game.simulation.components.abilities.weapons - DEBUG - check_firing_solution Arc FAIL: diff 14.036243467926482 > 0.0
2026-03-28 09:12:45,741 - game.simulation.components.abilities.weapons - DEBUG - check_firing_solution Arc FAIL: diff 14.036243467926482 > 0.0
2026-03-28 09:12:45,746 - game.simulation.components.abilities.weapons - DEBUG - check_firing_solution Arc FAIL: diff 14.036243467926482 > 0.0
2026-03-28 09:12:45,758 - game.simulation.components.abilities.weapons - DEBUG - check_firing_solution Arc FAIL: diff 14.036243467926482 > 0.0
2026-03-28 09:12:45,769 - game.simulation.components.abilities.weapons - DEBUG - check_firing_solution Arc FAIL: diff 14.036243467926482 > 0.0
2026-03-28 09:12:45,782 - game.simulation.components.abilities.weapons - DEBUG - check_firing_solution Arc FAIL: diff 14.036243467926482 > 0.0
2026-03-28 09:12:45,787 - game.simulation.components.abilities.weapons - DEBUG - check_firing_solution Arc FAIL: diff 14.036243467926482 > 0.0
2026-03-28 09:12:45,799 - game.simulation.components.abilities.weapons - DEBUG - check_firing_solution Arc FAIL: diff 14.036243467926482 > 0.0
2026-03-28 09:12:45,811 - game.simulation.components.abilities.weapons - DEBUG - check_firing_solution Arc FAIL: diff 14.036243467926482 > 0.0
2026-03-28 09:12:45,817 - game.simulation.components.abilities.weapons - DEBUG - check_firing_solution Arc FAIL: diff 14.036243467926482 > 0.0
2026-03-28 09:12:45,829 - game.simulation.components.abilities.weapons - DEBUG - check_firing_solution Arc FAIL: diff 14.036243467926482 > 0.0
2026-03-28 09:12:45,841 - game.simulation.components.abilities.weapons - DEBUG - check_firing_solution Arc FAIL: diff 14.036243467926482 > 0.0
2026-03-28 09:12:45,847 - game.simulation.components.abilities.weapons - DEBUG - check_firing_solution Arc FAIL: diff 14.036243467926482 > 0.0
2026-03-28 09:12:45,858 - game.simulation.components.abilities.weapons - DEBUG - check_firing_solution Arc FAIL: diff 14.036243467926482 > 0.0
2026-03-28 09:12:45,869 - game.simulation.components.abilities.weapons - DEBUG - check_firing_solution Arc FAIL: diff 14.036243467926482 > 0.0
2026-03-28 09:12:45,882 - game.simulation.components.abilities.weapons - DEBUG - check_firing_solution Arc FAIL: diff 14.036243467926482 > 0.0
2026-03-28 09:12:45,887 - game.simulation.components.abilities.weapons - DEBUG - check_firing_solution Arc FAIL: diff 14.036243467926482 > 0.0
2026-03-28 09:12:45,899 - game.simulation.components.abilities.weapons - DEBUG - check_firing_solution Arc FAIL: diff 14.036243467926482 > 0.0
2026-03-28 09:12:45,911 - game.simulation.components.abilities.weapons - DEBUG - check_firing_solution Arc FAIL: diff 14.036243467926482 > 0.0
2026-03-28 09:12:45,917 - game.simulation.components.abilities.weapons - DEBUG - check_firing_solution Arc FAIL: diff 14.036243467926482 > 0.0
2026-03-28 09:12:45,928 - game.simulation.components.abilities.weapons - DEBUG - check_firing_solution Arc FAIL: diff 14.036243467926482 > 0.0
2026-03-28 09:12:45,940 - game.simulation.components.abilities.weapons - DEBUG - check_firing_solution Arc FAIL: diff 14.036243467926482 > 0.0
2026-03-28 09:12:45,945 - game.simulation.components.abilities.weapons - DEBUG - check_firing_solution Arc FAIL: diff 14.036243467926482 > 0.0
2026-03-28 09:12:45,958 - game.simulation.components.abilities.weapons - DEBUG - check_firing_solution Arc FAIL: diff 14.036243467926482 > 0.0
2026-03-28 09:12:45,969 - game.simulation.components.abilities.weapons - DEBUG - check_firing_solution Arc FAIL: diff 14.036243467926482 > 0.0
2026-03-28 09:12:45,981 - game.simulation.components.abilities.weapons - DEBUG - check_firing_solution Arc FAIL: diff 14.036243467926482 > 0.0
2026-03-28 09:12:45,987 - game.simulation.components.abilities.weapons - DEBUG - check_firing_solution Arc FAIL: diff 14.036243467926482 > 0.0
2026-03-28 09:12:45,998 - game.simulation.components.abilities.weapons - DEBUG - check_firing_solution Arc FAIL: diff 14.036243467926482 > 0.0
2026-03-28 09:12:46,010 - game.simulation.components.abilities.weapons - DEBUG - check_firing_solution Arc FAIL: diff 14.036243467926482 > 0.0
2026-03-28 09:12:46,015 - game.simulation.components.abilities.weapons - DEBUG - check_firing_solution Arc FAIL: diff 14.036243467926482 > 0.0
2026-03-28 09:12:46,028 - game.simulation.components.abilities.weapons - DEBUG - check_firing_solution Arc FAIL: diff 14.036243467926482 > 0.0
2026-03-28 09:12:46,040 - game.simulation.components.abilities.weapons - DEBUG - check_firing_solution Arc FAIL: diff 14.036243467926482 > 0.0
2026-03-28 09:12:46,046 - game.simulation.components.abilities.weapons - DEBUG - check_firing_solution Arc FAIL: diff 14.036243467926482 > 0.0
2026-03-28 09:12:46,058 - game.simulation.components.abilities.weapons - DEBUG - check_firing_solution Arc FAIL: diff 14.036243467926482 > 0.0
2026-03-28 09:12:46,069 - game.simulation.components.abilities.weapons - DEBUG - check_firing_solution Arc FAIL: diff 14.036243467926482 > 0.0
2026-03-28 09:12:46,082 - game.simulation.components.abilities.weapons - DEBUG - check_firing_solution Arc FAIL: diff 14.036243467926482 > 0.0
2026-03-28 09:12:46,087 - game.simulation.components.abilities.weapons - DEBUG - check_firing_solution Arc FAIL: diff 14.036243467926482 > 0.0
2026-03-28 09:12:46,099 - game.simulation.components.abilities.weapons - DEBUG - check_firing_solution Arc FAIL: diff 14.036243467926482 > 0.0
2026-03-28 09:12:46,110 - game.simulation.components.abilities.weapons - DEBUG - check_firing_solution Arc FAIL: diff 14.036243467926482 > 0.0
2026-03-28 09:12:46,116 - game.simulation.components.abilities.weapons - DEBUG - check_firing_solution Arc FAIL: diff 14.036243467926482 > 0.0
2026-03-28 09:12:46,129 - game.simulation.components.abilities.weapons - DEBUG - check_firing_solution Arc FAIL: diff 14.036243467926482 > 0.0
2026-03-28 09:12:46,140 - game.simulation.components.abilities.weapons - DEBUG - check_firing_solution Arc FAIL: diff 14.036243467926482 > 0.0
2026-03-28 09:12:46,146 - game.simulation.components.abilities.weapons - DEBUG - check_firing_solution Arc FAIL: diff 14.036243467926482 > 0.0
2026-03-28 09:12:46,160 - game.simulation.components.abilities.weapons - DEBUG - check_firing_solution Arc FAIL: diff 14.036243467926482 > 0.0
2026-03-28 09:12:46,172 - game.simulation.components.abilities.weapons - DEBUG - check_firing_solution Arc FAIL: diff 14.036243467926482 > 0.0
2026-03-28 09:12:46,177 - game.simulation.components.abilities.weapons - DEBUG - check_firing_solution Arc FAIL: diff 14.036243467926482 > 0.0
2026-03-28 09:12:46,188 - game.simulation.components.abilities.weapons - DEBUG - check_firing_solution Arc FAIL: diff 14.036243467926482 > 0.0
2026-03-28 09:12:46,200 - game.simulation.components.abilities.weapons - DEBUG - check_firing_solution Arc FAIL: diff 14.036243467926482 > 0.0
2026-03-28 09:12:46,206 - game.simulation.components.abilities.weapons - DEBUG - check_firing_solution Arc FAIL: diff 14.036243467926482 > 0.0
2026-03-28 09:12:46,217 - game.simulation.components.abilities.weapons - DEBUG - check_firing_solution Arc FAIL: diff 14.036243467926482 > 0.0
2026-03-28 09:12:46,229 - game.simulation.components.abilities.weapons - DEBUG - check_firing_solution Arc FAIL: diff 14.036243467926482 > 0.0
2026-03-28 09:12:46,241 - game.simulation.components.abilities.weapons - DEBUG - check_firing_solution Arc FAIL: diff 14.036243467926482 > 0.0
2026-03-28 09:12:46,247 - game.simulation.components.abilities.weapons - DEBUG - check_firing_solution Arc FAIL: diff 14.036243467926482 > 0.0
2026-03-28 09:12:46,259 - game.simulation.components.abilities.weapons - DEBUG - check_firing_solution Arc FAIL: diff 14.036243467926482 > 0.0
2026-03-28 09:12:46,271 - game.simulation.components.abilities.weapons - DEBUG - check_firing_solution Arc FAIL: diff 14.036243467926482 > 0.0
2026-03-28 09:12:46,278 - game.simulation.components.abilities.weapons - DEBUG - check_firing_solution Arc FAIL: diff 14.036243467926482 > 0.0
2026-03-28 09:12:46,290 - game.simulation.components.abilities.weapons - DEBUG - check_firing_solution Arc FAIL: diff 14.036243467926482 > 0.0
2026-03-28 09:12:46,301 - game.simulation.components.abilities.weapons - DEBUG - check_firing_solution Arc FAIL: diff 14.036243467926482 > 0.0
2026-03-28 09:12:46,307 - game.simulation.components.abilities.weapons - DEBUG - check_firing_solution Arc FAIL: diff 14.036243467926482 > 0.0
2026-03-28 09:12:46,318 - game.simulation.components.abilities.weapons - DEBUG - check_firing_solution Arc FAIL: diff 14.036243467926482 > 0.0
2026-03-28 09:12:46,330 - game.simulation.components.abilities.weapons - DEBUG - check_firing_solution Arc FAIL: diff 14.036243467926482 > 0.0
2026-03-28 09:12:46,335 - game.simulation.components.abilities.weapons - DEBUG - check_firing_solution Arc FAIL: diff 14.036243467926482 > 0.0
2026-03-28 09:12:46,348 - game.simulation.components.abilities.weapons - DEBUG - check_firing_solution Arc FAIL: diff 14.036243467926482 > 0.0
2026-03-28 09:12:46,359 - game.simulation.components.abilities.weapons - DEBUG - check_firing_solution Arc FAIL: diff 14.036243467926482 > 0.0
2026-03-28 09:12:46,371 - game.simulation.components.abilities.weapons - DEBUG - check_firing_solution Arc FAIL: diff 14.036243467926482 > 0.0
2026-03-28 09:12:46,377 - game.simulation.components.abilities.weapons - DEBUG - check_firing_solution Arc FAIL: diff 14.036243467926482 > 0.0
2026-03-28 09:12:46,388 - game.simulation.components.abilities.weapons - DEBUG - check_firing_solution Arc FAIL: diff 14.036243467926482 > 0.0
2026-03-28 09:12:46,400 - game.simulation.components.abilities.weapons - DEBUG - check_firing_solution Arc FAIL: diff 14.036243467926482 > 0.0
2026-03-28 09:12:46,406 - game.simulation.components.abilities.weapons - DEBUG - check_firing_solution Arc FAIL: diff 14.036243467926482 > 0.0
2026-03-28 09:12:46,418 - game.simulation.components.abilities.weapons - DEBUG - check_firing_solution Arc FAIL: diff 14.036243467926482 > 0.0
2026-03-28 09:12:46,429 - game.simulation.components.abilities.weapons - DEBUG - check_firing_solution Arc FAIL: diff 14.036243467926482 > 0.0
2026-03-28 09:12:46,440 - game.simulation.components.abilities.weapons - DEBUG - check_firing_solution Arc FAIL: diff 14.036243467926482 > 0.0
2026-03-28 09:12:46,447 - game.simulation.components.abilities.weapons - DEBUG - check_firing_solution Arc FAIL: diff 14.036243467926482 > 0.0
2026-03-28 09:12:46,458 - game.simulation.components.abilities.weapons - DEBUG - check_firing_solution Arc FAIL: diff 14.036243467926482 > 0.0
2026-03-28 09:12:46,471 - game.simulation.components.abilities.weapons - DEBUG - check_firing_solution Arc FAIL: diff 14.036243467926482 > 0.0
2026-03-28 09:12:46,477 - game.simulation.components.abilities.weapons - DEBUG - check_firing_solution Arc FAIL: diff 14.036243467926482 > 0.0
2026-03-28 09:12:46,488 - game.simulation.components.abilities.weapons - DEBUG - check_firing_solution Arc FAIL: diff 14.036243467926482 > 0.0
2026-03-28 09:12:46,500 - game.simulation.components.abilities.weapons - DEBUG - check_firing_solution Arc FAIL: diff 14.036243467926482 > 0.0
2026-03-28 09:12:46,506 - game.simulation.components.abilities.weapons - DEBUG - check_firing_solution Arc FAIL: diff 14.036243467926482 > 0.0
2026-03-28 09:12:46,518 - game.simulation.components.abilities.weapons - DEBUG - check_firing_solution Arc FAIL: diff 14.036243467926482 > 0.0
2026-03-28 09:12:46,529 - game.simulation.components.abilities.weapons - DEBUG - check_firing_solution Arc FAIL: diff 14.036243467926482 > 0.0
2026-03-28 09:12:46,541 - game.simulation.components.abilities.weapons - DEBUG - check_firing_solution Arc FAIL: diff 14.036243467926482 > 0.0
2026-03-28 09:12:46,547 - game.simulation.components.abilities.weapons - DEBUG - check_firing_solution Arc FAIL: diff 14.036243467926482 > 0.0
2026-03-28 09:12:46,559 - game.simulation.components.abilities.weapons - DEBUG - check_firing_solution Arc FAIL: diff 14.036243467926482 > 0.0
2026-03-28 09:12:46,571 - game.simulation.components.abilities.weapons - DEBUG - check_firing_solution Arc FAIL: diff 14.036243467926482 > 0.0
2026-03-28 09:12:46,577 - game.simulation.components.abilities.weapons - DEBUG - check_firing_solution Arc FAIL: diff 14.036243467926482 > 0.0
2026-03-28 09:12:46,589 - game.simulation.components.abilities.weapons - DEBUG - check_firing_solution Arc FAIL: diff 14.036243467926482 > 0.0
2026-03-28 09:12:46,600 - game.simulation.components.abilities.weapons - DEBUG - check_firing_solution Arc FAIL: diff 14.036243467926482 > 0.0
2026-03-28 09:12:46,606 - game.simulation.components.abilities.weapons - DEBUG - check_firing_solution Arc FAIL: diff 14.036243467926482 > 0.0
2026-03-28 09:12:46,617 - game.simulation.components.abilities.weapons - DEBUG - check_firing_solution Arc FAIL: diff 14.036243467926482 > 0.0
2026-03-28 09:12:46,629 - game.simulation.components.abilities.weapons - DEBUG - check_firing_solution Arc FAIL: diff 14.036243467926482 > 0.0
2026-03-28 09:12:46,642 - game.simulation.components.abilities.weapons - DEBUG - check_firing_solution Arc FAIL: diff 14.036243467926482 > 0.0
2026-03-28 09:12:46,648 - game.simulation.components.abilities.weapons - DEBUG - check_firing_solution Arc FAIL: diff 14.036243467926482 > 0.0
2026-03-28 09:12:46,661 - game.simulation.components.abilities.weapons - DEBUG - check_firing_solution Arc FAIL: diff 14.036243467926482 > 0.0
2026-03-28 09:12:46,665 - game.simulation.components.abilities.weapons - DEBUG - check_firing_solution Arc FAIL: diff 14.036243467926482 > 0.0
2026-03-28 09:12:46,677 - game.simulation.components.abilities.weapons - DEBUG - check_firing_solution Arc FAIL: diff 14.036243467926482 > 0.0
2026-03-28 09:12:46,689 - game.simulation.components.abilities.weapons - DEBUG - check_firing_solution Arc FAIL: diff 14.036243467926482 > 0.0
2026-03-28 09:12:46,700 - game.simulation.components.abilities.weapons - DEBUG - check_firing_solution Arc FAIL: diff 14.036243467926482 > 0.0
2026-03-28 09:12:46,707 - game.simulation.components.abilities.weapons - DEBUG - check_firing_solution Arc FAIL: diff 14.036243467926482 > 0.0
2026-03-28 09:12:46,718 - game.simulation.components.abilities.weapons - DEBUG - check_firing_solution Arc FAIL: diff 14.036243467926482 > 0.0
2026-03-28 09:12:46,730 - game.simulation.components.abilities.weapons - DEBUG - check_firing_solution Arc FAIL: diff 14.036243467926482 > 0.0
2026-03-28 09:12:46,736 - game.simulation.components.abilities.weapons - DEBUG - check_firing_solution Arc FAIL: diff 14.036243467926482 > 0.0
2026-03-28 09:12:46,749 - game.simulation.components.abilities.weapons - DEBUG - check_firing_solution Arc FAIL: diff 14.036243467926482 > 0.0
2026-03-28 09:12:46,761 - game.simulation.components.abilities.weapons - DEBUG - check_firing_solution Arc FAIL: diff 14.036243467926482 > 0.0
2026-03-28 09:12:46,767 - game.simulation.components.abilities.weapons - DEBUG - check_firing_solution Arc FAIL: diff 14.036243467926482 > 0.0
2026-03-28 09:12:46,778 - game.simulation.components.abilities.weapons - DEBUG - check_firing_solution Arc FAIL: diff 14.036243467926482 > 0.0
2026-03-28 09:12:46,789 - game.simulation.components.abilities.weapons - DEBUG - check_firing_solution Arc FAIL: diff 14.036243467926482 > 0.0
2026-03-28 09:12:46,802 - game.simulation.components.abilities.weapons - DEBUG - check_firing_solution Arc FAIL: diff 14.036243467926482 > 0.0
2026-03-28 09:12:46,807 - game.simulation.components.abilities.weapons - DEBUG - check_firing_solution Arc FAIL: diff 14.036243467926482 > 0.0
2026-03-28 09:12:46,818 - game.simulation.components.abilities.weapons - DEBUG - check_firing_solution Arc FAIL: diff 14.036243467926482 > 0.0
2026-03-28 09:12:46,832 - game.simulation.components.abilities.weapons - DEBUG - check_firing_solution Arc FAIL: diff 14.036243467926482 > 0.0
2026-03-28 09:12:46,837 - game.simulation.components.abilities.weapons - DEBUG - check_firing_solution Arc FAIL: diff 14.036243467926482 > 0.0
2026-03-28 09:12:46,849 - game.simulation.components.abilities.weapons - DEBUG - check_firing_solution Arc FAIL: diff 14.036243467926482 > 0.0
2026-03-28 09:12:46,861 - game.simulation.components.abilities.weapons - DEBUG - check_firing_solution Arc FAIL: diff 14.036243467926482 > 0.0
2026-03-28 09:12:46,867 - game.simulation.components.abilities.weapons - DEBUG - check_firing_solution Arc FAIL: diff 14.036243467926482 > 0.0
2026-03-28 09:12:46,879 - game.simulation.components.abilities.weapons - DEBUG - check_firing_solution Arc FAIL: diff 14.036243467926482 > 0.0
2026-03-28 09:12:46,889 - game.simulation.components.abilities.weapons - DEBUG - check_firing_solution Arc FAIL: diff 14.036243467926482 > 0.0
2026-03-28 09:12:46,899 - game.ui.screens.battle_screen - DEBUG - Test complete! ticks=501
2026-03-28 09:12:46,899 - game.ui.screens.battle_screen - DEBUG - Test PASSED
2026-03-28 09:12:46,899 - game.ui.screens.battle_screen - DEBUG - Results populated: ['test_id', 'ticks_run', 'ticks', 'initial_hp', 'final_hp', 'damage_dealt', 'target_alive']
2026-03-28 09:12:48,499 - game.ui.screens.battle_ui - DEBUG - BattleUI.handle_click at (1976, 1110)
2026-03-28 09:12:48,499 - game.ui.screens.battle_ui - DEBUG - test_mode=True, battle_over=True
2026-03-28 09:12:48,499 - game.ui.screens.battle_ui - DEBUG - Return button rect: Rect(1770, 1050, 300, 60)
2026-03-28 09:12:48,499 - game.ui.screens.battle_ui - DEBUG - Click was not on return button
2026-03-28 09:12:48,499 - game.app - DEBUG - Returning to Combat Lab from test
2026-03-28 09:12:48,520 - game.core.json_utils - DEBUG - Saved JSON to C:\Dev\Starship Battles\simulation_tests\test_history.json
2026-03-28 09:12:54,237 - game.core.json_utils - DEBUG - JSON file not found: C:\Dev\Starship Battles\simulation_tests\data\vehiclelayers.json
2026-03-28 09:12:54,237 - game.core.json_utils - DEBUG - JSON file not found: C:\Dev\Starship Battles\simulation_tests\data\vehiclelayers.json
2026-03-28 09:12:54,237 - game.simulation.entities.ship_loader - INFO - Loaded 14 vehicle classes.
2026-03-28 09:12:54,243 - game.simulation.systems.battle_engine - INFO - Ship 'Test Attacker Proj360' (Team 0): HP=150/150 Mass=400.0 Thrust=0 Fuel=0.0 TurnSpeed=0.00 MaxSpeed=0.00
2026-03-28 09:12:54,243 - game.simulation.systems.battle_engine - INFO - Ship 'Test Target Linear Fast' (Team 1): HP=850/850 Mass=1000.0 Thrust=1500.0 Fuel=0.0 TurnSpeed=0.00 MaxSpeed=37.50
2026-03-28 09:13:05,309 - game.ui.screens.battle_ui - DEBUG - BattleUI.handle_click at (2140, 308)
2026-03-28 09:13:05,309 - game.ui.screens.battle_ui - DEBUG - test_mode=True, battle_over=False
2026-03-28 09:13:06,374 - game.simulation.components.abilities.weapons - DEBUG - check_firing_solution Arc FAIL: diff 14.036243467926482 > 0.0
2026-03-28 09:13:06,381 - game.simulation.components.abilities.weapons - DEBUG - check_firing_solution Arc FAIL: diff 14.036243467926482 > 0.0
2026-03-28 09:13:06,393 - game.simulation.components.abilities.weapons - DEBUG - check_firing_solution Arc FAIL: diff 14.036243467926482 > 0.0
2026-03-28 09:13:06,399 - game.simulation.components.abilities.weapons - DEBUG - check_firing_solution Arc FAIL: diff 14.036243467926482 > 0.0
2026-03-28 09:13:06,411 - game.simulation.components.abilities.weapons - DEBUG - check_firing_solution Arc FAIL: diff 14.036243467926482 > 0.0
2026-03-28 09:13:06,423 - game.simulation.components.abilities.weapons - DEBUG - check_firing_solution Arc FAIL: diff 14.036243467926482 > 0.0
2026-03-28 09:13:06,428 - game.simulation.components.abilities.weapons - DEBUG - check_firing_solution Arc FAIL: diff 14.036243467926482 > 0.0
2026-03-28 09:13:06,440 - game.simulation.components.abilities.weapons - DEBUG - check_firing_solution Arc FAIL: diff 14.036243467926482 > 0.0
2026-03-28 09:13:06,452 - game.simulation.components.abilities.weapons - DEBUG - check_firing_solution Arc FAIL: diff 14.036243467926482 > 0.0
2026-03-28 09:13:06,463 - game.simulation.components.abilities.weapons - DEBUG - check_firing_solution Arc FAIL: diff 14.036243467926482 > 0.0
2026-03-28 09:13:06,468 - game.simulation.components.abilities.weapons - DEBUG - check_firing_solution Arc FAIL: diff 14.036243467926482 > 0.0
2026-03-28 09:13:06,480 - game.simulation.components.abilities.weapons - DEBUG - check_firing_solution Arc FAIL: diff 14.036243467926482 > 0.0
2026-03-28 09:13:06,492 - game.simulation.components.abilities.weapons - DEBUG - check_firing_solution Arc FAIL: diff 14.036243467926482 > 0.0
2026-03-28 09:13:06,504 - game.simulation.components.abilities.weapons - DEBUG - check_firing_solution Arc FAIL: diff 14.036243467926482 > 0.0
2026-03-28 09:13:06,510 - game.simulation.components.abilities.weapons - DEBUG - check_firing_solution Arc FAIL: diff 14.036243467926482 > 0.0
2026-03-28 09:13:06,521 - game.simulation.components.abilities.weapons - DEBUG - check_firing_solution Arc FAIL: diff 14.036243467926482 > 0.0
2026-03-28 09:13:06,534 - game.simulation.components.abilities.weapons - DEBUG - check_firing_solution Arc FAIL: diff 14.036243467926482 > 0.0
2026-03-28 09:13:06,540 - game.simulation.components.abilities.weapons - DEBUG - check_firing_solution Arc FAIL: diff 14.036243467926482 > 0.0
2026-03-28 09:13:06,551 - game.simulation.components.abilities.weapons - DEBUG - check_firing_solution Arc FAIL: diff 14.036243467926482 > 0.0
2026-03-28 09:13:06,563 - game.simulation.components.abilities.weapons - DEBUG - check_firing_solution Arc FAIL: diff 14.036243467926482 > 0.0
2026-03-28 09:13:06,569 - game.simulation.components.abilities.weapons - DEBUG - check_firing_solution Arc FAIL: diff 14.036243467926482 > 0.0
2026-03-28 09:13:06,580 - game.simulation.components.abilities.weapons - DEBUG - check_firing_solution Arc FAIL: diff 14.036243467926482 > 0.0
2026-03-28 09:13:06,592 - game.simulation.components.abilities.weapons - DEBUG - check_firing_solution Arc FAIL: diff 14.036243467926482 > 0.0
2026-03-28 09:13:06,604 - game.simulation.components.abilities.weapons - DEBUG - check_firing_solution Arc FAIL: diff 14.036243467926482 > 0.0
2026-03-28 09:13:06,617 - game.simulation.components.abilities.weapons - DEBUG - check_firing_solution Arc FAIL: diff 14.036243467926482 > 0.0
2026-03-28 09:13:06,624 - game.simulation.components.abilities.weapons - DEBUG - check_firing_solution Arc FAIL: diff 14.036243467926482 > 0.0
2026-03-28 09:13:06,629 - game.simulation.components.abilities.weapons - DEBUG - check_firing_solution Arc FAIL: diff 14.036243467926482 > 0.0
2026-03-28 09:13:06,642 - game.simulation.components.abilities.weapons - DEBUG - check_firing_solution Arc FAIL: diff 14.036243467926482 > 0.0
2026-03-28 09:13:06,650 - game.simulation.components.abilities.weapons - DEBUG - check_firing_solution Arc FAIL: diff 14.036243467926482 > 0.0
2026-03-28 09:13:06,662 - game.simulation.components.abilities.weapons - DEBUG - check_firing_solution Arc FAIL: diff 14.036243467926482 > 0.0
2026-03-28 09:13:06,674 - game.simulation.components.abilities.weapons - DEBUG - check_firing_solution Arc FAIL: diff 14.036243467926482 > 0.0
2026-03-28 09:13:06,680 - game.simulation.components.abilities.weapons - DEBUG - check_firing_solution Arc FAIL: diff 14.036243467926482 > 0.0
2026-03-28 09:13:06,692 - game.simulation.components.abilities.weapons - DEBUG - check_firing_solution Arc FAIL: diff 14.036243467926482 > 0.0
2026-03-28 09:13:06,704 - game.simulation.components.abilities.weapons - DEBUG - check_firing_solution Arc FAIL: diff 14.036243467926482 > 0.0
2026-03-28 09:13:06,710 - game.simulation.components.abilities.weapons - DEBUG - check_firing_solution Arc FAIL: diff 14.036243467926482 > 0.0
2026-03-28 09:13:06,722 - game.simulation.components.abilities.weapons - DEBUG - check_firing_solution Arc FAIL: diff 14.036243467926482 > 0.0
2026-03-28 09:13:06,734 - game.simulation.components.abilities.weapons - DEBUG - check_firing_solution Arc FAIL: diff 14.036243467926482 > 0.0
2026-03-28 09:13:06,741 - game.simulation.components.abilities.weapons - DEBUG - check_firing_solution Arc FAIL: diff 14.036243467926482 > 0.0
2026-03-28 09:13:06,752 - game.simulation.components.abilities.weapons - DEBUG - check_firing_solution Arc FAIL: diff 14.036243467926482 > 0.0
2026-03-28 09:13:06,765 - game.simulation.components.abilities.weapons - DEBUG - check_firing_solution Arc FAIL: diff 14.036243467926482 > 0.0
2026-03-28 09:13:06,770 - game.simulation.components.abilities.weapons - DEBUG - check_firing_solution Arc FAIL: diff 14.036243467926482 > 0.0
2026-03-28 09:13:06,783 - game.simulation.components.abilities.weapons - DEBUG - check_firing_solution Arc FAIL: diff 14.036243467926482 > 0.0
2026-03-28 09:13:06,789 - game.simulation.components.abilities.weapons - DEBUG - check_firing_solution Arc FAIL: diff 14.036243467926482 > 0.0
2026-03-28 09:13:06,802 - game.simulation.components.abilities.weapons - DEBUG - check_firing_solution Arc FAIL: diff 14.036243467926482 > 0.0
2026-03-28 09:13:06,813 - game.simulation.components.abilities.weapons - DEBUG - check_firing_solution Arc FAIL: diff 14.036243467926482 > 0.0
2026-03-28 09:13:06,820 - game.simulation.components.abilities.weapons - DEBUG - check_firing_solution Arc FAIL: diff 14.036243467926482 > 0.0
2026-03-28 09:13:06,833 - game.simulation.components.abilities.weapons - DEBUG - check_firing_solution Arc FAIL: diff 14.036243467926482 > 0.0
2026-03-28 09:13:06,839 - game.simulation.components.abilities.weapons - DEBUG - check_firing_solution Arc FAIL: diff 14.036243467926482 > 0.0
2026-03-28 09:13:06,851 - game.simulation.components.abilities.weapons - DEBUG - check_firing_solution Arc FAIL: diff 14.036243467926482 > 0.0
2026-03-28 09:13:06,863 - game.simulation.components.abilities.weapons - DEBUG - check_firing_solution Arc FAIL: diff 14.036243467926482 > 0.0
2026-03-28 09:13:06,870 - game.simulation.components.abilities.weapons - DEBUG - check_firing_solution Arc FAIL: diff 14.036243467926482 > 0.0
2026-03-28 09:13:06,881 - game.simulation.components.abilities.weapons - DEBUG - check_firing_solution Arc FAIL: diff 14.036243467926482 > 0.0
2026-03-28 09:13:06,893 - game.simulation.components.abilities.weapons - DEBUG - check_firing_solution Arc FAIL: diff 14.036243467926482 > 0.0
2026-03-28 09:13:06,900 - game.simulation.components.abilities.weapons - DEBUG - check_firing_solution Arc FAIL: diff 14.036243467926482 > 0.0
2026-03-28 09:13:06,912 - game.simulation.components.abilities.weapons - DEBUG - check_firing_solution Arc FAIL: diff 14.036243467926482 > 0.0
2026-03-28 09:13:06,924 - game.simulation.components.abilities.weapons - DEBUG - check_firing_solution Arc FAIL: diff 14.036243467926482 > 0.0
2026-03-28 09:13:06,930 - game.simulation.components.abilities.weapons - DEBUG - check_firing_solution Arc FAIL: diff 14.036243467926482 > 0.0
2026-03-28 09:13:06,942 - game.simulation.components.abilities.weapons - DEBUG - check_firing_solution Arc FAIL: diff 14.036243467926482 > 0.0
2026-03-28 09:13:06,954 - game.simulation.components.abilities.weapons - DEBUG - check_firing_solution Arc FAIL: diff 14.036243467926482 > 0.0
2026-03-28 09:13:06,960 - game.simulation.components.abilities.weapons - DEBUG - check_firing_solution Arc FAIL: diff 14.036243467926482 > 0.0
2026-03-28 09:13:06,972 - game.simulation.components.abilities.weapons - DEBUG - check_firing_solution Arc FAIL: diff 14.036243467926482 > 0.0
2026-03-28 09:13:06,984 - game.simulation.components.abilities.weapons - DEBUG - check_firing_solution Arc FAIL: diff 14.036243467926482 > 0.0
2026-03-28 09:13:06,990 - game.simulation.components.abilities.weapons - DEBUG - check_firing_solution Arc FAIL: diff 14.036243467926482 > 0.0
2026-03-28 09:13:07,002 - game.simulation.components.abilities.weapons - DEBUG - check_firing_solution Arc FAIL: diff 14.036243467926482 > 0.0
2026-03-28 09:13:07,014 - game.simulation.components.abilities.weapons - DEBUG - check_firing_solution Arc FAIL: diff 14.036243467926482 > 0.0
2026-03-28 09:13:07,020 - game.simulation.components.abilities.weapons - DEBUG - check_firing_solution Arc FAIL: diff 14.036243467926482 > 0.0
2026-03-28 09:13:07,033 - game.simulation.components.abilities.weapons - DEBUG - check_firing_solution Arc FAIL: diff 14.036243467926482 > 0.0
2026-03-28 09:13:07,039 - game.simulation.components.abilities.weapons - DEBUG - check_firing_solution Arc FAIL: diff 14.036243467926482 > 0.0
2026-03-28 09:13:07,051 - game.simulation.components.abilities.weapons - DEBUG - check_firing_solution Arc FAIL: diff 14.036243467926482 > 0.0
2026-03-28 09:13:07,063 - game.simulation.components.abilities.weapons - DEBUG - check_firing_solution Arc FAIL: diff 14.036243467926482 > 0.0
2026-03-28 09:13:07,069 - game.simulation.components.abilities.weapons - DEBUG - check_firing_solution Arc FAIL: diff 14.036243467926482 > 0.0
2026-03-28 09:13:07,081 - game.simulation.components.abilities.weapons - DEBUG - check_firing_solution Arc FAIL: diff 14.036243467926482 > 0.0
2026-03-28 09:13:07,094 - game.simulation.components.abilities.weapons - DEBUG - check_firing_solution Arc FAIL: diff 14.036243467926482 > 0.0
2026-03-28 09:13:07,099 - game.simulation.components.abilities.weapons - DEBUG - check_firing_solution Arc FAIL: diff 14.036243467926482 > 0.0
2026-03-28 09:13:07,112 - game.simulation.components.abilities.weapons - DEBUG - check_firing_solution Arc FAIL: diff 14.036243467926482 > 0.0
2026-03-28 09:13:07,124 - game.simulation.components.abilities.weapons - DEBUG - check_firing_solution Arc FAIL: diff 14.036243467926482 > 0.0
2026-03-28 09:13:07,129 - game.simulation.components.abilities.weapons - DEBUG - check_firing_solution Arc FAIL: diff 14.036243467926482 > 0.0
2026-03-28 09:13:07,142 - game.simulation.components.abilities.weapons - DEBUG - check_firing_solution Arc FAIL: diff 14.036243467926482 > 0.0
2026-03-28 09:13:07,154 - game.simulation.components.abilities.weapons - DEBUG - check_firing_solution Arc FAIL: diff 14.036243467926482 > 0.0
2026-03-28 09:13:07,160 - game.simulation.components.abilities.weapons - DEBUG - check_firing_solution Arc FAIL: diff 14.036243467926482 > 0.0
2026-03-28 09:13:07,172 - game.simulation.components.abilities.weapons - DEBUG - check_firing_solution Arc FAIL: diff 14.036243467926482 > 0.0
2026-03-28 09:13:07,185 - game.simulation.components.abilities.weapons - DEBUG - check_firing_solution Arc FAIL: diff 14.036243467926482 > 0.0
2026-03-28 09:13:07,191 - game.simulation.components.abilities.weapons - DEBUG - check_firing_solution Arc FAIL: diff 14.036243467926482 > 0.0
2026-03-28 09:13:07,202 - game.simulation.components.abilities.weapons - DEBUG - check_firing_solution Arc FAIL: diff 14.036243467926482 > 0.0
2026-03-28 09:13:07,214 - game.simulation.components.abilities.weapons - DEBUG - check_firing_solution Arc FAIL: diff 14.036243467926482 > 0.0
2026-03-28 09:13:07,220 - game.simulation.components.abilities.weapons - DEBUG - check_firing_solution Arc FAIL: diff 14.036243467926482 > 0.0
2026-03-28 09:13:07,231 - game.simulation.components.abilities.weapons - DEBUG - check_firing_solution Arc FAIL: diff 14.036243467926482 > 0.0
2026-03-28 09:13:07,240 - game.simulation.components.abilities.weapons - DEBUG - check_firing_solution Arc FAIL: diff 14.036243467926482 > 0.0
2026-03-28 09:13:07,251 - game.simulation.components.abilities.weapons - DEBUG - check_firing_solution Arc FAIL: diff 14.036243467926482 > 0.0
2026-03-28 09:13:07,263 - game.simulation.components.abilities.weapons - DEBUG - check_firing_solution Arc FAIL: diff 14.036243467926482 > 0.0
2026-03-28 09:13:07,268 - game.simulation.components.abilities.weapons - DEBUG - check_firing_solution Arc FAIL: diff 14.036243467926482 > 0.0
2026-03-28 09:13:07,281 - game.simulation.components.abilities.weapons - DEBUG - check_firing_solution Arc FAIL: diff 14.036243467926482 > 0.0
2026-03-28 09:13:07,294 - game.simulation.components.abilities.weapons - DEBUG - check_firing_solution Arc FAIL: diff 14.036243467926482 > 0.0
2026-03-28 09:13:07,300 - game.simulation.components.abilities.weapons - DEBUG - check_firing_solution Arc FAIL: diff 14.036243467926482 > 0.0
2026-03-28 09:13:07,311 - game.simulation.components.abilities.weapons - DEBUG - check_firing_solution Arc FAIL: diff 14.036243467926482 > 0.0
2026-03-28 09:13:07,323 - game.simulation.components.abilities.weapons - DEBUG - check_firing_solution Arc FAIL: diff 14.036243467926482 > 0.0
2026-03-28 09:13:07,329 - game.simulation.components.abilities.weapons - DEBUG - check_firing_solution Arc FAIL: diff 14.036243467926482 > 0.0
2026-03-28 09:13:07,341 - game.simulation.components.abilities.weapons - DEBUG - check_firing_solution Arc FAIL: diff 14.036243467926482 > 0.0
2026-03-28 09:13:07,354 - game.simulation.components.abilities.weapons - DEBUG - check_firing_solution Arc FAIL: diff 14.036243467926482 > 0.0
2026-03-28 09:13:07,359 - game.simulation.components.abilities.weapons - DEBUG - check_firing_solution Arc FAIL: diff 14.036243467926482 > 0.0
2026-03-28 09:13:07,371 - game.simulation.components.abilities.weapons - DEBUG - check_firing_solution Arc FAIL: diff 14.036243467926482 > 0.0
2026-03-28 09:13:07,383 - game.simulation.components.abilities.weapons - DEBUG - check_firing_solution Arc FAIL: diff 14.036243467926482 > 0.0
2026-03-28 09:13:07,389 - game.simulation.components.abilities.weapons - DEBUG - check_firing_solution Arc FAIL: diff 14.036243467926482 > 0.0
2026-03-28 09:13:07,400 - game.simulation.components.abilities.weapons - DEBUG - check_firing_solution Arc FAIL: diff 14.036243467926482 > 0.0
2026-03-28 09:13:07,412 - game.simulation.components.abilities.weapons - DEBUG - check_firing_solution Arc FAIL: diff 14.036243467926482 > 0.0
2026-03-28 09:13:07,424 - game.simulation.components.abilities.weapons - DEBUG - check_firing_solution Arc FAIL: diff 14.036243467926482 > 0.0
2026-03-28 09:13:07,430 - game.simulation.components.abilities.weapons - DEBUG - check_firing_solution Arc FAIL: diff 14.036243467926482 > 0.0
2026-03-28 09:13:07,443 - game.simulation.components.abilities.weapons - DEBUG - check_firing_solution Arc FAIL: diff 14.036243467926482 > 0.0
2026-03-28 09:13:07,449 - game.simulation.components.abilities.weapons - DEBUG - check_firing_solution Arc FAIL: diff 14.036243467926482 > 0.0
2026-03-28 09:13:07,462 - game.simulation.components.abilities.weapons - DEBUG - check_firing_solution Arc FAIL: diff 14.036243467926482 > 0.0
2026-03-28 09:13:07,474 - game.simulation.components.abilities.weapons - DEBUG - check_firing_solution Arc FAIL: diff 14.036243467926482 > 0.0
2026-03-28 09:13:07,479 - game.simulation.components.abilities.weapons - DEBUG - check_firing_solution Arc FAIL: diff 14.036243467926482 > 0.0
2026-03-28 09:13:07,491 - game.simulation.components.abilities.weapons - DEBUG - check_firing_solution Arc FAIL: diff 14.036243467926482 > 0.0
2026-03-28 09:13:07,503 - game.simulation.components.abilities.weapons - DEBUG - check_firing_solution Arc FAIL: diff 14.036243467926482 > 0.0
2026-03-28 09:13:07,515 - game.simulation.components.abilities.weapons - DEBUG - check_firing_solution Arc FAIL: diff 14.036243467926482 > 0.0
2026-03-28 09:13:07,520 - game.simulation.components.abilities.weapons - DEBUG - check_firing_solution Arc FAIL: diff 14.036243467926482 > 0.0
2026-03-28 09:13:07,533 - game.simulation.components.abilities.weapons - DEBUG - check_firing_solution Arc FAIL: diff 14.036243467926482 > 0.0
2026-03-28 09:13:07,539 - game.simulation.components.abilities.weapons - DEBUG - check_firing_solution Arc FAIL: diff 14.036243467926482 > 0.0
2026-03-28 09:13:07,551 - game.simulation.components.abilities.weapons - DEBUG - check_firing_solution Arc FAIL: diff 14.036243467926482 > 0.0
2026-03-28 09:13:07,562 - game.simulation.components.abilities.weapons - DEBUG - check_firing_solution Arc FAIL: diff 14.036243467926482 > 0.0
2026-03-28 09:13:07,574 - game.simulation.components.abilities.weapons - DEBUG - check_firing_solution Arc FAIL: diff 14.036243467926482 > 0.0
2026-03-28 09:13:07,580 - game.simulation.components.abilities.weapons - DEBUG - check_firing_solution Arc FAIL: diff 14.036243467926482 > 0.0
2026-03-28 09:13:07,592 - game.simulation.components.abilities.weapons - DEBUG - check_firing_solution Arc FAIL: diff 14.036243467926482 > 0.0
2026-03-28 09:13:07,603 - game.simulation.components.abilities.weapons - DEBUG - check_firing_solution Arc FAIL: diff 14.036243467926482 > 0.0
2026-03-28 09:13:07,609 - game.simulation.components.abilities.weapons - DEBUG - check_firing_solution Arc FAIL: diff 14.036243467926482 > 0.0
2026-03-28 09:13:07,622 - game.simulation.components.abilities.weapons - DEBUG - check_firing_solution Arc FAIL: diff 14.036243467926482 > 0.0
2026-03-28 09:13:07,633 - game.simulation.components.abilities.weapons - DEBUG - check_firing_solution Arc FAIL: diff 14.036243467926482 > 0.0
2026-03-28 09:13:07,640 - game.simulation.components.abilities.weapons - DEBUG - check_firing_solution Arc FAIL: diff 14.036243467926482 > 0.0
2026-03-28 09:13:07,651 - game.simulation.components.abilities.weapons - DEBUG - check_firing_solution Arc FAIL: diff 14.036243467926482 > 0.0
2026-03-28 09:13:07,663 - game.simulation.components.abilities.weapons - DEBUG - check_firing_solution Arc FAIL: diff 14.036243467926482 > 0.0
2026-03-28 09:13:07,670 - game.simulation.components.abilities.weapons - DEBUG - check_firing_solution Arc FAIL: diff 14.036243467926482 > 0.0
2026-03-28 09:13:07,683 - game.simulation.components.abilities.weapons - DEBUG - check_firing_solution Arc FAIL: diff 14.036243467926482 > 0.0
2026-03-28 09:13:07,689 - game.simulation.components.abilities.weapons - DEBUG - check_firing_solution Arc FAIL: diff 14.036243467926482 > 0.0
2026-03-28 09:13:07,700 - game.simulation.components.abilities.weapons - DEBUG - check_firing_solution Arc FAIL: diff 14.036243467926482 > 0.0
2026-03-28 09:13:07,711 - game.simulation.components.abilities.weapons - DEBUG - check_firing_solution Arc FAIL: diff 14.036243467926482 > 0.0
2026-03-28 09:13:07,724 - game.simulation.components.abilities.weapons - DEBUG - check_firing_solution Arc FAIL: diff 14.036243467926482 > 0.0
2026-03-28 09:13:07,730 - game.simulation.components.abilities.weapons - DEBUG - check_firing_solution Arc FAIL: diff 14.036243467926482 > 0.0
2026-03-28 09:13:07,740 - game.simulation.components.abilities.weapons - DEBUG - check_firing_solution Arc FAIL: diff 14.036243467926482 > 0.0
2026-03-28 09:13:07,753 - game.simulation.components.abilities.weapons - DEBUG - check_firing_solution Arc FAIL: diff 14.036243467926482 > 0.0
2026-03-28 09:13:07,758 - game.simulation.components.abilities.weapons - DEBUG - check_firing_solution Arc FAIL: diff 14.036243467926482 > 0.0
2026-03-28 09:13:07,771 - game.simulation.components.abilities.weapons - DEBUG - check_firing_solution Arc FAIL: diff 14.036243467926482 > 0.0
2026-03-28 09:13:07,783 - game.simulation.components.abilities.weapons - DEBUG - check_firing_solution Arc FAIL: diff 14.036243467926482 > 0.0
2026-03-28 09:13:07,789 - game.simulation.components.abilities.weapons - DEBUG - check_firing_solution Arc FAIL: diff 14.036243467926482 > 0.0
2026-03-28 09:13:07,801 - game.simulation.components.abilities.weapons - DEBUG - check_firing_solution Arc FAIL: diff 14.036243467926482 > 0.0
2026-03-28 09:13:07,812 - game.simulation.components.abilities.weapons - DEBUG - check_firing_solution Arc FAIL: diff 14.036243467926482 > 0.0
2026-03-28 09:13:07,824 - game.simulation.components.abilities.weapons - DEBUG - check_firing_solution Arc FAIL: diff 14.036243467926482 > 0.0
2026-03-28 09:13:07,830 - game.simulation.components.abilities.weapons - DEBUG - check_firing_solution Arc FAIL: diff 14.036243467926482 > 0.0
2026-03-28 09:13:07,840 - game.simulation.components.abilities.weapons - DEBUG - check_firing_solution Arc FAIL: diff 14.036243467926482 > 0.0
2026-03-28 09:13:07,853 - game.simulation.components.abilities.weapons - DEBUG - check_firing_solution Arc FAIL: diff 14.036243467926482 > 0.0
2026-03-28 09:13:07,859 - game.simulation.components.abilities.weapons - DEBUG - check_firing_solution Arc FAIL: diff 14.036243467926482 > 0.0
2026-03-28 09:13:07,870 - game.simulation.components.abilities.weapons - DEBUG - check_firing_solution Arc FAIL: diff 14.036243467926482 > 0.0
2026-03-28 09:13:07,884 - game.simulation.components.abilities.weapons - DEBUG - check_firing_solution Arc FAIL: diff 14.036243467926482 > 0.0
2026-03-28 09:13:07,890 - game.simulation.components.abilities.weapons - DEBUG - check_firing_solution Arc FAIL: diff 14.036243467926482 > 0.0
2026-03-28 09:13:07,901 - game.simulation.components.abilities.weapons - DEBUG - check_firing_solution Arc FAIL: diff 14.036243467926482 > 0.0
2026-03-28 09:13:07,913 - game.simulation.components.abilities.weapons - DEBUG - check_firing_solution Arc FAIL: diff 14.036243467926482 > 0.0
2026-03-28 09:13:07,924 - game.simulation.components.abilities.weapons - DEBUG - check_firing_solution Arc FAIL: diff 14.036243467926482 > 0.0
2026-03-28 09:13:07,931 - game.simulation.components.abilities.weapons - DEBUG - check_firing_solution Arc FAIL: diff 14.036243467926482 > 0.0
2026-03-28 09:13:07,943 - game.simulation.components.abilities.weapons - DEBUG - check_firing_solution Arc FAIL: diff 14.036243467926482 > 0.0
2026-03-28 09:13:07,949 - game.simulation.components.abilities.weapons - DEBUG - check_firing_solution Arc FAIL: diff 14.036243467926482 > 0.0
2026-03-28 09:13:07,961 - game.simulation.components.abilities.weapons - DEBUG - check_firing_solution Arc FAIL: diff 14.036243467926482 > 0.0
2026-03-28 09:13:07,973 - game.simulation.components.abilities.weapons - DEBUG - check_firing_solution Arc FAIL: diff 14.036243467926482 > 0.0
2026-03-28 09:13:07,984 - game.simulation.components.abilities.weapons - DEBUG - check_firing_solution Arc FAIL: diff 14.036243467926482 > 0.0
2026-03-28 09:13:07,989 - game.simulation.components.abilities.weapons - DEBUG - check_firing_solution Arc FAIL: diff 14.036243467926482 > 0.0
2026-03-28 09:13:08,001 - game.simulation.components.abilities.weapons - DEBUG - check_firing_solution Arc FAIL: diff 14.036243467926482 > 0.0
2026-03-28 09:13:08,013 - game.simulation.components.abilities.weapons - DEBUG - check_firing_solution Arc FAIL: diff 14.036243467926482 > 0.0
2026-03-28 09:13:08,024 - game.simulation.components.abilities.weapons - DEBUG - check_firing_solution Arc FAIL: diff 14.036243467926482 > 0.0
2026-03-28 09:13:08,030 - game.simulation.components.abilities.weapons - DEBUG - check_firing_solution Arc FAIL: diff 14.036243467926482 > 0.0
2026-03-28 09:13:08,042 - game.simulation.components.abilities.weapons - DEBUG - check_firing_solution Arc FAIL: diff 14.036243467926482 > 0.0
2026-03-28 09:13:08,053 - game.simulation.components.abilities.weapons - DEBUG - check_firing_solution Arc FAIL: diff 14.036243467926482 > 0.0
2026-03-28 09:13:08,058 - game.simulation.components.abilities.weapons - DEBUG - check_firing_solution Arc FAIL: diff 14.036243467926482 > 0.0
2026-03-28 09:13:08,070 - game.simulation.components.abilities.weapons - DEBUG - check_firing_solution Arc FAIL: diff 14.036243467926482 > 0.0
2026-03-28 09:13:08,083 - game.simulation.components.abilities.weapons - DEBUG - check_firing_solution Arc FAIL: diff 14.036243467926482 > 0.0
2026-03-28 09:13:08,089 - game.simulation.components.abilities.weapons - DEBUG - check_firing_solution Arc FAIL: diff 14.036243467926482 > 0.0
2026-03-28 09:13:08,100 - game.simulation.components.abilities.weapons - DEBUG - check_firing_solution Arc FAIL: diff 14.036243467926482 > 0.0
2026-03-28 09:13:08,113 - game.simulation.components.abilities.weapons - DEBUG - check_firing_solution Arc FAIL: diff 14.036243467926482 > 0.0
2026-03-28 09:13:08,124 - game.simulation.components.abilities.weapons - DEBUG - check_firing_solution Arc FAIL: diff 14.036243467926482 > 0.0
2026-03-28 09:13:08,130 - game.simulation.components.abilities.weapons - DEBUG - check_firing_solution Arc FAIL: diff 14.036243467926482 > 0.0
2026-03-28 09:13:08,140 - game.simulation.components.abilities.weapons - DEBUG - check_firing_solution Arc FAIL: diff 14.036243467926482 > 0.0
2026-03-28 09:13:08,153 - game.simulation.components.abilities.weapons - DEBUG - check_firing_solution Arc FAIL: diff 14.036243467926482 > 0.0
2026-03-28 09:13:08,159 - game.simulation.components.abilities.weapons - DEBUG - check_firing_solution Arc FAIL: diff 14.036243467926482 > 0.0
2026-03-28 09:13:08,170 - game.simulation.components.abilities.weapons - DEBUG - check_firing_solution Arc FAIL: diff 14.036243467926482 > 0.0
2026-03-28 09:13:08,183 - game.simulation.components.abilities.weapons - DEBUG - check_firing_solution Arc FAIL: diff 14.036243467926482 > 0.0
2026-03-28 09:13:08,189 - game.simulation.components.abilities.weapons - DEBUG - check_firing_solution Arc FAIL: diff 14.036243467926482 > 0.0
2026-03-28 09:13:08,201 - game.simulation.components.abilities.weapons - DEBUG - check_firing_solution Arc FAIL: diff 14.036243467926482 > 0.0
2026-03-28 09:13:08,212 - game.simulation.components.abilities.weapons - DEBUG - check_firing_solution Arc FAIL: diff 14.036243467926482 > 0.0
2026-03-28 09:13:08,223 - game.simulation.components.abilities.weapons - DEBUG - check_firing_solution Arc FAIL: diff 14.036243467926482 > 0.0
2026-03-28 09:13:08,229 - game.simulation.components.abilities.weapons - DEBUG - check_firing_solution Arc FAIL: diff 14.036243467926482 > 0.0
2026-03-28 09:13:08,241 - game.simulation.components.abilities.weapons - DEBUG - check_firing_solution Arc FAIL: diff 14.036243467926482 > 0.0
2026-03-28 09:13:08,252 - game.simulation.components.abilities.weapons - DEBUG - check_firing_solution Arc FAIL: diff 14.036243467926482 > 0.0
2026-03-28 09:13:08,264 - game.simulation.components.abilities.weapons - DEBUG - check_firing_solution Arc FAIL: diff 14.036243467926482 > 0.0
2026-03-28 09:13:08,269 - game.simulation.components.abilities.weapons - DEBUG - check_firing_solution Arc FAIL: diff 14.036243467926482 > 0.0
2026-03-28 09:13:08,282 - game.simulation.components.abilities.weapons - DEBUG - check_firing_solution Arc FAIL: diff 14.036243467926482 > 0.0
2026-03-28 09:13:08,293 - game.simulation.components.abilities.weapons - DEBUG - check_firing_solution Arc FAIL: diff 14.036243467926482 > 0.0
2026-03-28 09:13:08,299 - game.simulation.components.abilities.weapons - DEBUG - check_firing_solution Arc FAIL: diff 14.036243467926482 > 0.0
2026-03-28 09:13:08,311 - game.simulation.components.abilities.weapons - DEBUG - check_firing_solution Arc FAIL: diff 14.036243467926482 > 0.0
2026-03-28 09:13:08,323 - game.simulation.components.abilities.weapons - DEBUG - check_firing_solution Arc FAIL: diff 14.036243467926482 > 0.0
2026-03-28 09:13:08,334 - game.simulation.components.abilities.weapons - DEBUG - check_firing_solution Arc FAIL: diff 14.036243467926482 > 0.0
2026-03-28 09:13:08,340 - game.simulation.components.abilities.weapons - DEBUG - check_firing_solution Arc FAIL: diff 14.036243467926482 > 0.0
2026-03-28 09:13:08,352 - game.simulation.components.abilities.weapons - DEBUG - check_firing_solution Arc FAIL: diff 14.036243467926482 > 0.0
2026-03-28 09:13:08,363 - game.simulation.components.abilities.weapons - DEBUG - check_firing_solution Arc FAIL: diff 14.036243467926482 > 0.0
2026-03-28 09:13:08,369 - game.simulation.components.abilities.weapons - DEBUG - check_firing_solution Arc FAIL: diff 14.036243467926482 > 0.0
2026-03-28 09:13:08,381 - game.simulation.components.abilities.weapons - DEBUG - check_firing_solution Arc FAIL: diff 14.036243467926482 > 0.0
2026-03-28 09:13:08,393 - game.simulation.components.abilities.weapons - DEBUG - check_firing_solution Arc FAIL: diff 14.036243467926482 > 0.0
2026-03-28 09:13:08,399 - game.simulation.components.abilities.weapons - DEBUG - check_firing_solution Arc FAIL: diff 14.036243467926482 > 0.0
2026-03-28 09:13:08,411 - game.simulation.components.abilities.weapons - DEBUG - check_firing_solution Arc FAIL: diff 14.036243467926482 > 0.0
2026-03-28 09:13:08,423 - game.simulation.components.abilities.weapons - DEBUG - check_firing_solution Arc FAIL: diff 14.036243467926482 > 0.0
2026-03-28 09:13:08,434 - game.simulation.components.abilities.weapons - DEBUG - check_firing_solution Arc FAIL: diff 14.036243467926482 > 0.0
2026-03-28 09:13:08,440 - game.simulation.components.abilities.weapons - DEBUG - check_firing_solution Arc FAIL: diff 14.036243467926482 > 0.0
2026-03-28 09:13:08,452 - game.simulation.components.abilities.weapons - DEBUG - check_firing_solution Arc FAIL: diff 14.036243467926482 > 0.0
2026-03-28 09:13:08,463 - game.simulation.components.abilities.weapons - DEBUG - check_firing_solution Arc FAIL: diff 14.036243467926482 > 0.0
2026-03-28 09:13:08,469 - game.simulation.components.abilities.weapons - DEBUG - check_firing_solution Arc FAIL: diff 14.036243467926482 > 0.0
2026-03-28 09:13:08,481 - game.simulation.components.abilities.weapons - DEBUG - check_firing_solution Arc FAIL: diff 14.036243467926482 > 0.0
2026-03-28 09:13:08,492 - game.simulation.components.abilities.weapons - DEBUG - check_firing_solution Arc FAIL: diff 14.036243467926482 > 0.0
2026-03-28 09:13:08,504 - game.simulation.components.abilities.weapons - DEBUG - check_firing_solution Arc FAIL: diff 14.036243467926482 > 0.0
2026-03-28 09:13:08,510 - game.simulation.components.abilities.weapons - DEBUG - check_firing_solution Arc FAIL: diff 14.036243467926482 > 0.0
2026-03-28 09:13:08,522 - game.simulation.components.abilities.weapons - DEBUG - check_firing_solution Arc FAIL: diff 14.036243467926482 > 0.0
2026-03-28 09:13:08,534 - game.simulation.components.abilities.weapons - DEBUG - check_firing_solution Arc FAIL: diff 14.036243467926482 > 0.0
2026-03-28 09:13:08,539 - game.simulation.components.abilities.weapons - DEBUG - check_firing_solution Arc FAIL: diff 14.036243467926482 > 0.0
2026-03-28 09:13:08,551 - game.simulation.components.abilities.weapons - DEBUG - check_firing_solution Arc FAIL: diff 14.036243467926482 > 0.0
2026-03-28 09:13:08,563 - game.simulation.components.abilities.weapons - DEBUG - check_firing_solution Arc FAIL: diff 14.036243467926482 > 0.0
2026-03-28 09:13:08,568 - game.simulation.components.abilities.weapons - DEBUG - check_firing_solution Arc FAIL: diff 14.036243467926482 > 0.0
2026-03-28 09:13:08,580 - game.simulation.components.abilities.weapons - DEBUG - check_firing_solution Arc FAIL: diff 14.036243467926482 > 0.0
2026-03-28 09:13:08,592 - game.simulation.components.abilities.weapons - DEBUG - check_firing_solution Arc FAIL: diff 14.036243467926482 > 0.0
2026-03-28 09:13:08,604 - game.simulation.components.abilities.weapons - DEBUG - check_firing_solution Arc FAIL: diff 14.036243467926482 > 0.0
2026-03-28 09:13:08,609 - game.simulation.components.abilities.weapons - DEBUG - check_firing_solution Arc FAIL: diff 14.036243467926482 > 0.0
2026-03-28 09:13:08,621 - game.simulation.components.abilities.weapons - DEBUG - check_firing_solution Arc FAIL: diff 14.036243467926482 > 0.0
2026-03-28 09:13:08,633 - game.simulation.components.abilities.weapons - DEBUG - check_firing_solution Arc FAIL: diff 14.036243467926482 > 0.0
2026-03-28 09:13:08,640 - game.simulation.components.abilities.weapons - DEBUG - check_firing_solution Arc FAIL: diff 14.036243467926482 > 0.0
2026-03-28 09:13:08,652 - game.simulation.components.abilities.weapons - DEBUG - check_firing_solution Arc FAIL: diff 14.036243467926482 > 0.0
2026-03-28 09:13:08,664 - game.simulation.components.abilities.weapons - DEBUG - check_firing_solution Arc FAIL: diff 14.036243467926482 > 0.0
2026-03-28 09:13:08,669 - game.simulation.components.abilities.weapons - DEBUG - check_firing_solution Arc FAIL: diff 14.036243467926482 > 0.0
2026-03-28 09:13:08,681 - game.simulation.components.abilities.weapons - DEBUG - check_firing_solution Arc FAIL: diff 14.036243467926482 > 0.0
2026-03-28 09:13:08,693 - game.simulation.components.abilities.weapons - DEBUG - check_firing_solution Arc FAIL: diff 14.036243467926482 > 0.0
2026-03-28 09:13:08,699 - game.simulation.components.abilities.weapons - DEBUG - check_firing_solution Arc FAIL: diff 14.036243467926482 > 0.0
2026-03-28 09:13:08,711 - game.simulation.components.abilities.weapons - DEBUG - check_firing_solution Arc FAIL: diff 14.036243467926482 > 0.0
2026-03-28 09:13:08,723 - game.simulation.components.abilities.weapons - DEBUG - check_firing_solution Arc FAIL: diff 14.036243467926482 > 0.0
2026-03-28 09:13:08,729 - game.simulation.components.abilities.weapons - DEBUG - check_firing_solution Arc FAIL: diff 14.036243467926482 > 0.0
2026-03-28 09:13:08,740 - game.simulation.components.abilities.weapons - DEBUG - check_firing_solution Arc FAIL: diff 14.036243467926482 > 0.0
2026-03-28 09:13:08,751 - game.simulation.components.abilities.weapons - DEBUG - check_firing_solution Arc FAIL: diff 14.036243467926482 > 0.0
2026-03-28 09:13:08,763 - game.simulation.components.abilities.weapons - DEBUG - check_firing_solution Arc FAIL: diff 14.036243467926482 > 0.0
2026-03-28 09:13:08,769 - game.simulation.components.abilities.weapons - DEBUG - check_firing_solution Arc FAIL: diff 14.036243467926482 > 0.0
2026-03-28 09:13:08,781 - game.simulation.components.abilities.weapons - DEBUG - check_firing_solution Arc FAIL: diff 14.036243467926482 > 0.0
2026-03-28 09:13:08,793 - game.simulation.components.abilities.weapons - DEBUG - check_firing_solution Arc FAIL: diff 14.036243467926482 > 0.0
2026-03-28 09:13:08,799 - game.simulation.components.abilities.weapons - DEBUG - check_firing_solution Arc FAIL: diff 14.036243467926482 > 0.0
2026-03-28 09:13:08,811 - game.simulation.components.abilities.weapons - DEBUG - check_firing_solution Arc FAIL: diff 14.036243467926482 > 0.0
2026-03-28 09:13:08,823 - game.simulation.components.abilities.weapons - DEBUG - check_firing_solution Arc FAIL: diff 14.036243467926482 > 0.0
2026-03-28 09:13:08,834 - game.simulation.components.abilities.weapons - DEBUG - check_firing_solution Arc FAIL: diff 14.036243467926482 > 0.0
2026-03-28 09:13:08,840 - game.simulation.components.abilities.weapons - DEBUG - check_firing_solution Arc FAIL: diff 14.036243467926482 > 0.0
2026-03-28 09:13:08,851 - game.simulation.components.abilities.weapons - DEBUG - check_firing_solution Arc FAIL: diff 14.036243467926482 > 0.0
2026-03-28 09:13:08,863 - game.simulation.components.abilities.weapons - DEBUG - check_firing_solution Arc FAIL: diff 14.036243467926482 > 0.0
2026-03-28 09:13:08,869 - game.simulation.components.abilities.weapons - DEBUG - check_firing_solution Arc FAIL: diff 14.036243467926482 > 0.0
2026-03-28 09:13:08,881 - game.simulation.components.abilities.weapons - DEBUG - check_firing_solution Arc FAIL: diff 14.036243467926482 > 0.0
2026-03-28 09:13:08,892 - game.simulation.components.abilities.weapons - DEBUG - check_firing_solution Arc FAIL: diff 14.036243467926482 > 0.0
2026-03-28 09:13:08,903 - game.simulation.components.abilities.weapons - DEBUG - check_firing_solution Arc FAIL: diff 14.036243467926482 > 0.0
2026-03-28 09:13:08,909 - game.simulation.components.abilities.weapons - DEBUG - check_firing_solution Arc FAIL: diff 14.036243467926482 > 0.0
2026-03-28 09:13:08,922 - game.simulation.components.abilities.weapons - DEBUG - check_firing_solution Arc FAIL: diff 14.036243467926482 > 0.0
2026-03-28 09:13:08,934 - game.simulation.components.abilities.weapons - DEBUG - check_firing_solution Arc FAIL: diff 14.036243467926482 > 0.0
2026-03-28 09:13:08,939 - game.simulation.components.abilities.weapons - DEBUG - check_firing_solution Arc FAIL: diff 14.036243467926482 > 0.0
2026-03-28 09:13:08,950 - game.simulation.components.abilities.weapons - DEBUG - check_firing_solution Arc FAIL: diff 14.036243467926482 > 0.0
2026-03-28 09:13:08,962 - game.simulation.components.abilities.weapons - DEBUG - check_firing_solution Arc FAIL: diff 14.036243467926482 > 0.0
2026-03-28 09:13:08,974 - game.simulation.components.abilities.weapons - DEBUG - check_firing_solution Arc FAIL: diff 14.036243467926482 > 0.0
2026-03-28 09:13:08,980 - game.simulation.components.abilities.weapons - DEBUG - check_firing_solution Arc FAIL: diff 14.036243467926482 > 0.0
2026-03-28 09:13:08,991 - game.simulation.components.abilities.weapons - DEBUG - check_firing_solution Arc FAIL: diff 14.036243467926482 > 0.0
2026-03-28 09:13:09,001 - game.simulation.components.abilities.weapons - DEBUG - check_firing_solution Arc FAIL: diff 14.036243467926482 > 0.0
2026-03-28 09:13:09,014 - game.simulation.components.abilities.weapons - DEBUG - check_firing_solution Arc FAIL: diff 14.036243467926482 > 0.0
2026-03-28 09:13:09,020 - game.simulation.components.abilities.weapons - DEBUG - check_firing_solution Arc FAIL: diff 14.036243467926482 > 0.0
2026-03-28 09:13:09,032 - game.simulation.components.abilities.weapons - DEBUG - check_firing_solution Arc FAIL: diff 14.036243467926482 > 0.0
2026-03-28 09:13:09,042 - game.simulation.components.abilities.weapons - DEBUG - check_firing_solution Arc FAIL: diff 14.036243467926482 > 0.0
2026-03-28 09:13:09,049 - game.simulation.components.abilities.weapons - DEBUG - check_firing_solution Arc FAIL: diff 14.036243467926482 > 0.0
2026-03-28 09:13:09,061 - game.simulation.components.abilities.weapons - DEBUG - check_firing_solution Arc FAIL: diff 14.036243467926482 > 0.0
2026-03-28 09:13:09,073 - game.simulation.components.abilities.weapons - DEBUG - check_firing_solution Arc FAIL: diff 14.036243467926482 > 0.0
2026-03-28 09:13:09,079 - game.simulation.components.abilities.weapons - DEBUG - check_firing_solution Arc FAIL: diff 14.036243467926482 > 0.0
2026-03-28 09:13:09,090 - game.simulation.components.abilities.weapons - DEBUG - check_firing_solution Arc FAIL: diff 14.036243467926482 > 0.0
2026-03-28 09:13:09,102 - game.simulation.components.abilities.weapons - DEBUG - check_firing_solution Arc FAIL: diff 14.036243467926482 > 0.0
2026-03-28 09:13:09,114 - game.simulation.components.abilities.weapons - DEBUG - check_firing_solution Arc FAIL: diff 14.036243467926482 > 0.0
2026-03-28 09:13:09,121 - game.simulation.components.abilities.weapons - DEBUG - check_firing_solution Arc FAIL: diff 14.036243467926482 > 0.0
2026-03-28 09:13:09,133 - game.simulation.components.abilities.weapons - DEBUG - check_firing_solution Arc FAIL: diff 14.036243467926482 > 0.0
2026-03-28 09:13:09,139 - game.simulation.components.abilities.weapons - DEBUG - check_firing_solution Arc FAIL: diff 14.036243467926482 > 0.0
2026-03-28 09:13:09,150 - game.simulation.components.abilities.weapons - DEBUG - check_firing_solution Arc FAIL: diff 14.036243467926482 > 0.0
2026-03-28 09:13:09,162 - game.simulation.components.abilities.weapons - DEBUG - check_firing_solution Arc FAIL: diff 14.036243467926482 > 0.0
2026-03-28 09:13:09,173 - game.simulation.components.abilities.weapons - DEBUG - check_firing_solution Arc FAIL: diff 14.036243467926482 > 0.0
2026-03-28 09:13:09,180 - game.simulation.components.abilities.weapons - DEBUG - check_firing_solution Arc FAIL: diff 14.036243467926482 > 0.0
2026-03-28 09:13:09,192 - game.simulation.components.abilities.weapons - DEBUG - check_firing_solution Arc FAIL: diff 14.036243467926482 > 0.0
2026-03-28 09:13:09,204 - game.simulation.components.abilities.weapons - DEBUG - check_firing_solution Arc FAIL: diff 14.036243467926482 > 0.0
2026-03-28 09:13:09,210 - game.simulation.components.abilities.weapons - DEBUG - check_firing_solution Arc FAIL: diff 14.036243467926482 > 0.0
2026-03-28 09:13:09,222 - game.simulation.components.abilities.weapons - DEBUG - check_firing_solution Arc FAIL: diff 14.036243467926482 > 0.0
2026-03-28 09:13:09,234 - game.simulation.components.abilities.weapons - DEBUG - check_firing_solution Arc FAIL: diff 14.036243467926482 > 0.0
2026-03-28 09:13:09,239 - game.simulation.components.abilities.weapons - DEBUG - check_firing_solution Arc FAIL: diff 14.036243467926482 > 0.0
2026-03-28 09:13:09,250 - game.simulation.components.abilities.weapons - DEBUG - check_firing_solution Arc FAIL: diff 14.036243467926482 > 0.0
2026-03-28 09:13:09,262 - game.simulation.components.abilities.weapons - DEBUG - check_firing_solution Arc FAIL: diff 14.036243467926482 > 0.0
2026-03-28 09:13:09,274 - game.simulation.components.abilities.weapons - DEBUG - check_firing_solution Arc FAIL: diff 14.036243467926482 > 0.0
2026-03-28 09:13:09,279 - game.simulation.components.abilities.weapons - DEBUG - check_firing_solution Arc FAIL: diff 14.036243467926482 > 0.0
2026-03-28 09:13:09,290 - game.simulation.components.abilities.weapons - DEBUG - check_firing_solution Arc FAIL: diff 14.036243467926482 > 0.0
2026-03-28 09:13:09,302 - game.simulation.components.abilities.weapons - DEBUG - check_firing_solution Arc FAIL: diff 14.036243467926482 > 0.0
2026-03-28 09:13:09,314 - game.simulation.components.abilities.weapons - DEBUG - check_firing_solution Arc FAIL: diff 14.036243467926482 > 0.0
2026-03-28 09:13:09,320 - game.simulation.components.abilities.weapons - DEBUG - check_firing_solution Arc FAIL: diff 14.036243467926482 > 0.0
2026-03-28 09:13:09,332 - game.simulation.components.abilities.weapons - DEBUG - check_firing_solution Arc FAIL: diff 14.036243467926482 > 0.0
2026-03-28 09:13:09,344 - game.simulation.components.abilities.weapons - DEBUG - check_firing_solution Arc FAIL: diff 14.036243467926482 > 0.0
2026-03-28 09:13:09,351 - game.simulation.components.abilities.weapons - DEBUG - check_firing_solution Arc FAIL: diff 14.036243467926482 > 0.0
2026-03-28 09:13:09,363 - game.simulation.components.abilities.weapons - DEBUG - check_firing_solution Arc FAIL: diff 14.036243467926482 > 0.0
2026-03-28 09:13:09,374 - game.simulation.components.abilities.weapons - DEBUG - check_firing_solution Arc FAIL: diff 14.036243467926482 > 0.0
2026-03-28 09:13:09,380 - game.simulation.components.abilities.weapons - DEBUG - check_firing_solution Arc FAIL: diff 14.036243467926482 > 0.0
2026-03-28 09:13:09,391 - game.simulation.components.abilities.weapons - DEBUG - check_firing_solution Arc FAIL: diff 14.036243467926482 > 0.0
2026-03-28 09:13:09,403 - game.simulation.components.abilities.weapons - DEBUG - check_firing_solution Arc FAIL: diff 14.036243467926482 > 0.0
2026-03-28 09:13:09,409 - game.simulation.components.abilities.weapons - DEBUG - check_firing_solution Arc FAIL: diff 14.036243467926482 > 0.0
2026-03-28 09:13:09,420 - game.simulation.components.abilities.weapons - DEBUG - check_firing_solution Arc FAIL: diff 14.036243467926482 > 0.0
2026-03-28 09:13:09,433 - game.simulation.components.abilities.weapons - DEBUG - check_firing_solution Arc FAIL: diff 14.036243467926482 > 0.0
2026-03-28 09:13:09,439 - game.simulation.components.abilities.weapons - DEBUG - check_firing_solution Arc FAIL: diff 14.036243467926482 > 0.0
2026-03-28 09:13:09,450 - game.simulation.components.abilities.weapons - DEBUG - check_firing_solution Arc FAIL: diff 14.036243467926482 > 0.0
2026-03-28 09:13:09,462 - game.simulation.components.abilities.weapons - DEBUG - check_firing_solution Arc FAIL: diff 14.036243467926482 > 0.0
2026-03-28 09:13:09,473 - game.simulation.components.abilities.weapons - DEBUG - check_firing_solution Arc FAIL: diff 14.036243467926482 > 0.0
2026-03-28 09:13:09,479 - game.simulation.components.abilities.weapons - DEBUG - check_firing_solution Arc FAIL: diff 14.036243467926482 > 0.0
2026-03-28 09:13:09,491 - game.simulation.components.abilities.weapons - DEBUG - check_firing_solution Arc FAIL: diff 14.036243467926482 > 0.0
2026-03-28 09:13:09,502 - game.simulation.components.abilities.weapons - DEBUG - check_firing_solution Arc FAIL: diff 14.036243467926482 > 0.0
2026-03-28 09:13:09,514 - game.simulation.components.abilities.weapons - DEBUG - check_firing_solution Arc FAIL: diff 14.036243467926482 > 0.0
2026-03-28 09:13:09,520 - game.simulation.components.abilities.weapons - DEBUG - check_firing_solution Arc FAIL: diff 14.036243467926482 > 0.0
2026-03-28 09:13:09,531 - game.simulation.components.abilities.weapons - DEBUG - check_firing_solution Arc FAIL: diff 14.036243467926482 > 0.0
2026-03-28 09:13:09,543 - game.simulation.components.abilities.weapons - DEBUG - check_firing_solution Arc FAIL: diff 14.036243467926482 > 0.0
2026-03-28 09:13:09,550 - game.simulation.components.abilities.weapons - DEBUG - check_firing_solution Arc FAIL: diff 14.036243467926482 > 0.0
2026-03-28 09:13:09,561 - game.simulation.components.abilities.weapons - DEBUG - check_firing_solution Arc FAIL: diff 14.036243467926482 > 0.0
2026-03-28 09:13:09,573 - game.simulation.components.abilities.weapons - DEBUG - check_firing_solution Arc FAIL: diff 14.036243467926482 > 0.0
2026-03-28 09:13:09,579 - game.simulation.components.abilities.weapons - DEBUG - check_firing_solution Arc FAIL: diff 14.036243467926482 > 0.0
2026-03-28 09:13:09,590 - game.simulation.components.abilities.weapons - DEBUG - check_firing_solution Arc FAIL: diff 14.036243467926482 > 0.0
2026-03-28 09:13:09,602 - game.simulation.components.abilities.weapons - DEBUG - check_firing_solution Arc FAIL: diff 14.036243467926482 > 0.0
2026-03-28 09:13:09,614 - game.simulation.components.abilities.weapons - DEBUG - check_firing_solution Arc FAIL: diff 14.036243467926482 > 0.0
2026-03-28 09:13:09,619 - game.simulation.components.abilities.weapons - DEBUG - check_firing_solution Arc FAIL: diff 14.036243467926482 > 0.0
2026-03-28 09:13:09,631 - game.simulation.components.abilities.weapons - DEBUG - check_firing_solution Arc FAIL: diff 14.036243467926482 > 0.0
2026-03-28 09:13:09,644 - game.simulation.components.abilities.weapons - DEBUG - check_firing_solution Arc FAIL: diff 14.036243467926482 > 0.0
2026-03-28 09:13:09,650 - game.simulation.components.abilities.weapons - DEBUG - check_firing_solution Arc FAIL: diff 14.036243467926482 > 0.0
2026-03-28 09:13:09,661 - game.simulation.components.abilities.weapons - DEBUG - check_firing_solution Arc FAIL: diff 14.036243467926482 > 0.0
2026-03-28 09:13:09,673 - game.simulation.components.abilities.weapons - DEBUG - check_firing_solution Arc FAIL: diff 14.036243467926482 > 0.0
2026-03-28 09:13:09,679 - game.simulation.components.abilities.weapons - DEBUG - check_firing_solution Arc FAIL: diff 14.036243467926482 > 0.0
2026-03-28 09:13:09,690 - game.simulation.components.abilities.weapons - DEBUG - check_firing_solution Arc FAIL: diff 14.036243467926482 > 0.0
2026-03-28 09:13:09,702 - game.simulation.components.abilities.weapons - DEBUG - check_firing_solution Arc FAIL: diff 14.036243467926482 > 0.0
2026-03-28 09:13:09,714 - game.simulation.components.abilities.weapons - DEBUG - check_firing_solution Arc FAIL: diff 14.036243467926482 > 0.0
2026-03-28 09:13:09,720 - game.simulation.components.abilities.weapons - DEBUG - check_firing_solution Arc FAIL: diff 14.036243467926482 > 0.0
2026-03-28 09:13:09,730 - game.simulation.components.abilities.weapons - DEBUG - check_firing_solution Arc FAIL: diff 14.036243467926482 > 0.0
2026-03-28 09:13:09,743 - game.simulation.components.abilities.weapons - DEBUG - check_firing_solution Arc FAIL: diff 14.036243467926482 > 0.0
2026-03-28 09:13:09,754 - game.simulation.components.abilities.weapons - DEBUG - check_firing_solution Arc FAIL: diff 14.036243467926482 > 0.0
2026-03-28 09:13:09,760 - game.simulation.components.abilities.weapons - DEBUG - check_firing_solution Arc FAIL: diff 14.036243467926482 > 0.0
2026-03-28 09:13:09,772 - game.simulation.components.abilities.weapons - DEBUG - check_firing_solution Arc FAIL: diff 14.036243467926482 > 0.0
2026-03-28 09:13:09,784 - game.simulation.components.abilities.weapons - DEBUG - check_firing_solution Arc FAIL: diff 14.036243467926482 > 0.0
2026-03-28 09:13:09,790 - game.simulation.components.abilities.weapons - DEBUG - check_firing_solution Arc FAIL: diff 14.036243467926482 > 0.0
2026-03-28 09:13:09,801 - game.simulation.components.abilities.weapons - DEBUG - check_firing_solution Arc FAIL: diff 14.036243467926482 > 0.0
2026-03-28 09:13:09,813 - game.simulation.components.abilities.weapons - DEBUG - check_firing_solution Arc FAIL: diff 14.036243467926482 > 0.0
2026-03-28 09:13:09,818 - game.simulation.components.abilities.weapons - DEBUG - check_firing_solution Arc FAIL: diff 14.036243467926482 > 0.0
2026-03-28 09:13:09,831 - game.simulation.components.abilities.weapons - DEBUG - check_firing_solution Arc FAIL: diff 14.036243467926482 > 0.0
2026-03-28 09:13:09,842 - game.simulation.components.abilities.weapons - DEBUG - check_firing_solution Arc FAIL: diff 14.036243467926482 > 0.0
2026-03-28 09:13:09,854 - game.simulation.components.abilities.weapons - DEBUG - check_firing_solution Arc FAIL: diff 14.036243467926482 > 0.0
2026-03-28 09:13:09,860 - game.simulation.components.abilities.weapons - DEBUG - check_firing_solution Arc FAIL: diff 14.036243467926482 > 0.0
2026-03-28 09:13:09,872 - game.simulation.components.abilities.weapons - DEBUG - check_firing_solution Arc FAIL: diff 14.036243467926482 > 0.0
2026-03-28 09:13:09,884 - game.simulation.components.abilities.weapons - DEBUG - check_firing_solution Arc FAIL: diff 14.036243467926482 > 0.0
2026-03-28 09:13:09,889 - game.simulation.components.abilities.weapons - DEBUG - check_firing_solution Arc FAIL: diff 14.036243467926482 > 0.0
2026-03-28 09:13:09,902 - game.simulation.components.abilities.weapons - DEBUG - check_firing_solution Arc FAIL: diff 14.036243467926482 > 0.0
2026-03-28 09:13:09,913 - game.simulation.components.abilities.weapons - DEBUG - check_firing_solution Arc FAIL: diff 14.036243467926482 > 0.0
2026-03-28 09:13:09,918 - game.simulation.components.abilities.weapons - DEBUG - check_firing_solution Arc FAIL: diff 14.036243467926482 > 0.0
2026-03-28 09:13:09,930 - game.simulation.components.abilities.weapons - DEBUG - check_firing_solution Arc FAIL: diff 14.036243467926482 > 0.0
2026-03-28 09:13:09,942 - game.simulation.components.abilities.weapons - DEBUG - check_firing_solution Arc FAIL: diff 14.036243467926482 > 0.0
2026-03-28 09:13:09,953 - game.simulation.components.abilities.weapons - DEBUG - check_firing_solution Arc FAIL: diff 14.036243467926482 > 0.0
2026-03-28 09:13:09,960 - game.simulation.components.abilities.weapons - DEBUG - check_firing_solution Arc FAIL: diff 14.036243467926482 > 0.0
2026-03-28 09:13:09,972 - game.simulation.components.abilities.weapons - DEBUG - check_firing_solution Arc FAIL: diff 14.036243467926482 > 0.0
2026-03-28 09:13:09,984 - game.simulation.components.abilities.weapons - DEBUG - check_firing_solution Arc FAIL: diff 14.036243467926482 > 0.0
2026-03-28 09:13:09,989 - game.simulation.components.abilities.weapons - DEBUG - check_firing_solution Arc FAIL: diff 14.036243467926482 > 0.0
2026-03-28 09:13:10,000 - game.simulation.components.abilities.weapons - DEBUG - check_firing_solution Arc FAIL: diff 14.036243467926482 > 0.0
2026-03-28 09:13:10,013 - game.simulation.components.abilities.weapons - DEBUG - check_firing_solution Arc FAIL: diff 14.036243467926482 > 0.0
2026-03-28 09:13:10,020 - game.simulation.components.abilities.weapons - DEBUG - check_firing_solution Arc FAIL: diff 14.036243467926482 > 0.0
2026-03-28 09:13:10,033 - game.simulation.components.abilities.weapons - DEBUG - check_firing_solution Arc FAIL: diff 14.036243467926482 > 0.0
2026-03-28 09:13:10,039 - game.simulation.components.abilities.weapons - DEBUG - check_firing_solution Arc FAIL: diff 14.036243467926482 > 0.0
2026-03-28 09:13:10,052 - game.simulation.components.abilities.weapons - DEBUG - check_firing_solution Arc FAIL: diff 14.036243467926482 > 0.0
2026-03-28 09:13:10,065 - game.simulation.components.abilities.weapons - DEBUG - check_firing_solution Arc FAIL: diff 14.036243467926482 > 0.0
2026-03-28 09:13:10,071 - game.simulation.components.abilities.weapons - DEBUG - check_firing_solution Arc FAIL: diff 14.036243467926482 > 0.0
2026-03-28 09:13:10,084 - game.simulation.components.abilities.weapons - DEBUG - check_firing_solution Arc FAIL: diff 14.036243467926482 > 0.0
2026-03-28 09:13:10,090 - game.simulation.components.abilities.weapons - DEBUG - check_firing_solution Arc FAIL: diff 14.036243467926482 > 0.0
2026-03-28 09:13:10,103 - game.simulation.components.abilities.weapons - DEBUG - check_firing_solution Arc FAIL: diff 14.036243467926482 > 0.0
2026-03-28 09:13:10,108 - game.simulation.components.abilities.weapons - DEBUG - check_firing_solution Arc FAIL: diff 14.036243467926482 > 0.0
2026-03-28 09:13:10,121 - game.simulation.components.abilities.weapons - DEBUG - check_firing_solution Arc FAIL: diff 14.036243467926482 > 0.0
2026-03-28 09:13:10,133 - game.simulation.components.abilities.weapons - DEBUG - check_firing_solution Arc FAIL: diff 14.036243467926482 > 0.0
2026-03-28 09:13:10,139 - game.simulation.components.abilities.weapons - DEBUG - check_firing_solution Arc FAIL: diff 14.036243467926482 > 0.0
2026-03-28 09:13:10,151 - game.simulation.components.abilities.weapons - DEBUG - check_firing_solution Arc FAIL: diff 14.036243467926482 > 0.0
2026-03-28 09:13:10,162 - game.simulation.components.abilities.weapons - DEBUG - check_firing_solution Arc FAIL: diff 14.036243467926482 > 0.0
2026-03-28 09:13:10,174 - game.simulation.components.abilities.weapons - DEBUG - check_firing_solution Arc FAIL: diff 14.036243467926482 > 0.0
2026-03-28 09:13:10,181 - game.simulation.components.abilities.weapons - DEBUG - check_firing_solution Arc FAIL: diff 14.036243467926482 > 0.0
2026-03-28 09:13:10,192 - game.simulation.components.abilities.weapons - DEBUG - check_firing_solution Arc FAIL: diff 14.036243467926482 > 0.0
2026-03-28 09:13:10,204 - game.simulation.components.abilities.weapons - DEBUG - check_firing_solution Arc FAIL: diff 14.036243467926482 > 0.0
2026-03-28 09:13:10,210 - game.simulation.components.abilities.weapons - DEBUG - check_firing_solution Arc FAIL: diff 14.036243467926482 > 0.0
2026-03-28 09:13:10,222 - game.simulation.components.abilities.weapons - DEBUG - check_firing_solution Arc FAIL: diff 14.036243467926482 > 0.0
2026-03-28 09:13:10,234 - game.simulation.components.abilities.weapons - DEBUG - check_firing_solution Arc FAIL: diff 14.036243467926482 > 0.0
2026-03-28 09:13:10,240 - game.simulation.components.abilities.weapons - DEBUG - check_firing_solution Arc FAIL: diff 14.036243467926482 > 0.0
2026-03-28 09:13:10,253 - game.simulation.components.abilities.weapons - DEBUG - check_firing_solution Arc FAIL: diff 14.036243467926482 > 0.0
2026-03-28 09:13:10,264 - game.simulation.components.abilities.weapons - DEBUG - check_firing_solution Arc FAIL: diff 14.036243467926482 > 0.0
2026-03-28 09:13:10,270 - game.simulation.components.abilities.weapons - DEBUG - check_firing_solution Arc FAIL: diff 14.036243467926482 > 0.0
2026-03-28 09:13:10,283 - game.simulation.components.abilities.weapons - DEBUG - check_firing_solution Arc FAIL: diff 14.036243467926482 > 0.0
2026-03-28 09:13:10,289 - game.simulation.components.abilities.weapons - DEBUG - check_firing_solution Arc FAIL: diff 14.036243467926482 > 0.0
2026-03-28 09:13:10,300 - game.simulation.components.abilities.weapons - DEBUG - check_firing_solution Arc FAIL: diff 14.036243467926482 > 0.0
2026-03-28 09:13:10,313 - game.simulation.components.abilities.weapons - DEBUG - check_firing_solution Arc FAIL: diff 14.036243467926482 > 0.0
2026-03-28 09:13:10,320 - game.simulation.components.abilities.weapons - DEBUG - check_firing_solution Arc FAIL: diff 14.036243467926482 > 0.0
2026-03-28 09:13:10,331 - game.simulation.components.abilities.weapons - DEBUG - check_firing_solution Arc FAIL: diff 14.036243467926482 > 0.0
2026-03-28 09:13:10,343 - game.simulation.components.abilities.weapons - DEBUG - check_firing_solution Arc FAIL: diff 14.036243467926482 > 0.0
2026-03-28 09:13:10,350 - game.simulation.components.abilities.weapons - DEBUG - check_firing_solution Arc FAIL: diff 14.036243467926482 > 0.0
2026-03-28 09:13:10,361 - game.simulation.components.abilities.weapons - DEBUG - check_firing_solution Arc FAIL: diff 14.036243467926482 > 0.0
2026-03-28 09:13:10,374 - game.simulation.components.abilities.weapons - DEBUG - check_firing_solution Arc FAIL: diff 14.036243467926482 > 0.0
2026-03-28 09:13:10,379 - game.simulation.components.abilities.weapons - DEBUG - check_firing_solution Arc FAIL: diff 14.036243467926482 > 0.0
2026-03-28 09:13:10,391 - game.simulation.components.abilities.weapons - DEBUG - check_firing_solution Arc FAIL: diff 14.036243467926482 > 0.0
2026-03-28 09:13:10,403 - game.simulation.components.abilities.weapons - DEBUG - check_firing_solution Arc FAIL: diff 14.036243467926482 > 0.0
2026-03-28 09:13:10,415 - game.simulation.components.abilities.weapons - DEBUG - check_firing_solution Arc FAIL: diff 14.036243467926482 > 0.0
2026-03-28 09:13:10,420 - game.simulation.components.abilities.weapons - DEBUG - check_firing_solution Arc FAIL: diff 14.036243467926482 > 0.0
2026-03-28 09:13:10,431 - game.simulation.components.abilities.weapons - DEBUG - check_firing_solution Arc FAIL: diff 14.036243467926482 > 0.0
2026-03-28 09:13:10,444 - game.simulation.components.abilities.weapons - DEBUG - check_firing_solution Arc FAIL: diff 14.036243467926482 > 0.0
2026-03-28 09:13:10,450 - game.simulation.components.abilities.weapons - DEBUG - check_firing_solution Arc FAIL: diff 14.036243467926482 > 0.0
2026-03-28 09:13:10,462 - game.simulation.components.abilities.weapons - DEBUG - check_firing_solution Arc FAIL: diff 14.036243467926482 > 0.0
2026-03-28 09:13:10,473 - game.simulation.components.abilities.weapons - DEBUG - check_firing_solution Arc FAIL: diff 14.036243467926482 > 0.0
2026-03-28 09:13:10,479 - game.simulation.components.abilities.weapons - DEBUG - check_firing_solution Arc FAIL: diff 14.036243467926482 > 0.0
2026-03-28 09:13:10,490 - game.simulation.components.abilities.weapons - DEBUG - check_firing_solution Arc FAIL: diff 14.036243467926482 > 0.0
2026-03-28 09:13:10,502 - game.simulation.components.abilities.weapons - DEBUG - check_firing_solution Arc FAIL: diff 14.036243467926482 > 0.0
2026-03-28 09:13:10,514 - game.simulation.components.abilities.weapons - DEBUG - check_firing_solution Arc FAIL: diff 14.036243467926482 > 0.0
2026-03-28 09:13:10,520 - game.simulation.components.abilities.weapons - DEBUG - check_firing_solution Arc FAIL: diff 14.036243467926482 > 0.0
2026-03-28 09:13:10,531 - game.simulation.components.abilities.weapons - DEBUG - check_firing_solution Arc FAIL: diff 14.036243467926482 > 0.0
2026-03-28 09:13:10,543 - game.simulation.components.abilities.weapons - DEBUG - check_firing_solution Arc FAIL: diff 14.036243467926482 > 0.0
2026-03-28 09:13:10,549 - game.simulation.components.abilities.weapons - DEBUG - check_firing_solution Arc FAIL: diff 14.036243467926482 > 0.0
2026-03-28 09:13:10,561 - game.simulation.components.abilities.weapons - DEBUG - check_firing_solution Arc FAIL: diff 14.036243467926482 > 0.0
2026-03-28 09:13:10,573 - game.simulation.components.abilities.weapons - DEBUG - check_firing_solution Arc FAIL: diff 14.036243467926482 > 0.0
2026-03-28 09:13:10,585 - game.simulation.components.abilities.weapons - DEBUG - check_firing_solution Arc FAIL: diff 14.036243467926482 > 0.0
2026-03-28 09:13:10,590 - game.simulation.components.abilities.weapons - DEBUG - check_firing_solution Arc FAIL: diff 14.036243467926482 > 0.0
2026-03-28 09:13:10,602 - game.simulation.components.abilities.weapons - DEBUG - check_firing_solution Arc FAIL: diff 14.036243467926482 > 0.0
2026-03-28 09:13:10,613 - game.simulation.components.abilities.weapons - DEBUG - check_firing_solution Arc FAIL: diff 14.036243467926482 > 0.0
2026-03-28 09:13:10,620 - game.simulation.components.abilities.weapons - DEBUG - check_firing_solution Arc FAIL: diff 14.036243467926482 > 0.0
2026-03-28 09:13:10,633 - game.simulation.components.abilities.weapons - DEBUG - check_firing_solution Arc FAIL: diff 14.036243467926482 > 0.0
2026-03-28 09:13:10,641 - game.simulation.components.abilities.weapons - DEBUG - check_firing_solution Arc FAIL: diff 14.036243467926482 > 0.0
2026-03-28 09:13:10,653 - game.simulation.components.abilities.weapons - DEBUG - check_firing_solution Arc FAIL: diff 14.036243467926482 > 0.0
2026-03-28 09:13:10,664 - game.simulation.components.abilities.weapons - DEBUG - check_firing_solution Arc FAIL: diff 14.036243467926482 > 0.0
2026-03-28 09:13:10,670 - game.simulation.components.abilities.weapons - DEBUG - check_firing_solution Arc FAIL: diff 14.036243467926482 > 0.0
2026-03-28 09:13:10,683 - game.simulation.components.abilities.weapons - DEBUG - check_firing_solution Arc FAIL: diff 14.036243467926482 > 0.0
2026-03-28 09:13:10,694 - game.simulation.components.abilities.weapons - DEBUG - check_firing_solution Arc FAIL: diff 14.036243467926482 > 0.0
2026-03-28 09:13:10,701 - game.simulation.components.abilities.weapons - DEBUG - check_firing_solution Arc FAIL: diff 14.036243467926482 > 0.0
2026-03-28 09:13:10,710 - game.simulation.components.abilities.weapons - DEBUG - check_firing_solution Arc FAIL: diff 14.036243467926482 > 0.0
2026-03-28 09:13:10,723 - game.simulation.components.abilities.weapons - DEBUG - check_firing_solution Arc FAIL: diff 14.036243467926482 > 0.0
2026-03-28 09:13:10,734 - game.simulation.components.abilities.weapons - DEBUG - check_firing_solution Arc FAIL: diff 14.036243467926482 > 0.0
2026-03-28 09:13:10,740 - game.simulation.components.abilities.weapons - DEBUG - check_firing_solution Arc FAIL: diff 14.036243467926482 > 0.0
2026-03-28 09:13:10,752 - game.simulation.components.abilities.weapons - DEBUG - check_firing_solution Arc FAIL: diff 14.036243467926482 > 0.0
2026-03-28 09:13:10,763 - game.simulation.components.abilities.weapons - DEBUG - check_firing_solution Arc FAIL: diff 14.036243467926482 > 0.0
2026-03-28 09:13:10,769 - game.simulation.components.abilities.weapons - DEBUG - check_firing_solution Arc FAIL: diff 14.036243467926482 > 0.0
2026-03-28 09:13:10,780 - game.simulation.components.abilities.weapons - DEBUG - check_firing_solution Arc FAIL: diff 14.036243467926482 > 0.0
2026-03-28 09:13:10,792 - game.simulation.components.abilities.weapons - DEBUG - check_firing_solution Arc FAIL: diff 14.036243467926482 > 0.0
2026-03-28 09:13:10,804 - game.simulation.components.abilities.weapons - DEBUG - check_firing_solution Arc FAIL: diff 14.036243467926482 > 0.0
2026-03-28 09:13:10,810 - game.simulation.components.abilities.weapons - DEBUG - check_firing_solution Arc FAIL: diff 14.036243467926482 > 0.0
2026-03-28 09:13:10,822 - game.simulation.components.abilities.weapons - DEBUG - check_firing_solution Arc FAIL: diff 14.036243467926482 > 0.0
2026-03-28 09:13:10,834 - game.simulation.components.abilities.weapons - DEBUG - check_firing_solution Arc FAIL: diff 14.036243467926482 > 0.0
2026-03-28 09:13:10,840 - game.simulation.components.abilities.weapons - DEBUG - check_firing_solution Arc FAIL: diff 14.036243467926482 > 0.0
2026-03-28 09:13:10,851 - game.simulation.components.abilities.weapons - DEBUG - check_firing_solution Arc FAIL: diff 14.036243467926482 > 0.0
2026-03-28 09:13:10,863 - game.simulation.components.abilities.weapons - DEBUG - check_firing_solution Arc FAIL: diff 14.036243467926482 > 0.0
2026-03-28 09:13:10,869 - game.simulation.components.abilities.weapons - DEBUG - check_firing_solution Arc FAIL: diff 14.036243467926482 > 0.0
2026-03-28 09:13:10,880 - game.simulation.components.abilities.weapons - DEBUG - check_firing_solution Arc FAIL: diff 14.036243467926482 > 0.0
2026-03-28 09:13:10,892 - game.simulation.components.abilities.weapons - DEBUG - check_firing_solution Arc FAIL: diff 14.036243467926482 > 0.0
2026-03-28 09:13:10,904 - game.simulation.components.abilities.weapons - DEBUG - check_firing_solution Arc FAIL: diff 14.036243467926482 > 0.0
2026-03-28 09:13:10,909 - game.simulation.components.abilities.weapons - DEBUG - check_firing_solution Arc FAIL: diff 14.036243467926482 > 0.0
2026-03-28 09:13:10,922 - game.simulation.components.abilities.weapons - DEBUG - check_firing_solution Arc FAIL: diff 14.036243467926482 > 0.0
2026-03-28 09:13:10,934 - game.simulation.components.abilities.weapons - DEBUG - check_firing_solution Arc FAIL: diff 14.036243467926482 > 0.0
2026-03-28 09:13:10,939 - game.simulation.components.abilities.weapons - DEBUG - check_firing_solution Arc FAIL: diff 14.036243467926482 > 0.0
2026-03-28 09:13:10,951 - game.simulation.components.abilities.weapons - DEBUG - check_firing_solution Arc FAIL: diff 14.036243467926482 > 0.0
2026-03-28 09:13:10,961 - game.simulation.components.abilities.weapons - DEBUG - check_firing_solution Arc FAIL: diff 14.036243467926482 > 0.0
2026-03-28 09:13:10,974 - game.simulation.components.abilities.weapons - DEBUG - check_firing_solution Arc FAIL: diff 14.036243467926482 > 0.0
2026-03-28 09:13:10,980 - game.simulation.components.abilities.weapons - DEBUG - check_firing_solution Arc FAIL: diff 14.036243467926482 > 0.0
2026-03-28 09:13:10,990 - game.simulation.components.abilities.weapons - DEBUG - check_firing_solution Arc FAIL: diff 14.036243467926482 > 0.0
2026-03-28 09:13:11,003 - game.simulation.components.abilities.weapons - DEBUG - check_firing_solution Arc FAIL: diff 14.036243467926482 > 0.0
2026-03-28 09:13:11,014 - game.simulation.components.abilities.weapons - DEBUG - check_firing_solution Arc FAIL: diff 14.036243467926482 > 0.0
2026-03-28 09:13:11,020 - game.simulation.components.abilities.weapons - DEBUG - check_firing_solution Arc FAIL: diff 14.036243467926482 > 0.0
2026-03-28 09:13:11,033 - game.simulation.components.abilities.weapons - DEBUG - check_firing_solution Arc FAIL: diff 14.036243467926482 > 0.0
2026-03-28 09:13:11,039 - game.simulation.components.abilities.weapons - DEBUG - check_firing_solution Arc FAIL: diff 14.036243467926482 > 0.0
2026-03-28 09:13:11,050 - game.simulation.components.abilities.weapons - DEBUG - check_firing_solution Arc FAIL: diff 14.036243467926482 > 0.0
2026-03-28 09:13:11,062 - game.simulation.components.abilities.weapons - DEBUG - check_firing_solution Arc FAIL: diff 14.036243467926482 > 0.0
2026-03-28 09:13:11,074 - game.simulation.components.abilities.weapons - DEBUG - check_firing_solution Arc FAIL: diff 14.036243467926482 > 0.0
2026-03-28 09:13:11,079 - game.simulation.components.abilities.weapons - DEBUG - check_firing_solution Arc FAIL: diff 14.036243467926482 > 0.0
2026-03-28 09:13:11,091 - game.simulation.components.abilities.weapons - DEBUG - check_firing_solution Arc FAIL: diff 14.036243467926482 > 0.0
2026-03-28 09:13:11,102 - game.simulation.components.abilities.weapons - DEBUG - check_firing_solution Arc FAIL: diff 14.036243467926482 > 0.0
2026-03-28 09:13:11,114 - game.simulation.components.abilities.weapons - DEBUG - check_firing_solution Arc FAIL: diff 14.036243467926482 > 0.0
2026-03-28 09:13:11,120 - game.simulation.components.abilities.weapons - DEBUG - check_firing_solution Arc FAIL: diff 14.036243467926482 > 0.0
2026-03-28 09:13:11,132 - game.simulation.components.abilities.weapons - DEBUG - check_firing_solution Arc FAIL: diff 14.036243467926482 > 0.0
2026-03-28 09:13:11,143 - game.simulation.components.abilities.weapons - DEBUG - check_firing_solution Arc FAIL: diff 14.036243467926482 > 0.0
2026-03-28 09:13:11,150 - game.simulation.components.abilities.weapons - DEBUG - check_firing_solution Arc FAIL: diff 14.036243467926482 > 0.0
2026-03-28 09:13:11,161 - game.simulation.components.abilities.weapons - DEBUG - check_firing_solution Arc FAIL: diff 14.036243467926482 > 0.0
2026-03-28 09:13:11,173 - game.simulation.components.abilities.weapons - DEBUG - check_firing_solution Arc FAIL: diff 14.036243467926482 > 0.0
2026-03-28 09:13:11,184 - game.simulation.components.abilities.weapons - DEBUG - check_firing_solution Arc FAIL: diff 14.036243467926482 > 0.0
2026-03-28 09:13:11,189 - game.simulation.components.abilities.weapons - DEBUG - check_firing_solution Arc FAIL: diff 14.036243467926482 > 0.0
2026-03-28 09:13:11,201 - game.simulation.components.abilities.weapons - DEBUG - check_firing_solution Arc FAIL: diff 14.036243467926482 > 0.0
2026-03-28 09:13:11,213 - game.simulation.components.abilities.weapons - DEBUG - check_firing_solution Arc FAIL: diff 14.036243467926482 > 0.0
2026-03-28 09:13:11,224 - game.simulation.components.abilities.weapons - DEBUG - check_firing_solution Arc FAIL: diff 14.036243467926482 > 0.0
2026-03-28 09:13:11,230 - game.simulation.components.abilities.weapons - DEBUG - check_firing_solution Arc FAIL: diff 14.036243467926482 > 0.0
2026-03-28 09:13:11,242 - game.simulation.components.abilities.weapons - DEBUG - check_firing_solution Arc FAIL: diff 14.036243467926482 > 0.0
2026-03-28 09:13:11,253 - game.simulation.components.abilities.weapons - DEBUG - check_firing_solution Arc FAIL: diff 14.036243467926482 > 0.0
2026-03-28 09:13:11,259 - game.simulation.components.abilities.weapons - DEBUG - check_firing_solution Arc FAIL: diff 14.036243467926482 > 0.0
2026-03-28 09:13:11,271 - game.simulation.components.abilities.weapons - DEBUG - check_firing_solution Arc FAIL: diff 14.036243467926482 > 0.0
2026-03-28 09:13:11,283 - game.simulation.components.abilities.weapons - DEBUG - check_firing_solution Arc FAIL: diff 14.036243467926482 > 0.0
2026-03-28 09:13:11,289 - game.simulation.components.abilities.weapons - DEBUG - check_firing_solution Arc FAIL: diff 14.036243467926482 > 0.0
2026-03-28 09:13:11,300 - game.simulation.components.abilities.weapons - DEBUG - check_firing_solution Arc FAIL: diff 14.036243467926482 > 0.0
2026-03-28 09:13:11,312 - game.simulation.components.abilities.weapons - DEBUG - check_firing_solution Arc FAIL: diff 14.036243467926482 > 0.0
2026-03-28 09:13:11,323 - game.simulation.components.abilities.weapons - DEBUG - check_firing_solution Arc FAIL: diff 14.036243467926482 > 0.0
2026-03-28 09:13:11,329 - game.simulation.components.abilities.weapons - DEBUG - check_firing_solution Arc FAIL: diff 14.036243467926482 > 0.0
2026-03-28 09:13:11,341 - game.simulation.components.abilities.weapons - DEBUG - check_firing_solution Arc FAIL: diff 14.036243467926482 > 0.0
2026-03-28 09:13:11,352 - game.simulation.components.abilities.weapons - DEBUG - check_firing_solution Arc FAIL: diff 14.036243467926482 > 0.0
2026-03-28 09:13:11,363 - game.simulation.components.abilities.weapons - DEBUG - check_firing_solution Arc FAIL: diff 14.036243467926482 > 0.0
2026-03-28 09:13:11,373 - game.ui.screens.battle_screen - DEBUG - Test complete! ticks=501
2026-03-28 09:13:11,373 - game.ui.screens.battle_screen - DEBUG - Test PASSED
2026-03-28 09:13:11,373 - game.ui.screens.battle_screen - DEBUG - Results populated: ['test_id', 'ticks_run', 'ticks', 'initial_hp', 'final_hp', 'damage_dealt', 'target_alive']
2026-03-28 09:13:23,760 - game.ui.screens.battle_ui - DEBUG - BattleUI.handle_click at (1200, 717)
2026-03-28 09:13:23,761 - game.ui.screens.battle_ui - DEBUG - test_mode=True, battle_over=True
2026-03-28 09:13:23,761 - game.ui.screens.battle_ui - DEBUG - Return button rect: Rect(1770, 1050, 300, 60)
2026-03-28 09:13:23,761 - game.ui.screens.battle_ui - DEBUG - Click was not on return button
2026-03-28 09:13:24,568 - game.ui.screens.battle_ui - DEBUG - BattleUI.handle_click at (1882, 1111)
2026-03-28 09:13:24,568 - game.ui.screens.battle_ui - DEBUG - test_mode=True, battle_over=True
2026-03-28 09:13:24,568 - game.ui.screens.battle_ui - DEBUG - Return button rect: Rect(1770, 1050, 300, 60)
2026-03-28 09:13:24,568 - game.ui.screens.battle_ui - DEBUG - Click was not on return button
2026-03-28 09:13:24,568 - game.app - DEBUG - Returning to Combat Lab from test
2026-03-28 09:13:24,588 - game.core.json_utils - DEBUG - Saved JSON to C:\Dev\Starship Battles\simulation_tests\test_history.json
2026-03-28 09:13:35,027 - game.core.profiling - INFO - No records to save.
