file,function,has_return_annotation,is_dunder,is_public
game/ai/ai_factory.py,AIControllerFactory.__init__,false,true,false
game/ai/ai_factory.py,AIControllerFactory.set_grid,true,false,true
game/ai/ai_factory.py,AIControllerFactory.create_for_ship,true,false,true
game/ai/ai_factory.py,AIControllerFactory.create_for_ships,true,false,true
game/ai/behaviors.py,_flee_direction,true,false,false
game/ai/behaviors.py,AIBehavior.__init__,true,true,false
game/ai/behaviors.py,AIBehavior.enter,true,false,true
game/ai/behaviors.py,AIBehavior.update,true,false,true
game/ai/behaviors.py,RamBehavior.update,true,false,true
game/ai/behaviors.py,FleeBehavior.update,true,false,true
game/ai/behaviors.py,KiteBehavior.update,true,false,true
game/ai/behaviors.py,AttackRunBehavior.__init__,true,true,false
game/ai/behaviors.py,AttackRunBehavior.enter,true,false,true
game/ai/behaviors.py,AttackRunBehavior.update,true,false,true
game/ai/behaviors.py,DoNothingBehavior.update,true,false,true
game/ai/behaviors.py,StationaryFireBehavior.update,true,false,true
game/ai/behaviors.py,StraightLineBehavior.update,true,false,true
game/ai/behaviors.py,RotateOnlyBehavior.update,true,false,true
game/ai/behaviors.py,ErraticBehavior.__init__,true,true,false
game/ai/behaviors.py,ErraticBehavior.enter,true,false,true
game/ai/behaviors.py,ErraticBehavior.update,true,false,true
game/ai/behaviors.py,OrbitBehavior.update,true,false,true
game/ai/combat_utils.py,is_vector2_like,true,false,true
game/ai/combat_utils.py,get_entity_id,true,false,true
game/ai/combat_utils.py,get_capability_cache_key,true,false,true
game/ai/combat_utils.py,get_position,true,false,true
game/ai/combat_utils.py,get_rotation,true,false,true
game/ai/combat_utils.py,get_all_components,true,false,true
game/ai/combat_utils.py,safe_distance,true,false,true
game/ai/combat_utils.py,get_hp_percent,true,false,true
game/ai/combat_utils.py,is_in_pdc_arc,true,false,true
game/ai/controller.py,AIController.__init__,false,true,false
game/ai/controller.py,AIController.get_resolved_policies,true,false,true
game/ai/controller.py,AIController.get_engage_distance_multiplier,true,false,true
game/ai/controller.py,AIController._find_enemies_in_radius,true,false,false
game/ai/controller.py,AIController._build_capabilities_cache,true,false,false
game/ai/controller.py,AIController._score_and_sort_enemies,true,false,false
game/ai/controller.py,AIController.find_target,true,false,true
game/ai/controller.py,AIController.find_secondary_targets,true,false,true
game/ai/controller.py,AIController.update,true,false,true
game/ai/controller.py,AIController._acquire_targets,true,false,false
game/ai/controller.py,AIController._select_behavior,true,false,false
game/ai/controller.py,AIController._execute_behavior,true,false,false
game/ai/controller.py,AIController.check_avoidance,false,false,true
game/ai/controller.py,AIController.navigate_to,true,false,true
game/ai/group_target_coordinator.py,GroupTargetCoordinator.select_focus_target,true,false,true
game/ai/group_target_coordinator.py,GroupTargetCoordinator.compute_group_hp_ratio,true,false,true
game/ai/group_target_coordinator.py,GroupTargetCoordinator.should_commit_reserve,true,false,true
game/ai/group_target_coordinator.py,GroupTargetCoordinator.find_flagship_successor,true,false,true
game/ai/interfaces/controllable.py,IControllable.get_position,true,false,true
game/ai/interfaces/controllable.py,IControllable.get_velocity,true,false,true
game/ai/interfaces/controllable.py,IControllable.get_rotation,true,false,true
game/ai/interfaces/controllable.py,IControllable.get_radius,true,false,true
game/ai/interfaces/controllable.py,IControllable.get_max_speed,true,false,true
game/ai/interfaces/controllable.py,IControllable.get_current_speed,true,false,true
game/ai/interfaces/controllable.py,IControllable.get_turn_speed,true,false,true
game/ai/interfaces/controllable.py,IControllable.get_acceleration_rate,true,false,true
game/ai/interfaces/controllable.py,IControllable.get_is_thrusting,true,false,true
game/ai/interfaces/controllable.py,IControllable.set_throttle,true,false,true
game/ai/interfaces/controllable.py,IControllable.set_turn_throttle,true,false,true
game/ai/interfaces/controllable.py,IControllable.get_turn_throttle,true,false,true
game/ai/interfaces/controllable.py,IControllable.rotate,true,false,true
game/ai/interfaces/controllable.py,IControllable.thrust_forward,true,false,true
game/ai/interfaces/controllable.py,IControllable.set_rotation,true,false,true
game/ai/interfaces/controllable.py,IControllable.adjust_position,true,false,true
game/ai/interfaces/controllable.py,IControllable.get_team_id,true,false,true
game/ai/interfaces/controllable.py,IControllable.is_alive,true,false,true
game/ai/interfaces/controllable.py,IControllable.get_weapon_range,true,false,true
game/ai/interfaces/controllable.py,IControllable.set_trigger_pulled,true,false,true
game/ai/interfaces/controllable.py,IControllable.get_current_target,true,false,true
game/ai/interfaces/controllable.py,IControllable.set_current_target,true,false,true
game/ai/interfaces/controllable.py,IControllable.get_max_targets,true,false,true
game/ai/interfaces/controllable.py,IControllable.get_secondary_targets,true,false,true
game/ai/interfaces/controllable.py,IControllable.set_secondary_targets,true,false,true
game/ai/interfaces/controllable.py,IControllable.get_components_by_ability,true,false,true
game/ai/interfaces/controllable.py,IControllable.get_layers,true,false,true
game/ai/interfaces/controllable.py,IControllable.get_movement_policy,true,false,true
game/ai/interfaces/controllable.py,IControllable.get_targeting_policy,true,false,true
game/ai/interfaces/controllable.py,IControllable.get_vehicle_type,true,false,true
game/ai/interfaces/controllable.py,IControllable.get_all_components,true,false,true
game/ai/interfaces/controllable.py,ShipControllableAdapter.__init__,false,true,false
game/ai/interfaces/controllable.py,ShipControllableAdapter.ship,true,false,true
game/ai/interfaces/controllable.py,ShipControllableAdapter.get_position,true,false,true
game/ai/interfaces/controllable.py,ShipControllableAdapter.get_velocity,true,false,true
game/ai/interfaces/controllable.py,ShipControllableAdapter.get_rotation,true,false,true
game/ai/interfaces/controllable.py,ShipControllableAdapter.get_radius,true,false,true
game/ai/interfaces/controllable.py,ShipControllableAdapter.get_max_speed,true,false,true
game/ai/interfaces/controllable.py,ShipControllableAdapter.get_current_speed,true,false,true
game/ai/interfaces/controllable.py,ShipControllableAdapter.get_turn_speed,true,false,true
game/ai/interfaces/controllable.py,ShipControllableAdapter.get_acceleration_rate,true,false,true
game/ai/interfaces/controllable.py,ShipControllableAdapter.get_is_thrusting,true,false,true
game/ai/interfaces/controllable.py,ShipControllableAdapter.set_throttle,true,false,true
game/ai/interfaces/controllable.py,ShipControllableAdapter.set_turn_throttle,true,false,true
game/ai/interfaces/controllable.py,ShipControllableAdapter.get_turn_throttle,true,false,true
game/ai/interfaces/controllable.py,ShipControllableAdapter.rotate,true,false,true
game/ai/interfaces/controllable.py,ShipControllableAdapter.thrust_forward,true,false,true
game/ai/interfaces/controllable.py,ShipControllableAdapter.set_rotation,true,false,true
game/ai/interfaces/controllable.py,ShipControllableAdapter.adjust_position,true,false,true
game/ai/interfaces/controllable.py,ShipControllableAdapter.get_team_id,true,false,true
game/ai/interfaces/controllable.py,ShipControllableAdapter.is_alive,true,false,true
game/ai/interfaces/controllable.py,ShipControllableAdapter.get_weapon_range,true,false,true
game/ai/interfaces/controllable.py,ShipControllableAdapter.set_trigger_pulled,true,false,true
game/ai/interfaces/controllable.py,ShipControllableAdapter.get_current_target,true,false,true
game/ai/interfaces/controllable.py,ShipControllableAdapter.set_current_target,true,false,true
game/ai/interfaces/controllable.py,ShipControllableAdapter.get_max_targets,true,false,true
game/ai/interfaces/controllable.py,ShipControllableAdapter.get_secondary_targets,true,false,true
game/ai/interfaces/controllable.py,ShipControllableAdapter.set_secondary_targets,true,false,true
game/ai/interfaces/controllable.py,ShipControllableAdapter.get_components_by_ability,true,false,true
game/ai/interfaces/controllable.py,ShipControllableAdapter.get_layers,true,false,true
game/ai/interfaces/controllable.py,ShipControllableAdapter.get_movement_policy,true,false,true
game/ai/interfaces/controllable.py,ShipControllableAdapter.get_targeting_policy,true,false,true
game/ai/interfaces/controllable.py,ShipControllableAdapter.get_vehicle_type,true,false,true
game/ai/interfaces/controllable.py,ShipControllableAdapter.get_all_components,true,false,true
game/ai/policy_manager.py,get_default_policy_manager,true,false,true
game/ai/policy_manager.py,PolicyManager.__init__,false,true,false
game/ai/policy_manager.py,PolicyManager.clear,false,false,true
game/ai/policy_manager.py,PolicyManager.ensure_loaded,false,false,true
game/ai/policy_manager.py,PolicyManager.load_data,true,false,true
game/ai/policy_manager.py,PolicyManager.get_targeting_policy,true,false,true
game/ai/policy_manager.py,PolicyManager.get_movement_policy,true,false,true
game/ai/protocols.py,IGridEntity.position,true,false,true
game/ai/protocols.py,IGridEntity.is_alive,true,false,true
game/ai/protocols.py,IGridEntity.team_id,true,false,true
game/ai/protocols.py,IGridEntity.radius,true,false,true
game/ai/protocols.py,IProjectile.type,true,false,true
game/ai/protocols.py,IComponentHealth.current_hp,true,false,true
game/ai/protocols.py,IComponentHealth.max_hp,true,false,true
game/ai/protocols.py,is_grid_entity,true,false,true
game/ai/protocols.py,is_projectile,true,false,true
game/ai/protocols.py,is_component_health,true,false,true
game/ai/spatial_behaviors/__init__.py,create_spatial_behavior,true,false,true
game/ai/spatial_behaviors/base.py,SpatialBehavior.compute_target_position,true,false,true
game/ai/spatial_behaviors/base.py,apply_separation,true,false,true
game/ai/spatial_behaviors/battle_line.py,BattleLineBehavior.__init__,false,true,false
game/ai/spatial_behaviors/battle_line.py,BattleLineBehavior.compute_target_position,true,false,true
game/ai/spatial_behaviors/column.py,ColumnBehavior.__init__,false,true,false
game/ai/spatial_behaviors/column.py,ColumnBehavior.compute_target_position,true,false,true
game/ai/spatial_behaviors/escort.py,EscortBehavior.__init__,false,true,false
game/ai/spatial_behaviors/escort.py,EscortBehavior.compute_target_position,true,false,true
game/ai/spatial_behaviors/free_maneuver.py,FreeManeuverBehavior.compute_target_position,true,false,true
game/ai/spatial_behaviors/patrol_zone.py,PatrolZoneBehavior.__init__,false,true,false
game/ai/spatial_behaviors/patrol_zone.py,PatrolZoneBehavior.compute_target_position,true,false,true
game/ai/spatial_behaviors/screen.py,ScreenBehavior.__init__,false,true,false
game/ai/spatial_behaviors/screen.py,ScreenBehavior.compute_target_position,true,false,true
game/ai/target_evaluator.py,TargetEvaluator._eval_distance_rule,false,false,false
game/ai/target_evaluator.py,TargetEvaluator._eval_mass_rule,false,false,false
game/ai/target_evaluator.py,TargetEvaluator._eval_speed_rule,false,false,false
game/ai/target_evaluator.py,TargetEvaluator._eval_damage_rule,false,false,false
game/ai/target_evaluator.py,TargetEvaluator._eval_has_weapons_rule,false,false,false
game/ai/target_evaluator.py,TargetEvaluator._eval_least_armor_rule,false,false,false
game/ai/target_evaluator.py,TargetEvaluator._eval_pdc_arc_rule,false,false,false
game/ai/target_evaluator.py,TargetEvaluator._eval_capability_rule,false,false,false
game/ai/target_evaluator.py,TargetEvaluator.evaluate,true,false,true
game/app.py,configure_logging,false,false,true
game/app.py,parse_args,false,false,true
game/app.py,Game.__init__,false,true,false
game/app.py,Game._get_menu_button_config,false,false,false
game/app.py,Game.state,true,false,true
game/app.py,Game.state,true,false,true
game/app.py,Game._switch_scene,true,false,false
game/app.py,Game.start_builder,false,false,true
game/app.py,Game.on_builder_return,false,false,true
game/app.py,Game.start_battle_setup,false,false,true
game/app.py,Game.start_strategy_layer,false,false,true
game/app.py,Game._on_new_game_start,false,false,false
game/app.py,Game._on_new_game_cancel,false,false,false
game/app.py,Game._start_quickstart,false,false,false
game/app.py,Game.start_quickstart_1p,false,false,true
game/app.py,Game.start_quickstart_2p,false,false,true
game/app.py,Game.show_load_menu,false,false,true
game/app.py,Game._on_load_game,false,false,false
game/app.py,Game._on_load_cancel,false,false,false
game/app.py,Game.start_test_lab,false,false,true
game/app.py,Game.start_research_tree,false,false,true
game/app.py,Game.on_research_tree_return,false,false,true
game/app.py,Game.start_galaxy_test,false,false,true
game/app.py,Game.on_galaxy_test_return,false,false,true
game/app.py,Game.start_keybindings,false,false,true
game/app.py,Game.on_keybindings_return,false,false,true
game/app.py,Game.start_race_setup,false,false,true
game/app.py,Game._on_race_setup_complete,false,false,false
game/app.py,Game._on_race_setup_cancel,false,false,false
game/app.py,Game.start_battle,false,false,true
game/app.py,Game.run,false,false,true
game/app.py,Game._handle_exit_dialog_events,false,false,false
game/app.py,Game._handle_normal_events,false,false,false
game/app.py,Game._forward_event_to_scene,false,false,false
game/app.py,Game._handle_resize,false,false,false
game/app.py,Game._handle_battle_action,false,false,false
game/app.py,Game._return_to,false,false,false
game/app.py,Game._handle_strategy_action,false,false,false
game/app.py,Game._create_workshop_context,false,false,false
game/app.py,Game._handle_test_lab_action,false,false,false
game/app.py,Game._update_and_draw,false,false,false
game/app.py,Game._handle_battle_setup_action,false,false,false
game/app.py,main,false,false,true
game/assets/asset_manager.py,AssetManager.__init__,false,true,false
game/assets/asset_manager.py,AssetManager._load_star_metadata,false,false,false
game/assets/asset_manager.py,AssetManager.clear,false,false,true
game/assets/asset_manager.py,AssetManager.load_manifest,false,false,true
game/assets/asset_manager.py,AssetManager.load_image,false,false,true
game/assets/asset_manager.py,AssetManager.load_group,false,false,true
game/assets/asset_manager.py,AssetManager.get_random_from_group,false,false,true
game/assets/asset_manager.py,AssetManager.load_star_image,true,false,true
game/assets/asset_manager.py,AssetManager.get_star_core_info,true,false,true
game/assets/asset_manager.py,AssetManager.get_star_asset_key_for_type,true,false,true
game/assets/asset_manager.py,AssetManager.load_external_image,false,false,true
game/assets/asset_manager.py,AssetManager._get_planet_folder_for_size,true,false,false
game/assets/asset_manager.py,AssetManager._get_star_folder_for_size,true,false,false
game/assets/asset_manager.py,AssetManager.load_planet_image,true,false,true
game/assets/asset_manager.py,AssetManager._load_image,false,false,false
game/assets/asset_manager.py,AssetManager.get_missing_texture,false,false,true
game/assets/asset_manager.py,get_default_asset_manager,true,false,true
game/assets/asset_manager.py,set_default_asset_manager,true,false,true
game/assets/asset_manager.py,get_asset_manager,true,false,true
game/context.py,ApplicationContext.__init__,false,true,false
game/context.py,ApplicationContext.create_production,true,false,true
game/context.py,ApplicationContext.create_test,true,false,true
game/core/component_state.py,component_state_key,true,false,true
game/core/component_state.py,ComponentState.__post_init__,true,true,false
game/core/component_state.py,ComponentState.is_damaged,true,false,true
game/core/component_state.py,ComponentState.to_dict,true,false,true
game/core/component_state.py,ComponentState.from_dict,true,false,true
game/core/config.py,DisplayConfig.default_resolution,true,false,true
game/core/config.py,DisplayConfig.windowed_resolution,true,false,true
game/core/config.py,DisplayConfig.test_resolution,true,false,true
game/core/event_logging.py,EventBus.__init__,false,true,false
game/core/event_logging.py,EventBus.set_handler,true,false,true
game/core/event_logging.py,EventBus.log_event,true,false,true
game/core/event_logging.py,set_event_handler,true,false,true
game/core/event_logging.py,get_event_handler,true,false,true
game/core/event_logging.py,log_event,true,false,true
game/core/exceptions.py,GameException.__init__,false,true,false
game/core/formula_evaluator.py,_parse_formula,true,false,false
game/core/formula_evaluator.py,_eval_node,true,false,false
game/core/formula_evaluator.py,FormulaEvaluator.evaluate,true,false,true
game/core/formula_evaluator.py,FormulaEvaluator.validate,true,false,true
game/core/formula_evaluator.py,FormulaEvaluator.safe_evaluate,true,false,true
game/core/hex_math.py,HexCoord.__init__,true,true,false
game/core/hex_math.py,HexCoord.cube,true,false,true
game/core/hex_math.py,HexCoord.__eq__,true,true,false
game/core/hex_math.py,HexCoord.__hash__,true,true,false
game/core/hex_math.py,HexCoord.__repr__,true,true,false
game/core/hex_math.py,HexCoord.__add__,true,true,false
game/core/hex_math.py,HexCoord.__sub__,true,true,false
game/core/hex_math.py,HexCoord.neighbors,true,false,true
game/core/hex_math.py,hex_distance,true,false,true
game/core/hex_math.py,hex_to_pixel,true,false,true
game/core/hex_math.py,hex_axial_to_cartesian,true,false,true
game/core/hex_math.py,pixel_to_hex,true,false,true
game/core/hex_math.py,_hex_round,true,false,false
game/core/hex_math.py,hex_ring,true,false,true
game/core/hex_math.py,hex_circle_filled,true,false,true
game/core/hex_math.py,hex_lerp,true,false,true
game/core/hex_math.py,hex_linedraw,true,false,true
game/core/hex_math.py,hex_to_dict,true,false,true
game/core/hex_math.py,hex_from_dict,true,false,true
game/core/hex_math.py,hex_from_dict_safe,true,false,true
game/core/hex_math.py,hex_random_cluster,true,false,true
game/core/input_actions.py,KeyBinding.display_text,true,false,true
game/core/input_actions.py,KeyBinding._key_display_name,true,false,false
game/core/input_actions.py,KeyBinding.from_dict,true,false,true
game/core/input_actions.py,KeyBinding.to_dict,true,false,true
game/core/json_utils.py,register_serializable,false,false,true
game/core/json_utils.py,decorator,false,false,true
game/core/json_utils.py,get_serializable_registry,true,false,true
game/core/json_utils.py,load_json,true,false,true
game/core/json_utils.py,load_json_required,true,false,true
game/core/json_utils.py,save_json,true,false,true
game/core/json_utils.py,deserialize_list,true,false,true
game/core/math.py,Vector2.__init__,false,true,false
game/core/math.py,Vector2.__add__,true,true,false
game/core/math.py,Vector2.__radd__,true,true,false
game/core/math.py,Vector2.__sub__,true,true,false
game/core/math.py,Vector2.__rsub__,true,true,false
game/core/math.py,Vector2.__mul__,true,true,false
game/core/math.py,Vector2.__rmul__,true,true,false
game/core/math.py,Vector2.__truediv__,true,true,false
game/core/math.py,Vector2.__neg__,true,true,false
game/core/math.py,Vector2.__eq__,true,true,false
game/core/math.py,Vector2.__repr__,true,true,false
game/core/math.py,Vector2.__iter__,false,true,false
game/core/math.py,Vector2.__getitem__,true,true,false
game/core/math.py,Vector2.__len__,true,true,false
game/core/math.py,Vector2.length,true,false,true
game/core/math.py,Vector2.length_squared,true,false,true
game/core/math.py,Vector2.normalize,true,false,true
game/core/math.py,Vector2.normalize_ip,true,false,true
game/core/math.py,Vector2.dot,true,false,true
game/core/math.py,Vector2.distance_to,true,false,true
game/core/math.py,Vector2.distance_squared_to,true,false,true
game/core/math.py,Vector2.rotate,true,false,true
game/core/math.py,Vector2.angle_to,true,false,true
game/core/math.py,Vector2.copy,true,false,true
game/core/math.py,Vector2.as_tuple,true,false,true
game/core/math.py,Vector2.as_int_tuple,true,false,true
game/core/math.py,clamp,true,false,true
game/core/math.py,lerp,true,false,true
game/core/math.py,angle_from_vector,true,false,true
game/core/math.py,normalize_angle,true,false,true
game/core/math.py,signed_angle_between,true,false,true
game/core/math.py,angle_diff,true,false,true
game/core/paths.py,_find_project_root,true,false,false
game/core/paths.py,Paths.get_root,true,false,true
game/core/paths.py,Paths.get_data_dir,true,false,true
game/core/paths.py,Paths.get_assets_dir,true,false,true
game/core/paths.py,Paths.get_output_dir,true,false,true
game/core/paths.py,Paths.get_ships_dir,true,false,true
game/core/paths.py,Paths.get_saves_dir,true,false,true
game/core/paths.py,Paths.get_logs_dir,true,false,true
game/core/paths.py,Paths.get_planets_v3_dir,true,false,true
game/core/paths.py,Paths.get_stars_dir,true,false,true
game/core/paths.py,Paths.get_starter_designs_dir,true,false,true
game/core/paths.py,Paths.get_starter_races_dir,true,false,true
game/core/patterns/layer_iterator.py,get_component_id,true,false,true
game/core/patterns/layer_iterator.py,iter_components,true,false,true
game/core/patterns/layer_iterator.py,iter_layers_and_components,true,false,true
game/core/patterns/layer_iterator.py,iter_components_with_ids,true,false,true
game/core/patterns/layer_iterator.py,generate_component_key,true,false,true
game/core/patterns/layer_iterator.py,iter_keyed_components,true,false,true
game/core/profiling.py,get_default_profiler,true,false,true
game/core/profiling.py,set_default_profiler,true,false,true
game/core/profiling.py,Profiler.__init__,false,true,false
game/core/profiling.py,Profiler.clear,false,false,true
game/core/profiling.py,Profiler.start,false,false,true
game/core/profiling.py,Profiler.stop,false,false,true
game/core/profiling.py,Profiler.toggle,false,false,true
game/core/profiling.py,Profiler.is_active,false,false,true
game/core/profiling.py,Profiler.record,false,false,true
game/core/profiling.py,Profiler.save_history,false,false,true
game/core/profiling.py,profile_action,false,false,true
game/core/profiling.py,decorator,false,false,true
game/core/profiling.py,wrapper,false,false,true
game/core/profiling.py,profile_block,false,false,true
game/core/protocols.py,IRegistryProvider.get_components,true,false,true
game/core/protocols.py,IRegistryProvider.get_modifiers,true,false,true
game/core/protocols.py,IRegistryProvider.get_vehicle_classes,true,false,true
game/core/protocols.py,IRegistryProvider.get_resources,true,false,true
game/core/protocols.py,ILocatable.location,true,false,true
game/core/protocols.py,INamed.name,true,false,true
game/core/protocols.py,IOwnable.owner_id,true,false,true
game/core/protocols.py,IStarSystem.stars,true,false,true
game/core/protocols.py,IStarSystem.planets,true,false,true
game/core/protocols.py,IStarSystem.warp_points,true,false,true
game/core/protocols.py,IStarSystem.global_location,true,false,true
game/core/protocols.py,IStarSystem.name,true,false,true
game/core/protocols.py,IStarSystem.storms,true,false,true
game/core/protocols.py,IStar.color,true,false,true
game/core/protocols.py,IStar.mass,true,false,true
game/core/protocols.py,IStar.temperature,true,false,true
game/core/protocols.py,IStar.luminosity,true,false,true
game/core/protocols.py,IStar.star_type,true,false,true
game/core/protocols.py,IStar.name,true,false,true
game/core/protocols.py,IPlanet.planet_type,true,false,true
game/core/protocols.py,IPlanet.deposits,true,false,true
game/core/protocols.py,IPlanet.stockpile,true,false,true
game/core/protocols.py,IPlanet.max_stockpile,true,false,true
game/core/protocols.py,IPlanet.owner_id,true,false,true
game/core/protocols.py,IPlanet.name,true,false,true
game/core/protocols.py,IPlanet.location,true,false,true
game/core/protocols.py,IPlanet.id,true,false,true
game/core/protocols.py,IPlanet.populations,true,false,true
game/core/protocols.py,IPlanet.max_population,true,false,true
game/core/protocols.py,IPlanet.facilities,true,false,true
game/core/protocols.py,IPlanet.atmosphere,true,false,true
game/core/protocols.py,IPlanet.surface_gravity,true,false,true
game/core/protocols.py,IPlanet.surface_temperature,true,false,true
game/core/protocols.py,IPlanet.orbit_distance,true,false,true
game/core/protocols.py,IPlanet.radius_hexes,true,false,true
game/core/protocols.py,IPlanet.image_id,true,false,true
game/core/protocols.py,IPlanet.image_rotation,true,false,true
game/core/protocols.py,IPlanet.energy,true,false,true
game/core/protocols.py,IPlanet.energy_capacity,true,false,true
game/core/protocols.py,IOrderable.orders,true,false,true
game/core/protocols.py,IOrderable.get_current_order,true,false,true
game/core/protocols.py,IOrderable.add_order,true,false,true
game/core/protocols.py,IOrderable.pop_order,true,false,true
game/core/protocols.py,IOrderable.clear_orders,true,false,true
game/core/protocols.py,IZoneOccupant.occupied_hexes,true,false,true
game/core/protocols.py,IFleet.ships,true,false,true
game/core/protocols.py,IFleet.orders,true,false,true
game/core/protocols.py,IFleet.location,true,false,true
game/core/protocols.py,IFleet.owner_id,true,false,true
game/core/protocols.py,IFleet.id,true,false,true
game/core/protocols.py,IFleet.speed,true,false,true
game/core/protocols.py,IFleet.path,true,false,true
game/core/protocols.py,IFleet.construction_queue,true,false,true
game/core/protocols.py,IFleet.name,true,false,true
game/core/protocols.py,IFleet.is_building,true,false,true
game/core/protocols.py,IFleet.capabilities,true,false,true
game/core/protocols.py,IFleet.resources,true,false,true
game/core/protocols.py,IFleet.battle,true,false,true
game/core/protocols.py,IWarpPoint.destination_id,true,false,true
game/core/protocols.py,IWarpPoint.location,true,false,true
game/core/protocols.py,ISectorEnvironment.local_hex,true,false,true
game/core/protocols.py,ISectorEnvironment.system,true,false,true
game/core/protocols.py,ISectorEnvironment.calculate_radiation,true,false,true
game/core/protocols.py,IStorm.name,true,false,true
game/core/protocols.py,IStorm.storm_type,true,false,true
game/core/protocols.py,IStorm.effects,true,false,true
game/core/protocols.py,IStorm.occupied_hexes,true,false,true
game/core/protocols.py,IEmpire.id,true,false,true
game/core/protocols.py,IEmpire.name,true,false,true
game/core/protocols.py,IEmpire.color,true,false,true
game/core/protocols.py,IEmpire.flag_id,true,false,true
game/core/protocols.py,IEmpire.portrait_id,true,false,true
game/core/protocols.py,IEmpire.empire_theme_id,true,false,true
game/core/protocols.py,IEmpire.race_config,true,false,true
game/core/protocols.py,IEmpire.colonies,true,false,true
game/core/protocols.py,IEmpire.fleets,true,false,true
game/core/protocols.py,IEmpire.resource_pool,true,false,true
game/core/protocols.py,IEmpire.max_storage,true,false,true
game/core/protocols.py,IEmpire.built_ship_designs,true,false,true
game/core/protocols.py,IFacility.instance_id,true,false,true
game/core/protocols.py,IFacility.design_id,true,false,true
game/core/protocols.py,IFacility.name,true,false,true
game/core/protocols.py,IFacility.design_data,true,false,true
game/core/protocols.py,IFacility.is_operational,true,false,true
game/core/protocols.py,IFacility.construction_queue,true,false,true
game/core/protocols.py,IFacility.consumable_levels,true,false,true
game/core/protocols.py,IRaceRegistry.get_race,true,false,true
game/core/protocols.py,IShipInstance.design_id,true,false,true
game/core/protocols.py,IShipInstance.design_name,true,false,true
game/core/protocols.py,IShipInstance.design_data,true,false,true
game/core/protocols.py,IShipInstance.hull_class,true,false,true
game/core/protocols.py,IShipInstance.cargo_contents,true,false,true
game/core/protocols.py,IShipInstance.ship_name,true,false,true
game/core/protocols.py,IShipInstance.serial_number,true,false,true
game/core/protocols.py,IShipInstance.get_calculated_stats,true,false,true
game/core/protocols.py,ICombatant.team_id,true,false,true
game/core/protocols.py,ICombatant.is_alive,true,false,true
game/core/protocols.py,ICombatant.position,true,false,true
game/core/protocols.py,IDamageable.current_hp,true,false,true
game/core/protocols.py,IDamageable.max_hp,true,false,true
game/core/protocols.py,IDamageable.is_derelict,true,false,true
game/core/protocols.py,ICombatShip.name,true,false,true
game/core/protocols.py,ICombatShip.team_id,true,false,true
game/core/protocols.py,ICombatShip.is_alive,true,false,true
game/core/protocols.py,ICombatShip.is_derelict,true,false,true
game/core/protocols.py,ICombatShip.hp,true,false,true
game/core/protocols.py,ICombatShip.max_hp,true,false,true
game/core/protocols.py,ICombatShip.position,true,false,true
game/core/protocols.py,ICombatShip.layers,true,false,true
game/core/protocols.py,ICombatShip.resources,true,false,true
game/core/protocols.py,ICombatShip.current_target,true,false,true
game/core/protocols.py,ICombatShip.secondary_targets,true,false,true
game/core/protocols.py,ICombatShip.max_targets,true,false,true
game/core/protocols.py,ICombatShip.total_defense_score,true,false,true
game/core/protocols.py,ICombatShip.get_total_sensor_score,true,false,true
game/core/protocols.py,_has_attrs,true,false,false
game/core/protocols.py,is_star_system,true,false,true
game/core/protocols.py,is_star,true,false,true
game/core/protocols.py,is_planet,true,false,true
game/core/protocols.py,is_fleet,true,false,true
game/core/protocols.py,is_warp_point,true,false,true
game/core/protocols.py,is_sector_environment,true,false,true
game/core/protocols.py,is_storm,true,false,true
game/core/protocols.py,is_zone_occupant,true,false,true
game/core/protocols.py,is_combatant,true,false,true
game/core/protocols.py,is_empire,true,false,true
game/core/protocols.py,is_facility,true,false,true
game/core/protocols.py,is_ship_instance,true,false,true
game/core/protocols.py,is_combat_ship,true,false,true
game/core/protocols.py,IScene.handle_event,true,false,true
game/core/protocols.py,IScene.update,true,false,true
game/core/protocols.py,IScene.draw,true,false,true
game/core/protocols.py,IScene.handle_resize,true,false,true
game/core/protocols.py,IResourceReader.get_value,true,false,true
game/core/protocols.py,IResourceReader.get_max_value,true,false,true
game/core/protocols.py,IResourceReader.get_resource_names,true,false,true
game/core/protocols.py,IPostBattleShip.instance_id,true,false,true
game/core/protocols.py,IPostBattleShip.name,true,false,true
game/core/protocols.py,IPostBattleShip.hp,true,false,true
game/core/protocols.py,IPostBattleShip.max_hp,true,false,true
game/core/protocols.py,IPostBattleShip.is_alive,true,false,true
game/core/protocols.py,IPostBattleShip.is_derelict,true,false,true
game/core/protocols.py,IPostBattleShip.layers,true,false,true
game/core/protocols.py,IPostBattleShip.resources,true,false,true
game/core/protocols.py,is_post_battle_ship,true,false,true
game/core/protocols.py,is_resource_reader,true,false,true
game/core/protocols.py,IResourceHolder.resources,true,false,true
game/core/protocols.py,IResourceHolder.hp,true,false,true
game/core/protocols.py,IResourceHolder.max_hp,true,false,true
game/core/protocols.py,IResourceHolder.is_alive,true,false,true
game/core/protocols.py,IResourceHolder.is_derelict,true,false,true
game/core/protocols.py,IResourceHolder.layers,true,false,true
game/core/protocols.py,is_resource_holder,true,false,true
game/core/protocols.py,ICamera.width,true,false,true
game/core/protocols.py,ICamera.height,true,false,true
game/core/protocols.py,ICamera.zoom,true,false,true
game/core/protocols.py,ICamera.position,true,false,true
game/core/protocols.py,ICamera.world_to_screen,true,false,true
game/core/protocols.py,ICamera.screen_to_world,true,false,true
game/core/protocols.py,ICamera.update,true,false,true
game/core/protocols.py,ICamera.update_input,true,false,true
game/core/protocols.py,is_camera,true,false,true
game/core/protocols.py,ISerializable.to_dict,true,false,true
game/core/protocols.py,ISerializable.from_dict,true,false,true
game/core/registry.py,GameRegistries.__post_init__,false,true,false
game/core/registry.py,GameRegistries.get_components,true,false,true
game/core/registry.py,GameRegistries.get_modifiers,true,false,true
game/core/registry.py,GameRegistries.get_vehicle_classes,true,false,true
game/core/registry.py,GameRegistries.get_resources,true,false,true
game/core/registry.py,GameRegistries.get_resource_catalog,true,false,true
game/core/registry.py,RegistryManager.__init__,false,true,false
game/core/registry.py,RegistryManager.freeze,false,false,true
game/core/registry.py,RegistryManager.unfreeze,false,false,true
game/core/registry.py,RegistryManager.unfrozen,false,false,true
game/core/registry.py,RegistryManager.hydrate,false,false,true
game/core/registry.py,RegistryManager.clear,false,false,true
game/core/registry.py,RegistryManager.get_validator,true,false,true
game/core/registry.py,RegistryManager.set_validator,true,false,true
game/core/registry.py,RegistryManager._check_frozen,true,false,false
game/core/registry.py,set_default_registry_manager,true,false,true
game/core/registry.py,get_default_registry_manager,true,false,true
game/core/registry.py,freeze_registry,true,false,true
game/core/registry.py,set_validator,true,false,true
game/core/registry.py,get_validator,false,false,true
game/core/registry.py,clear_registry,true,false,true
game/core/registry.py,DefaultRegistryProvider.get_components,true,false,true
game/core/registry.py,DefaultRegistryProvider.get_modifiers,true,false,true
game/core/registry.py,DefaultRegistryProvider.get_vehicle_classes,true,false,true
game/core/registry.py,DefaultRegistryProvider.get_resources,true,false,true
game/core/registry.py,DefaultRegistryProvider.get_resource_catalog,true,false,true
game/core/registry.py,TestRegistryProvider.__init__,false,true,false
game/core/registry.py,TestRegistryProvider.get_components,true,false,true
game/core/registry.py,TestRegistryProvider.get_modifiers,true,false,true
game/core/registry.py,TestRegistryProvider.get_vehicle_classes,true,false,true
game/core/registry.py,TestRegistryProvider.get_resources,true,false,true
game/core/registry.py,TestRegistryProvider.get_resource_catalog,true,false,true
game/core/registry.py,get_default_registry_provider,true,false,true
game/core/resources.py,ResourceCatalog.__init__,false,true,false
game/core/resources.py,ResourceCatalog.from_json,true,false,true
game/core/resources.py,ResourceCatalog.from_data,true,false,true
game/core/resources.py,ResourceCatalog.get,true,false,true
game/core/resources.py,ResourceCatalog.has,true,false,true
game/core/resources.py,ResourceCatalog.all_ids,true,false,true
game/core/resources.py,ResourceCatalog.all_definitions,true,false,true
game/core/resources.py,ResourceCatalog.by_display_group,true,false,true
game/core/resources.py,_resolve_resource_path,true,false,false
game/core/roles.py,RoleRegistry.__init__,false,true,false
game/core/roles.py,RoleRegistry.__contains__,true,true,false
game/core/roles.py,RoleRegistry.get,true,false,true
game/core/roles.py,RoleRegistry.all,true,false,true
game/core/roles.py,RoleRegistry.get_roles_for_vehicle_type,true,false,true
game/core/roles.py,RoleRegistry.load_from_file,true,false,true
game/core/roles.py,RoleRegistry.load_from_file_optional,true,false,true
game/core/roles.py,RoleRegistry.add_user_role,true,false,true
game/core/roles.py,RoleRegistry.register_invalidation_callback,true,false,true
game/core/roles.py,RoleRegistry._role_from_dict,true,false,false
game/core/roles.py,RoleRegistry._fire_invalidation_callbacks,true,false,false
game/core/state_machine.py,ScreenStateMachine.__init__,false,true,false
game/core/state_machine.py,ScreenStateMachine.state,true,false,true
game/core/state_machine.py,ScreenStateMachine.can_transition,true,false,true
game/core/state_machine.py,ScreenStateMachine.transition,true,false,true
game/core/state_machine.py,ScreenStateMachine.push_and_transition,true,false,true
game/core/state_machine.py,ScreenStateMachine.pop_and_return,true,false,true
game/core/string_utils.py,display_name,true,false,true
game/core/string_utils.py,slugify,true,false,true
game/core/validation.py,IValidationRule.validate,true,false,true
game/core/validation.py,ValidationResult.__post_init__,false,true,false
game/core/validation.py,ValidationResult.message,true,false,true
game/core/validation.py,ValidationResult.first_error,true,false,true
game/core/validation.py,ValidationResult.add_error,true,false,true
game/core/validation.py,ValidationResult.add_warning,true,false,true
game/core/validation.py,ValidationResult.merge,true,false,true
game/core/validation.py,ValidationResult.success,true,false,true
game/core/validation.py,ValidationResult.error,true,false,true
game/core/validation.py,ValidationResult.with_errors,true,false,true
game/core/validation_helpers.py,require_keys,true,false,true
game/core/validation_helpers.py,validate_enum,true,false,true
game/core/validation_helpers.py,validate_positive,true,false,true
game/core/validation_helpers.py,validate_non_negative,true,false,true
game/core/validation_helpers.py,validate_range,true,false,true
game/core/validation_helpers.py,safe_from_dict,true,false,true
game/engine/collision.py,CollisionSystem.__init__,false,true,false
game/engine/collision.py,CollisionSystem.process_beam_attack,true,false,true
game/engine/collision.py,CollisionSystem.process_ramming,true,false,true
game/engine/physics.py,PhysicsBody.__init__,false,true,false
game/engine/physics.py,PhysicsBody.x,false,false,true
game/engine/physics.py,PhysicsBody.x,false,false,true
game/engine/physics.py,PhysicsBody.y,false,false,true
game/engine/physics.py,PhysicsBody.y,false,false,true
game/engine/physics.py,PhysicsBody.update,false,false,true
game/engine/physics.py,PhysicsBody.apply_force,false,false,true
game/engine/physics.py,PhysicsBody.forward_vector,false,false,true
game/engine/spatial.py,SpatialGrid.__init__,true,true,false
game/engine/spatial.py,SpatialGrid.clear,true,false,true
game/engine/spatial.py,SpatialGrid._get_cell,true,false,false
game/engine/spatial.py,SpatialGrid.insert,true,false,true
game/engine/spatial.py,SpatialGrid.query_radius,true,false,true
game/engine/spatial.py,SpatialGrid.query_radius_exact,true,false,true
game/exit_dialog.py,draw_exit_dialog,false,false,true
game/exit_dialog.py,handle_exit_dialog_click,false,false,true
game/exit_dialog.py,handle_exit_dialog_cancel,false,false,true
game/research/data/research_tracker.py,NodeState.to_dict,true,false,true
game/research/data/research_tracker.py,NodeState.from_dict,true,false,true
game/research/data/research_tracker.py,ResearchTracker.__init__,false,true,false
game/research/data/research_tracker.py,ResearchTracker.get_state,true,false,true
game/research/data/research_tracker.py,ResearchTracker.get_all_tech_levels,true,false,true
game/research/data/research_tracker.py,ResearchTracker.get_total_allocated,true,false,true
game/research/data/research_tracker.py,ResearchTracker.get_remaining_rp,true,false,true
game/research/data/research_tracker.py,ResearchTracker.set_allocation,true,false,true
game/research/data/research_tracker.py,ResearchTracker.clear_allocation,true,false,true
game/research/data/research_tracker.py,ResearchTracker.clear_all_allocations,true,false,true
game/research/data/research_tracker.py,ResearchTracker.spread_rp_evenly,true,false,true
game/research/data/research_tracker.py,ResearchTracker.set_rp_budget,true,false,true
game/research/data/research_tracker.py,ResearchTracker._clamp_allocations_to_budget,true,false,false
game/research/data/research_tracker.py,ResearchTracker.increment_turn,true,false,true
game/research/data/research_tracker.py,ResearchTracker.set_turn_log,true,false,true
game/research/data/research_tracker.py,ResearchTracker.get_nodes_with_allocation,true,false,true
game/research/data/research_tracker.py,ResearchTracker.to_dict,true,false,true
game/research/data/research_tracker.py,ResearchTracker.from_dict,true,false,true
game/research/data/research_tracker.py,ResearchTracker.reset,true,false,true
game/research/data/tech_node.py,TechRequirement.resolve,true,false,true
game/research/data/tech_node.py,TechRequirement.is_met,true,false,true
game/research/data/tech_node.py,TechRequirement.get_required_level,true,false,true
game/research/data/tech_node.py,TechNode.resolve_requirements,true,false,true
game/research/data/tech_node.py,TechNode.get_status,true,false,true
game/research/data/tech_node.py,TechNode.get_effective_price,true,false,true
game/research/data/tech_node.py,TechNode.get_prerequisite_node_ids,true,false,true
game/research/data/tech_tree.py,TechTree.__init__,false,true,false
game/research/data/tech_tree.py,TechTree.load_from_json,true,false,true
game/research/data/tech_tree.py,TechTree.resolve_all_requirements,true,false,true
game/research/data/tech_tree.py,TechTree.calculate_depth,true,false,true
game/research/data/tech_tree.py,TechTree.get_nodes_at_depth,true,false,true
game/research/data/tech_tree.py,TechTree.get_max_depth,true,false,true
game/research/data/tech_tree.py,TechTree.get_node,true,false,true
game/research/data/tech_tree.py,TechTree.get_all_node_ids,true,false,true
game/research/data/tech_tree.py,TechTree.validate_requirements,true,false,true
game/research/data/tech_tree.py,TechTree.detect_cycles,true,false,true
game/research/data/tech_tree.py,TechTree.dfs,true,false,true
game/research/data/tech_tree.py,TechTree.validate,true,false,true
game/research/systems/research_service.py,ResearchService.process_turn,true,false,true
game/research/systems/research_service.py,ResearchService.calculate_added_chance,true,false,true
game/research/systems/research_service.py,ResearchService.estimate_turns_to_breakthrough,true,false,true
game/services/llm/background.py,LLMBackgroundCall.__init__,true,true,false
game/services/llm/background.py,LLMBackgroundCall.start,true,false,true
game/services/llm/background.py,LLMBackgroundCall.cancel,true,false,true
game/services/llm/background.py,LLMBackgroundCall.status,true,false,true
game/services/llm/background.py,LLMBackgroundCall.result,true,false,true
game/services/llm/background.py,LLMBackgroundCall.error,true,false,true
game/services/llm/background.py,LLMBackgroundCall.elapsed_seconds,true,false,true
game/services/llm/background.py,LLMBackgroundCall._run,true,false,false
game/services/llm/background.py,shutdown_all_calls,true,false,true
game/services/llm/deepseek.py,DeepSeekProvider.__init__,true,true,false
game/services/llm/deepseek.py,DeepSeekProvider.__repr__,true,true,false
game/services/llm/deepseek.py,DeepSeekProvider.__str__,true,true,false
game/services/llm/deepseek.py,DeepSeekProvider.complete,true,false,true
game/services/llm/deepseek.py,DeepSeekProvider._read_api_key,true,false,false
game/services/llm/deepseek.py,DeepSeekProvider._build_body,true,false,false
game/services/llm/deepseek.py,DeepSeekProvider._build_headers,true,false,false
game/services/llm/deepseek.py,DeepSeekProvider._parse_response,true,false,false
game/services/llm/defaults.py,get_default_llm_provider,true,false,true
game/services/llm/defaults.py,set_default_llm_provider,true,false,true
game/services/llm/factory.py,register_provider,true,false,true
game/services/llm/factory.py,LLMProviderFactory.create,true,false,true
game/services/llm/provider.py,LLMProvider.complete,true,false,true
game/simulation/battle_config.py,_default_end_condition,true,false,false
game/simulation/battle_controller.py,BattleController.__init__,false,true,false
game/simulation/battle_controller.py,BattleController.configure,true,false,true
game/simulation/battle_controller.py,BattleController.add_ships,true,false,true
game/simulation/battle_controller.py,BattleController.add_ships_from_state,true,false,true
game/simulation/battle_controller.py,BattleController.start,true,false,true
game/simulation/battle_controller.py,BattleController.start_from_spec,true,false,true
game/simulation/battle_controller.py,BattleController.update,true,false,true
game/simulation/battle_controller.py,BattleController.set_spec,true,false,true
game/simulation/battle_controller.py,BattleController.get_outcome,true,false,true
game/simulation/battle_controller.py,BattleController._extract_outcome_on_battle_end,true,false,false
game/simulation/battle_controller.py,BattleController.run_ticks,true,false,true
game/simulation/battle_controller.py,BattleController.request_retreat,true,false,true
game/simulation/battle_controller.py,BattleController.cancel_retreat,true,false,true
game/simulation/battle_controller.py,BattleController.add_reinforcements,true,false,true
game/simulation/battle_controller.py,BattleController._update_retreats,true,false,false
game/simulation/battle_controller.py,BattleController.get_ship_by_id,true,false,true
game/simulation/battle_controller.py,BattleController._retreat_allowed,true,false,false
game/simulation/battle_controller.py,BattleController._reinforcements_allowed,true,false,false
game/simulation/battle_controller.py,BattleController.save_state,true,false,true
game/simulation/battle_controller.py,BattleController.load_state,true,false,true
game/simulation/battle_controller.py,BattleController._require_registries_for_state_restore,true,false,false
game/simulation/battle_controller.py,BattleController.is_battle_over,true,false,true
game/simulation/battle_controller.py,BattleController.get_winner,true,false,true
game/simulation/battle_controller.py,BattleController.get_all_ships,true,false,true
game/simulation/battle_controller.py,BattleController.get_alive_ships,true,false,true
game/simulation/battle_controller.py,BattleController.get_tick_count,true,false,true
game/simulation/battle_controller.py,BattleController.config,true,false,true
game/simulation/battle_controller.py,BattleController.service,true,false,true
game/simulation/battle_controller.py,BattleController.get_results,true,false,true
game/simulation/battle_controller.py,BattleController.set_on_ship_escaped,true,false,true
game/simulation/battle_controller.py,BattleController.reset,true,false,true
game/simulation/battle_runner.py,materialize_spec_ships,true,false,true
game/simulation/battle_runner.py,start_engine_from_spec,true,false,true
game/simulation/battle_runner.py,build_context_ship_builder,true,false,true
game/simulation/battle_runner.py,_build,true,false,false
game/simulation/battle_runner.py,run_battle,true,false,true
game/simulation/battle_runner.py,_attach_telemetry,false,false,false
game/simulation/battle_runner.py,extract_outcome,true,false,true
game/simulation/battle_runner.py,_build_ship_outcome,true,false,false
game/simulation/battle_runner.py,_apply_spec_components_to_ship,true,false,false
game/simulation/battle_runner.py,_extract_component_states,true,false,false
game/simulation/battle_runner.py,_extract_weapon_summaries,true,false,false
game/simulation/battle_runner.py,_derive_end_reason,true,false,false
game/simulation/battle_state.py,ComponentState.to_dict,true,false,true
game/simulation/battle_state.py,ComponentState.from_dict,true,false,true
game/simulation/battle_state.py,ComponentState.from_component,true,false,true
game/simulation/battle_state.py,ShipState.to_dict,true,false,true
game/simulation/battle_state.py,ShipState.from_dict,true,false,true
game/simulation/battle_state.py,ShipState.from_ship,true,false,true
game/simulation/battle_state.py,ShipState.to_ship,true,false,true
game/simulation/battle_state.py,ProjectileState.to_dict,true,false,true
game/simulation/battle_state.py,ProjectileState.from_dict,true,false,true
game/simulation/battle_state.py,ProjectileState.from_projectile,true,false,true
game/simulation/battle_state.py,ProjectileState.to_projectile,true,false,true
game/simulation/battle_state.py,BattleState.to_dict,true,false,true
game/simulation/battle_state.py,BattleState.to_json,true,false,true
game/simulation/battle_state.py,BattleState.from_dict,true,false,true
game/simulation/battle_state.py,BattleState.from_json,true,false,true
game/simulation/battle_state.py,BattleState.capture_from_engine,true,false,true
game/simulation/battle_state.py,BattleState.get_ships_by_team,true,false,true
game/simulation/battle_state.py,BattleState.get_alive_ships,true,false,true
game/simulation/battle_state.py,BattleState.get_surviving_ships,true,false,true
game/simulation/battle_state.py,BattleState.get_escaped_ships,true,false,true
game/simulation/battle_state.py,BattleState.get_destroyed_ships,true,false,true
game/simulation/battle_state.py,BattleResults.to_dict,true,false,true
game/simulation/battle_state.py,BattleResults.to_json,true,false,true
game/simulation/battle_state.py,BattleResults.from_dict,true,false,true
game/simulation/battle_state.py,BattleResults.get_team_survivors,true,false,true
game/simulation/battle_state.py,BattleResults.get_team_losses,true,false,true
game/simulation/combat/ability_stat_registry.py,_extract_value,true,false,false
game/simulation/combat/ability_stat_registry.py,_route_team_ids,true,false,false
game/simulation/combat/ability_stat_registry.py,emit_entries_for_ability,true,false,true
game/simulation/combat/boundary.py,BoundaryRegion.contains,true,false,true
game/simulation/combat/boundary.py,BoundaryRegion.closest_inside_point,true,false,true
game/simulation/combat/boundary.py,BoundaryRegion.closest_edge_point,true,false,true
game/simulation/combat/boundary.py,BoundaryRegion.distance_to_edge,true,false,true
game/simulation/combat/boundary.py,RectBoundary.contains,true,false,true
game/simulation/combat/boundary.py,RectBoundary.closest_inside_point,true,false,true
game/simulation/combat/boundary.py,RectBoundary.closest_edge_point,true,false,true
game/simulation/combat/boundary.py,RectBoundary.distance_to_edge,true,false,true
game/simulation/combat/boundary.py,CircleBoundary.contains,true,false,true
game/simulation/combat/boundary.py,CircleBoundary.closest_inside_point,true,false,true
game/simulation/combat/boundary.py,CircleBoundary.closest_edge_point,true,false,true
game/simulation/combat/boundary.py,CircleBoundary.distance_to_edge,true,false,true
game/simulation/combat/boundary.py,UnboundedRegion.contains,true,false,true
game/simulation/combat/boundary.py,UnboundedRegion.closest_inside_point,true,false,true
game/simulation/combat/boundary.py,UnboundedRegion.closest_edge_point,true,false,true
game/simulation/combat/boundary.py,UnboundedRegion.distance_to_edge,true,false,true
game/simulation/combat/combat_events.py,CombatEventBus.__init__,false,true,false
game/simulation/combat/combat_events.py,CombatEventBus.detail_level,true,false,true
game/simulation/combat/combat_events.py,CombatEventBus.detail_level,true,false,true
game/simulation/combat/combat_events.py,CombatEventBus.subscribe,true,false,true
game/simulation/combat/combat_events.py,CombatEventBus.unsubscribe,true,false,true
game/simulation/combat/combat_events.py,CombatEventBus.emit,true,false,true
game/simulation/combat/damage_calculator.py,DamageCalculator.__init__,false,true,false
game/simulation/combat/damage_calculator.py,DamageCalculator.apply_damage,true,false,true
game/simulation/combat/damage_calculator.py,DamageCalculator._absorb_shields,false,false,false
game/simulation/combat/damage_calculator.py,DamageCalculator._reduce_emissive_armor,false,false,false
game/simulation/combat/damage_calculator.py,DamageCalculator._absorb_regenerating_armor,false,false,false
game/simulation/combat/damage_calculator.py,DamageCalculator._distribute_hull_damage,false,false,false
game/simulation/combat/damage_calculator.py,DamageCalculator._finalize_damage,false,false,false
game/simulation/combat/damage_calculator.py,DamageCalculator._damage_layer,true,false,false
game/simulation/combat/fleet_aura_manager.py,FleetAuraManager.__init__,false,true,false
game/simulation/combat/fleet_aura_manager.py,FleetAuraManager.initialize,true,false,true
game/simulation/combat/fleet_aura_manager.py,FleetAuraManager._append_external_from_entry,true,false,false
game/simulation/combat/fleet_aura_manager.py,FleetAuraManager._log_placeholder_once,true,false,false
game/simulation/combat/fleet_aura_manager.py,FleetAuraManager._log_unknown_stat_key_once,true,false,false
game/simulation/combat/fleet_aura_manager.py,FleetAuraManager._scan_ship,true,false,false
game/simulation/combat/fleet_aura_manager.py,FleetAuraManager.register_ship,true,false,true
game/simulation/combat/fleet_aura_manager.py,FleetAuraManager.unregister_ship,true,false,true
game/simulation/combat/fleet_aura_manager.py,FleetAuraManager.invalidate_aura_cache,true,false,true
game/simulation/combat/fleet_aura_manager.py,FleetAuraManager.update,true,false,true
game/simulation/combat/fleet_aura_manager.py,FleetAuraManager._get_provider_fingerprint,true,false,false
game/simulation/combat/fleet_aura_manager.py,FleetAuraManager._recalculate,true,false,false
game/simulation/combat/fleet_aura_manager.py,FleetAuraManager._apply_bonuses,true,false,false
game/simulation/combat/fleet_aura_manager.py,FleetAuraManager.get_attack_bonus,true,false,true
game/simulation/combat/fleet_aura_manager.py,FleetAuraManager.get_defense_bonus,true,false,true
game/simulation/combat/fleet_aura_manager.py,FleetAuraManager.get_active_bonuses,true,false,true
game/simulation/combat/formation.py,FormationResolver.resolve,true,false,true
game/simulation/combat/formation.py,_compute_local_positions,true,false,false
game/simulation/combat/formation.py,_symmetric_y,true,false,false
game/simulation/combat/formation.py,resolve_default_for_task_force,true,false,true
game/simulation/combat/formation.py,resolve_team_entry_vectors,true,false,true
game/simulation/combat/modifier_stack.py,ModifierStack.empty,true,false,true
game/simulation/combat/targeting_system.py,TargetingSystem.solve_lead,true,false,true
game/simulation/combat/targeting_system.py,TargetingSystem.select_target,true,false,true
game/simulation/combat/targeting_system.py,TargetingSystem.find_valid_target,true,false,true
game/simulation/combat/targeting_system.py,TargetingSystem._get_pdc_valid_targets,true,false,false
game/simulation/combat/targeting_system.py,TargetingSystem._get_pdc_target_type,true,false,false
game/simulation/combat/targeting_system.py,TargetingSystem.calculate_firing_solution,true,false,true
game/simulation/combat/telemetry.py,WeaponSummaryAggregator.snapshot,true,false,true
game/simulation/combat/telemetry.py,ShipStatsAggregator.__init__,false,true,false
game/simulation/combat/telemetry.py,ShipStatsAggregator._on_damage_event,true,false,false
game/simulation/combat/telemetry.py,ShipStatsAggregator.sample_tick,true,false,true
game/simulation/combat/telemetry.py,ShipStatsAggregator.get_stats,true,false,true
game/simulation/combat/telemetry.py,ShipStatsAggregator.snapshot,true,false,true
game/simulation/combat/telemetry.py,HitLogRecorder.__init__,false,true,false
game/simulation/combat/telemetry.py,HitLogRecorder._on_hit_event,true,false,false
game/simulation/combat/telemetry.py,HitLogRecorder._trace_modifiers_for_team,true,false,false
game/simulation/combat/telemetry.py,HitLogRecorder.get_hits,true,false,true
game/simulation/combat/telemetry.py,HitLogRecorder.snapshot,true,false,true
game/simulation/combat/weapon_firing_system.py,WeaponFiringSystem.__init__,false,true,false
game/simulation/combat/weapon_firing_system.py,WeaponFiringSystem.fire_weapons,true,false,true
game/simulation/combat/weapon_firing_system.py,WeaponFiringSystem._process_hangar_launch,true,false,false
game/simulation/combat/weapon_firing_system.py,WeaponFiringSystem._process_weapon_fire,true,false,false
game/simulation/combat/weapon_firing_system.py,WeaponFiringSystem._find_valid_target,true,false,false
game/simulation/combat/weapon_firing_system.py,WeaponFiringSystem._create_attack,true,false,false
game/simulation/combat/weapon_firing_system.py,WeaponFiringSystem._create_seeker_projectile,true,false,false
game/simulation/combat/weapon_firing_system.py,WeaponFiringSystem._create_standard_projectile,true,false,false
game/simulation/components/abilities/__init__.py,_contains_unevaluated_formula,true,false,false
game/simulation/components/abilities/__init__.py,create_ability,true,false,true
game/simulation/components/abilities/__init__.py,get_ability_default_scope,true,false,true
game/simulation/components/abilities/base.py,Ability.__init__,false,true,false
game/simulation/components/abilities/base.py,Ability._parse_attrs,true,false,false
game/simulation/components/abilities/base.py,Ability._parse_scope,true,false,false
game/simulation/components/abilities/base.py,Ability._parse_primary_value,true,false,false
game/simulation/components/abilities/base.py,Ability.applies_to_layer,true,false,true
game/simulation/components/abilities/base.py,Ability.sync_data,false,false,true
game/simulation/components/abilities/base.py,Ability.tags,false,false,true
game/simulation/components/abilities/base.py,Ability.update,true,false,true
game/simulation/components/abilities/base.py,Ability.on_activation,true,false,true
game/simulation/components/abilities/base.py,Ability.recalculate,true,false,true
game/simulation/components/abilities/base.py,Ability.get_effective_stat,false,false,true
game/simulation/components/abilities/base.py,Ability.get_primary_value,true,false,true
game/simulation/components/abilities/base.py,Ability.get_ui_rows,true,false,true
game/simulation/components/abilities/base.py,Ability.get_consumed_stats,true,false,true
game/simulation/components/abilities/base.py,Ability.get_stat_bindings_info,true,false,true
game/simulation/components/abilities/base.py,Ability.get_effect_summary,true,false,true
game/simulation/components/abilities/base.py,StaticValueAbility.__init_subclass__,false,true,false
game/simulation/components/abilities/base.py,StaticValueAbility._parse_attrs,true,false,false
game/simulation/components/abilities/base.py,StaticValueAbility.recalculate,false,false,true
game/simulation/components/abilities/base.py,StaticValueAbility.get_ui_rows,true,false,true
game/simulation/components/abilities/base.py,StaticValueAbility.get_primary_value,true,false,true
game/simulation/components/abilities/base.py,SimpleMultiplierAbility.__init_subclass__,false,true,false
game/simulation/components/abilities/base.py,SimpleMultiplierAbility._parse_attrs,true,false,false
game/simulation/components/abilities/base.py,SimpleMultiplierAbility.recalculate,false,false,true
game/simulation/components/abilities/base.py,SimpleMultiplierAbility.get_ui_rows,true,false,true
game/simulation/components/abilities/base.py,SimpleMultiplierAbility.get_primary_value,true,false,true
game/simulation/components/abilities/cargo.py,CargoStorage.__init__,false,true,false
game/simulation/components/abilities/cargo.py,CargoStorage.sync_data,false,false,true
game/simulation/components/abilities/cargo.py,CargoStorage.recalculate,false,false,true
game/simulation/components/abilities/cargo.py,CargoStorage.get_ui_rows,true,false,true
game/simulation/components/abilities/cargo.py,CargoStorage.get_primary_value,true,false,true
game/simulation/components/abilities/colonize.py,ColonizePlanet._parse_attrs,true,false,false
game/simulation/components/abilities/colonize.py,ColonizePlanet.get_ui_rows,true,false,true
game/simulation/components/abilities/colonize.py,ColonizePlanet.get_primary_value,true,false,true
game/simulation/components/abilities/crew.py,CrewRequired._parse_attrs,true,false,false
game/simulation/components/abilities/crew.py,CrewRequired.recalculate,false,false,true
game/simulation/components/abilities/crew.py,CrewRequired.get_ui_rows,false,false,true
game/simulation/components/abilities/crew.py,CrewRequired.get_primary_value,true,false,true
game/simulation/components/abilities/defense.py,ShieldProjection.recalculate,false,false,true
game/simulation/components/abilities/harvester.py,ResourceHarvesterAbility._parse_attrs,true,false,false
game/simulation/components/abilities/harvester.py,ResourceHarvesterAbility.get_primary_value,true,false,true
game/simulation/components/abilities/harvester.py,ResourceHarvesterAbility.get_ui_rows,true,false,true
game/simulation/components/abilities/harvester.py,LocalStorageAbility._parse_attrs,true,false,false
game/simulation/components/abilities/harvester.py,LocalStorageAbility.recalculate,true,false,true
game/simulation/components/abilities/harvester.py,LocalStorageAbility.get_primary_value,true,false,true
game/simulation/components/abilities/harvester.py,LocalStorageAbility.get_ui_rows,true,false,true
game/simulation/components/abilities/harvester.py,StagingYardAbility._parse_attrs,true,false,false
game/simulation/components/abilities/harvester.py,StagingYardAbility.get_primary_value,true,false,true
game/simulation/components/abilities/harvester.py,StagingYardAbility.get_ui_rows,true,false,true
game/simulation/components/abilities/harvester.py,PlanetaryYardAbility.__init__,false,true,false
game/simulation/components/abilities/harvester.py,PlanetaryYardAbility.get_primary_value,true,false,true
game/simulation/components/abilities/harvester.py,PlanetaryYardAbility.get_ui_rows,true,false,true
game/simulation/components/abilities/harvester.py,SpaceShipyardAbility._parse_attrs,true,false,false
game/simulation/components/abilities/harvester.py,SpaceShipyardAbility.get_primary_value,true,false,true
game/simulation/components/abilities/harvester.py,SpaceShipyardAbility.get_ui_rows,true,false,true
game/simulation/components/abilities/markers.py,VehicleLaunchAbility.__init__,false,true,false
game/simulation/components/abilities/markers.py,VehicleLaunchAbility._parse_attrs,true,false,false
game/simulation/components/abilities/markers.py,VehicleLaunchAbility.recalculate,false,false,true
game/simulation/components/abilities/markers.py,VehicleLaunchAbility.update,true,false,true
game/simulation/components/abilities/markers.py,VehicleLaunchAbility.try_launch,false,false,true
game/simulation/components/abilities/markers.py,VehicleLaunchAbility.get_ui_rows,false,false,true
game/simulation/components/abilities/markers.py,VehicleLaunchAbility.get_primary_value,true,false,true
game/simulation/components/abilities/markers.py,CommandAndControl.get_ui_rows,false,false,true
game/simulation/components/abilities/markers.py,CommandAndControl.get_primary_value,true,false,true
game/simulation/components/abilities/markers.py,RequiresCommandAndControl.update,true,false,true
game/simulation/components/abilities/markers.py,RequiresCommandAndControl.get_ui_rows,false,false,true
game/simulation/components/abilities/markers.py,RequiresCommandAndControl.get_primary_value,true,false,true
game/simulation/components/abilities/markers.py,RequiresCombatMovement.get_ui_rows,false,false,true
game/simulation/components/abilities/markers.py,RequiresCombatMovement.get_primary_value,true,false,true
game/simulation/components/abilities/markers.py,StructuralIntegrity.get_ui_rows,false,false,true
game/simulation/components/abilities/planetary.py,PlanetaryShieldAbility.__init__,false,true,false
game/simulation/components/abilities/planetary.py,PlanetaryShieldAbility.get_primary_value,true,false,true
game/simulation/components/abilities/planetary.py,PlanetaryShieldAbility.get_ui_rows,true,false,true
game/simulation/components/abilities/planetary.py,StrategicResourceGenerationAbility.__init__,false,true,false
game/simulation/components/abilities/planetary.py,StrategicResourceGenerationAbility.get_primary_value,true,false,true
game/simulation/components/abilities/planetary.py,StrategicResourceGenerationAbility.get_ui_rows,true,false,true
game/simulation/components/abilities/planetary.py,GeologicStabilizerAbility.__init__,false,true,false
game/simulation/components/abilities/planetary.py,GeologicStabilizerAbility.get_primary_value,true,false,true
game/simulation/components/abilities/planetary.py,GeologicStabilizerAbility.get_ui_rows,true,false,true
game/simulation/components/abilities/planetary.py,StellarStabilizerAbility.__init__,false,true,false
game/simulation/components/abilities/planetary.py,StellarStabilizerAbility.get_primary_value,true,false,true
game/simulation/components/abilities/planetary.py,StellarStabilizerAbility.get_ui_rows,true,false,true
game/simulation/components/abilities/planetary.py,WarpFieldStabilizerAbility.__init__,false,true,false
game/simulation/components/abilities/planetary.py,WarpFieldStabilizerAbility.get_primary_value,true,false,true
game/simulation/components/abilities/planetary.py,WarpFieldStabilizerAbility.get_ui_rows,true,false,true
game/simulation/components/abilities/planetary.py,ResourceHarvestBoosterAbility.__init__,false,true,false
game/simulation/components/abilities/planetary.py,ResourceHarvestBoosterAbility.get_primary_value,true,false,true
game/simulation/components/abilities/planetary.py,ResourceHarvestBoosterAbility.get_ui_rows,true,false,true
game/simulation/components/abilities/planetary.py,BuildRateBoosterAbility.__init__,false,true,false
game/simulation/components/abilities/planetary.py,BuildRateBoosterAbility.get_primary_value,true,false,true
game/simulation/components/abilities/planetary.py,BuildRateBoosterAbility.get_ui_rows,true,false,true
game/simulation/components/abilities/planetary.py,AtmosphereModifierAbility.__init__,false,true,false
game/simulation/components/abilities/planetary.py,AtmosphereModifierAbility.get_primary_value,true,false,true
game/simulation/components/abilities/planetary.py,AtmosphereModifierAbility.get_ui_rows,true,false,true
game/simulation/components/abilities/planetary.py,ShieldModifierAbility.__init__,false,true,false
game/simulation/components/abilities/planetary.py,ShieldModifierAbility.get_primary_value,true,false,true
game/simulation/components/abilities/planetary.py,ShieldModifierAbility.get_ui_rows,true,false,true
game/simulation/components/abilities/planetary.py,DamageModifierAbility.__init__,false,true,false
game/simulation/components/abilities/planetary.py,DamageModifierAbility.get_primary_value,true,false,true
game/simulation/components/abilities/planetary.py,DamageModifierAbility.get_ui_rows,true,false,true
game/simulation/components/abilities/planetary.py,QualityImprovementAbility.__init__,false,true,false
game/simulation/components/abilities/planetary.py,QualityImprovementAbility.get_primary_value,true,false,true
game/simulation/components/abilities/planetary.py,QualityImprovementAbility.get_ui_rows,true,false,true
game/simulation/components/abilities/planetary.py,GravityModifierAbility.__init__,false,true,false
game/simulation/components/abilities/planetary.py,GravityModifierAbility.get_primary_value,true,false,true
game/simulation/components/abilities/planetary.py,GravityModifierAbility.get_ui_rows,true,false,true
game/simulation/components/abilities/planetary.py,WaterModifierAbility.__init__,false,true,false
game/simulation/components/abilities/planetary.py,WaterModifierAbility.get_primary_value,true,false,true
game/simulation/components/abilities/planetary.py,WaterModifierAbility.get_ui_rows,true,false,true
game/simulation/components/abilities/planetary.py,RadiationShieldAbility.__init__,false,true,false
game/simulation/components/abilities/planetary.py,RadiationShieldAbility.get_primary_value,true,false,true
game/simulation/components/abilities/planetary.py,RadiationShieldAbility.get_ui_rows,true,false,true
game/simulation/components/abilities/propulsion.py,WarpJump._parse_attrs,true,false,false
game/simulation/components/abilities/propulsion.py,WarpJump.can_jump,true,false,true
game/simulation/components/abilities/propulsion.py,WarpJump.get_ui_rows,true,false,true
game/simulation/components/abilities/propulsion.py,WarpJump.get_primary_value,true,false,true
game/simulation/components/abilities/resources.py,ResourceConsumption.__init__,false,true,false
game/simulation/components/abilities/resources.py,ResourceConsumption.sync_data,false,false,true
game/simulation/components/abilities/resources.py,ResourceConsumption.recalculate,false,false,true
game/simulation/components/abilities/resources.py,ResourceConsumption._get_resource_registry,false,false,false
game/simulation/components/abilities/resources.py,ResourceConsumption.update,true,false,true
game/simulation/components/abilities/resources.py,ResourceConsumption.check_and_consume,true,false,true
game/simulation/components/abilities/resources.py,ResourceConsumption.check_available,true,false,true
game/simulation/components/abilities/resources.py,ResourceConsumption.get_strategic_cost,true,false,true
game/simulation/components/abilities/resources.py,ResourceConsumption.get_ui_rows,false,false,true
game/simulation/components/abilities/resources.py,ResourceConsumption.get_primary_value,true,false,true
game/simulation/components/abilities/resources.py,ResourceStorage.__init__,false,true,false
game/simulation/components/abilities/resources.py,ResourceStorage.sync_data,false,false,true
game/simulation/components/abilities/resources.py,ResourceStorage.recalculate,false,false,true
game/simulation/components/abilities/resources.py,ResourceStorage.get_ui_rows,false,false,true
game/simulation/components/abilities/resources.py,ResourceStorage.get_primary_value,true,false,true
game/simulation/components/abilities/resources.py,ResourceGeneration.__init__,false,true,false
game/simulation/components/abilities/resources.py,ResourceGeneration.sync_data,false,false,true
game/simulation/components/abilities/resources.py,ResourceGeneration.recalculate,false,false,true
game/simulation/components/abilities/resources.py,ResourceGeneration.get_ui_rows,false,false,true
game/simulation/components/abilities/resources.py,ResourceGeneration.get_primary_value,true,false,true
game/simulation/components/abilities/stat_keys.py,StatKey.get_default,true,false,true
game/simulation/components/abilities/stat_keys.py,StatKey.create_default_stats_dict,true,false,true
game/simulation/components/abilities/stat_keys.py,AbilityStatBinding.__post_init__,false,true,false
game/simulation/components/abilities/stat_keys.py,AbilityStatBinding.get_base_attribute_name,true,false,true
game/simulation/components/abilities/stat_keys.py,AbilityStatBinding.apply,true,false,true
game/simulation/components/abilities/stat_keys.py,AbilityStatBinding.describe,true,false,true
game/simulation/components/abilities/superweapons.py,SuperweaponMarker._parse_attrs,true,false,false
game/simulation/components/abilities/superweapons.py,SuperweaponMarker.get_ui_rows,true,false,true
game/simulation/components/abilities/superweapons.py,SuperweaponMarker.get_primary_value,true,false,true
game/simulation/components/abilities/weapons.py,_parse_formula_field,true,false,false
game/simulation/components/abilities/weapons.py,WeaponAbility._get_raw_field,false,false,false
game/simulation/components/abilities/weapons.py,WeaponAbility.__init__,false,true,false
game/simulation/components/abilities/weapons.py,WeaponAbility.sync_data,false,false,true
game/simulation/components/abilities/weapons.py,WeaponAbility.recalculate,false,false,true
game/simulation/components/abilities/weapons.py,WeaponAbility.update,true,false,true
game/simulation/components/abilities/weapons.py,WeaponAbility.can_fire,false,false,true
game/simulation/components/abilities/weapons.py,WeaponAbility.fire,true,false,true
game/simulation/components/abilities/weapons.py,WeaponAbility.get_damage,true,false,true
game/simulation/components/abilities/weapons.py,WeaponAbility.get_ui_rows,false,false,true
game/simulation/components/abilities/weapons.py,WeaponAbility.get_primary_value,true,false,true
game/simulation/components/abilities/weapons.py,WeaponAbility.check_firing_solution,true,false,true
game/simulation/components/abilities/weapons.py,ProjectileWeaponAbility.__init__,false,true,false
game/simulation/components/abilities/weapons.py,ProjectileWeaponAbility.get_ui_rows,false,false,true
game/simulation/components/abilities/weapons.py,BeamWeaponAbility.__init__,false,true,false
game/simulation/components/abilities/weapons.py,BeamWeaponAbility.sync_data,false,false,true
game/simulation/components/abilities/weapons.py,BeamWeaponAbility.recalculate,false,false,true
game/simulation/components/abilities/weapons.py,BeamWeaponAbility.get_ui_rows,false,false,true
game/simulation/components/abilities/weapons.py,BeamWeaponAbility.calculate_hit_chance,true,false,true
game/simulation/components/abilities/weapons.py,SeekerWeaponAbility.__init__,false,true,false
game/simulation/components/abilities/weapons.py,SeekerWeaponAbility.recalculate,false,false,true
game/simulation/components/abilities/weapons.py,SeekerWeaponAbility.check_firing_solution,true,false,true
game/simulation/components/ability_manager.py,AbilityManager.__init__,false,true,false
game/simulation/components/ability_manager.py,AbilityManager.instantiate_and_index,true,false,true
game/simulation/components/ability_manager.py,AbilityManager._build_index,true,false,false
game/simulation/components/ability_manager.py,AbilityManager.ability_instances,true,false,true
game/simulation/components/ability_manager.py,AbilityManager.get_abilities,true,false,true
game/simulation/components/ability_manager.py,AbilityManager.get_ability,true,false,true
game/simulation/components/ability_manager.py,AbilityManager.has_ability,true,false,true
game/simulation/components/ability_manager.py,AbilityManager.has_ability_with_tag,true,false,true
game/simulation/components/ability_manager.py,AbilityManager.has_pdc_ability,true,false,true
game/simulation/components/ability_manager.py,AbilityManager.get_ui_rows,true,false,true
game/simulation/components/ability_manager.py,AbilityManager._instantiate,true,false,false
game/simulation/components/ability_manager.py,AbilityManager._get_abilities_polymorphic,true,false,false
game/simulation/components/ability_manager.py,AbilityManager.get_abilities_static,true,false,true
game/simulation/components/ability_manager.py,AbilityManager.get_ability_static,true,false,true
game/simulation/components/ability_manager.py,AbilityManager.has_ability_static,true,false,true
game/simulation/components/ability_manager.py,AbilityManager.has_pdc_ability_static,true,false,true
game/simulation/components/ability_manager.py,AbilityManager.get_ui_rows_static,true,false,true
game/simulation/components/ability_manager.py,AbilityManager.instantiate_abilities_static,true,false,true
game/simulation/components/component.py,Component.__init__,false,true,false
game/simulation/components/component.py,Component.ability_manager,true,false,true
game/simulation/components/component.py,Component.ability_instances,false,false,true
game/simulation/components/component.py,Component.ability_instances,false,false,true
game/simulation/components/component.py,Component.get_abilities,false,false,true
game/simulation/components/component.py,Component.get_ability,false,false,true
game/simulation/components/component.py,Component.has_ability,false,false,true
game/simulation/components/component.py,Component.has_pdc_ability,true,false,true
game/simulation/components/component.py,Component.resource_manager,true,false,true
game/simulation/components/component.py,Component.health_manager,true,false,true
game/simulation/components/component.py,Component.modifier_manager,true,false,true
game/simulation/components/component.py,Component.modifiers,false,false,true
game/simulation/components/component.py,Component.modifiers,false,false,true
game/simulation/components/component.py,Component.mark_hp_cache_dirty,true,false,true
game/simulation/components/component.py,Component.hp_ratio,true,false,true
game/simulation/components/component.py,Component.cooldown_timer,false,false,true
game/simulation/components/component.py,Component.cooldown_timer,false,false,true
game/simulation/components/component.py,Component.get_ui_rows,false,false,true
game/simulation/components/component.py,Component._instantiate_abilities,false,false,false
game/simulation/components/component.py,Component.update,false,false,true
game/simulation/components/component.py,Component.is_operational,false,false,true
game/simulation/components/component.py,Component.can_afford_activation,false,false,true
game/simulation/components/component.py,Component.consume_activation,false,false,true
game/simulation/components/component.py,Component.try_activate,false,false,true
game/simulation/components/component.py,Component.take_damage,true,false,true
game/simulation/components/component.py,Component.reset_hp,false,false,true
game/simulation/components/component.py,Component.get_resource_cost,false,false,true
game/simulation/components/component.py,Component.add_modifier,false,false,true
game/simulation/components/component.py,Component.remove_modifier,false,false,true
game/simulation/components/component.py,Component.get_modifier,false,false,true
game/simulation/components/component.py,Component.get_all_modifier_effects,false,false,true
game/simulation/components/component.py,Component.get_modifier_stat_summary,false,false,true
game/simulation/components/component.py,Component.recalculate_stats,false,false,true
game/simulation/components/component.py,Component.clone,false,false,true
game/simulation/components/component_constants.py,Modifier.__init__,false,true,false
game/simulation/components/component_constants.py,Modifier.create_modifier,false,false,true
game/simulation/components/component_constants.py,Modifier.evaluate_effects,false,false,true
game/simulation/components/component_constants.py,ApplicationModifier.__init__,false,true,false
game/simulation/components/component_health_manager.py,ComponentHealthManager.__init__,false,true,false
game/simulation/components/component_health_manager.py,ComponentHealthManager.take_damage,true,false,true
game/simulation/components/component_health_manager.py,ComponentHealthManager.reset_hp,true,false,true
game/simulation/components/component_health_manager.py,ComponentHealthManager.hp_ratio,true,false,true
game/simulation/components/component_loader.py,get_default_cache_manager,true,false,true
game/simulation/components/component_loader.py,ComponentCacheManager.__init__,false,true,false
game/simulation/components/component_loader.py,reset_component_caches,false,false,true
game/simulation/components/component_loader.py,load_components_data,true,false,true
game/simulation/components/component_loader.py,load_components,false,false,true
game/simulation/components/component_loader.py,load_modifiers_data,true,false,true
game/simulation/components/component_loader.py,load_modifiers,false,false,true
game/simulation/components/component_loader.py,create_component,false,false,true
game/simulation/components/component_loader.py,get_all_components,false,false,true
game/simulation/components/component_resource_manager.py,ComponentResourceManager.__init__,false,true,false
game/simulation/components/component_resource_manager.py,ComponentResourceManager.can_afford_activation,true,false,true
game/simulation/components/component_resource_manager.py,ComponentResourceManager.consume_activation,true,false,true
game/simulation/components/component_resource_manager.py,ComponentResourceManager.try_activate,true,false,true
game/simulation/components/component_resource_manager.py,ComponentResourceManager.get_resource_cost,true,false,true
game/simulation/components/component_stats_calculator.py,build_formula_context,true,false,true
game/simulation/components/component_stats_calculator.py,ComponentStatsCalculator.parse_formulas,true,false,true
game/simulation/components/component_stats_calculator.py,ComponentStatsCalculator.apply_formula_defaults,true,false,true
game/simulation/components/component_stats_calculator.py,ComponentStatsCalculator.calculate_modifier_stats,true,false,true
game/simulation/components/component_stats_calculator.py,ComponentStatsCalculator.apply_base_stats,true,false,true
game/simulation/components/component_stats_calculator.py,ComponentStatsCalculator.reset_and_evaluate_formulas,true,false,true
game/simulation/components/component_stats_calculator.py,ComponentStatsCalculator._evaluate_formulas_in_abilities,true,false,false
game/simulation/components/component_stats_calculator.py,ComponentStatsCalculator.evaluate_recursive,false,false,true
game/simulation/components/component_stats_calculator.py,ComponentStatsCalculator.recalculate,true,false,true
game/simulation/components/modifier_effects.py,ModifierEffect.describe,true,false,true
game/simulation/components/modifier_effects.py,ModifierEffect.is_targeted,true,false,true
game/simulation/components/modifier_effects.py,ModifierEffect.to_dict,true,false,true
game/simulation/components/modifier_effects.py,ModifierEffectEvaluator.evaluate_formula,true,false,true
game/simulation/components/modifier_effects.py,ModifierEffectEvaluator.evaluate_modifier,true,false,true
game/simulation/components/modifier_effects.py,ModifierEffectEvaluator.validate_formula,true,false,true
game/simulation/components/modifier_effects.py,ModifierEffectEvaluator.validate_modifier_definition,true,false,true
game/simulation/components/modifier_introspection.py,ModifierIntrospection.get_modifier_affects,true,false,true
game/simulation/components/modifier_introspection.py,ModifierIntrospection.get_component_modifier_summary,true,false,true
game/simulation/components/modifier_introspection.py,ModifierIntrospection.get_ability_modifier_summary,true,false,true
game/simulation/components/modifier_introspection.py,ModifierIntrospection.generate_modifier_tooltip,true,false,true
game/simulation/components/modifier_introspection.py,ModifierIntrospection.generate_ability_stats_display,true,false,true
game/simulation/components/modifier_manager.py,ModifierManager.__init__,false,true,false
game/simulation/components/modifier_manager.py,ModifierManager._load_initial_modifiers,true,false,false
game/simulation/components/modifier_manager.py,ModifierManager.modifiers,true,false,true
game/simulation/components/modifier_manager.py,ModifierManager.add_modifier,true,false,true
game/simulation/components/modifier_manager.py,ModifierManager.remove_modifier,true,false,true
game/simulation/components/modifier_manager.py,ModifierManager.get_modifier,true,false,true
game/simulation/components/modifier_manager.py,ModifierManager.get_all_effects,true,false,true
game/simulation/components/modifier_manager.py,ModifierManager.get_stat_summary,true,false,true
game/simulation/components/modifier_manager.py,ModifierManager.add_modifier_static,true,false,true
game/simulation/components/modifier_manager.py,ModifierManager.remove_modifier_static,true,false,true
game/simulation/components/modifier_manager.py,ModifierManager.remove_modifier_inplace,true,false,true
game/simulation/components/modifier_manager.py,ModifierManager.get_modifier_static,true,false,true
game/simulation/components/modifier_manager.py,ModifierManager.get_all_effects_static,true,false,true
game/simulation/components/modifier_manager.py,ModifierManager.get_stat_summary_static,true,false,true
game/simulation/components/modifier_schema.py,is_v2_format,true,false,true
game/simulation/components/modifier_schema.py,validate_effect_v2,true,false,true
game/simulation/components/modifier_schema.py,normalize_effect_v2,true,false,true
game/simulation/components/modifier_schema.py,validate_param_v2,true,false,true
game/simulation/components/modifier_schema.py,validate_restrictions_v2,true,false,true
game/simulation/components/modifier_schema.py,validate_modifier_v2,true,false,true
game/simulation/components/modifiers.py,_apply_effect_to_dict,false,false,false
game/simulation/components/modifiers.py,apply_modifier_effects,false,false,true
game/simulation/components/modifiers.py,get_default_stat_multipliers,false,false,true
game/simulation/components/modifiers.py,calculate_stat_multipliers,false,false,true
game/simulation/designs.py,create_brick,false,false,true
game/simulation/designs.py,create_interceptor,false,false,true
game/simulation/entities/ability_aggregator.py,_aggregate_ability_groups,true,false,false
game/simulation/entities/ability_aggregator.py,calculate_ability_totals,false,false,true
game/simulation/entities/ability_aggregator.py,get_ability_total,false,false,true
game/simulation/entities/ability_aggregator.py,get_ability_instances_by_class,true,false,true
game/simulation/entities/combat_endurance.py,calculate_combat_endurance,true,false,true
game/simulation/entities/combat_endurance.py,_calculate_cached_summary,true,false,false
game/simulation/entities/layer_data.py,LayerData.create_hull,true,false,true
game/simulation/entities/layer_data.py,LayerData.from_definition,true,false,true
game/simulation/entities/layer_data.py,LayerData.clear,true,false,true
game/simulation/entities/projectile.py,Projectile.__init__,false,true,false
game/simulation/entities/projectile.py,Projectile.update,false,false,true
game/simulation/entities/projectile.py,Projectile._update_guidance,false,false,false
game/simulation/entities/projectile.py,Projectile.take_damage,false,false,true
game/simulation/entities/ship.py,Ship.__init__,false,true,false
game/simulation/entities/ship.py,Ship._equip_default_hull,true,false,false
game/simulation/entities/ship.py,Ship.registries,true,false,true
game/simulation/entities/ship.py,Ship.mass,true,false,true
game/simulation/entities/ship.py,Ship.mass,true,false,true
game/simulation/entities/ship.py,Ship.max_hp,true,false,true
game/simulation/entities/ship.py,Ship.max_hp,true,false,true
game/simulation/entities/ship.py,Ship.hp,true,false,true
game/simulation/entities/ship.py,Ship.hp,true,false,true
game/simulation/entities/ship.py,Ship.component_manager,false,false,true
game/simulation/entities/ship.py,Ship.combat_manager,false,false,true
game/simulation/entities/ship.py,Ship.combat_engine,false,false,true
game/simulation/entities/ship.py,Ship.set_event_bus,true,false,true
game/simulation/entities/ship.py,Ship.just_fired_projectiles,true,false,true
game/simulation/entities/ship.py,Ship.just_fired_projectiles,true,false,true
game/simulation/entities/ship.py,Ship.comp_trigger_pulled,true,false,true
game/simulation/entities/ship.py,Ship.comp_trigger_pulled,true,false,true
game/simulation/entities/ship.py,Ship.aim_point,true,false,true
game/simulation/entities/ship.py,Ship.aim_point,true,false,true
game/simulation/entities/ship.py,Ship.total_shots_fired,true,false,true
game/simulation/entities/ship.py,Ship.total_shots_fired,true,false,true
game/simulation/entities/ship.py,Ship.die,true,false,true
game/simulation/entities/ship.py,Ship._invalidate_components_cache,true,false,false
game/simulation/entities/ship.py,Ship.stat_querier,true,false,true
game/simulation/entities/ship.py,Ship.validator_helper,true,false,true
game/simulation/entities/ship.py,Ship.max_weapon_range,true,false,true
game/simulation/entities/ship.py,Ship.update,true,false,true
game/simulation/entities/ship.py,Ship.update_derelict_status,true,false,true
game/simulation/entities/ship.py,Ship._initialize_layers,true,false,false
game/simulation/entities/ship.py,Ship.change_class,true,false,true
game/simulation/entities/ship.py,Ship._attach_component,true,false,false
game/simulation/entities/ship.py,Ship.add_component,true,false,true
game/simulation/entities/ship.py,Ship.cached_summary,false,false,true
game/simulation/entities/ship.py,Ship.add_components_bulk,true,false,true
game/simulation/entities/ship.py,Ship.remove_component,true,false,true
game/simulation/entities/ship.py,Ship.mark_stats_dirty,true,false,true
game/simulation/entities/ship.py,Ship.recalculate_stats_if_dirty,true,false,true
game/simulation/entities/ship.py,Ship.recalculate_stats,true,false,true
game/simulation/entities/ship.py,Ship.get_missing_requirements,true,false,true
game/simulation/entities/ship.py,Ship.get_validation_warnings,true,false,true
game/simulation/entities/ship.py,Ship.get_ability_total,true,false,true
game/simulation/entities/ship.py,Ship.get_total_ability_value,true,false,true
game/simulation/entities/ship.py,Ship.get_total_sensor_score,true,false,true
game/simulation/entities/ship.py,Ship.get_resource_stat,true,false,true
game/simulation/entities/ship.py,Ship._resources_initialized,true,false,false
game/simulation/entities/ship.py,Ship._resources_initialized,true,false,false
game/simulation/entities/ship.py,Ship._prev_max_resources,true,false,false
game/simulation/entities/ship.py,Ship._prev_max_resources,true,false,false
game/simulation/entities/ship.py,Ship._prev_max_shields,true,false,false
game/simulation/entities/ship.py,Ship._prev_max_shields,true,false,false
game/simulation/entities/ship.py,Ship.get_total_ecm_score,true,false,true
game/simulation/entities/ship.py,Ship.get_all_components,true,false,true
game/simulation/entities/ship.py,Ship.iter_components,true,false,true
game/simulation/entities/ship.py,Ship.get_components_by_ability,true,false,true
game/simulation/entities/ship.py,Ship.get_weapon_components_cached,true,false,true
game/simulation/entities/ship.py,Ship.get_components_by_layer,true,false,true
game/simulation/entities/ship.py,Ship.has_components,true,false,true
game/simulation/entities/ship.py,Ship.find_component_with_index,true,false,true
game/simulation/entities/ship.py,Ship.clear_non_hull_components,true,false,true
game/simulation/entities/ship.py,Ship.check_validity,true,false,true
game/simulation/entities/ship.py,Ship.to_dict,true,false,true
game/simulation/entities/ship.py,Ship.from_dict,true,false,true
game/simulation/entities/ship_combat_engine.py,ShipCombatEngine.__init__,false,true,false
game/simulation/entities/ship_combat_engine.py,ShipCombatEngine.solve_lead,true,false,true
game/simulation/entities/ship_combat_engine.py,ShipCombatEngine.select_target,true,false,true
game/simulation/entities/ship_combat_engine.py,ShipCombatEngine.calculate_firing_solution,false,false,true
game/simulation/entities/ship_combat_engine.py,ShipCombatEngine.fire_weapons,true,false,true
game/simulation/entities/ship_combat_engine.py,ShipCombatEngine.take_damage,true,false,true
game/simulation/entities/ship_combat_engine.py,ShipCombatEngine.update_combat_cooldowns,true,false,true
game/simulation/entities/ship_combat_engine.py,ShipCombatEngine._apply_repair,true,false,false
game/simulation/entities/ship_combat_manager.py,ShipCombatManager.__init__,true,true,false
game/simulation/entities/ship_combat_manager.py,ShipCombatManager.combat_engine,true,false,true
game/simulation/entities/ship_combat_manager.py,ShipCombatManager.set_event_bus,true,false,true
game/simulation/entities/ship_combat_manager.py,ShipCombatManager.die,true,false,true
game/simulation/entities/ship_combat_manager.py,ShipCombatManager.update,true,false,true
game/simulation/entities/ship_combat_manager.py,ShipCombatManager.update_derelict_status,true,false,true
game/simulation/entities/ship_component_manager.py,ShipComponentManager.__init__,true,true,false
game/simulation/entities/ship_component_manager.py,ShipComponentManager._invalidate_components_cache,true,false,false
game/simulation/entities/ship_component_manager.py,ShipComponentManager._attach_component,true,false,false
game/simulation/entities/ship_component_manager.py,ShipComponentManager.add_component,true,false,true
game/simulation/entities/ship_component_manager.py,ShipComponentManager.add_components_bulk,true,false,true
game/simulation/entities/ship_component_manager.py,ShipComponentManager.remove_component,true,false,true
game/simulation/entities/ship_component_manager.py,ShipComponentManager.get_all_components,true,false,true
game/simulation/entities/ship_component_manager.py,ShipComponentManager.iter_components,true,false,true
game/simulation/entities/ship_component_manager.py,ShipComponentManager.get_components_by_ability,true,false,true
game/simulation/entities/ship_component_manager.py,ShipComponentManager.get_weapon_components_cached,true,false,true
game/simulation/entities/ship_component_manager.py,ShipComponentManager.get_components_by_layer,true,false,true
game/simulation/entities/ship_component_manager.py,ShipComponentManager.has_components,true,false,true
game/simulation/entities/ship_component_manager.py,ShipComponentManager.find_component_with_index,true,false,true
game/simulation/entities/ship_component_manager.py,ShipComponentManager.clear_non_hull_components,true,false,true
game/simulation/entities/ship_design_stats.py,calculate_design_stats,true,false,true
game/simulation/entities/ship_layer_manager.py,ShipLayerManager.__init__,false,true,false
game/simulation/entities/ship_layer_manager.py,ShipLayerManager.initialize_layers,true,false,true
game/simulation/entities/ship_layer_manager.py,ShipLayerManager.equip_default_hull,true,false,true
game/simulation/entities/ship_layer_manager.py,ShipLayerManager.change_class,true,false,true
game/simulation/entities/ship_loader.py,get_or_create_validator,false,false,true
game/simulation/entities/ship_loader.py,load_vehicle_classes_data,true,false,true
game/simulation/entities/ship_loader.py,load_vehicle_classes,true,false,true
game/simulation/entities/ship_loader.py,initialize_ship_data,true,false,true
game/simulation/entities/ship_physics.py,ShipPhysicsMixin.update_physics_movement,true,false,true
game/simulation/entities/ship_physics.py,ShipPhysicsMixin.thrust_forward,true,false,true
game/simulation/entities/ship_physics.py,ShipPhysicsMixin.rotate,true,false,true
game/simulation/entities/ship_resource_manager.py,ShipResourceManager.__init__,false,true,false
game/simulation/entities/ship_resource_manager.py,ShipResourceManager.get_resource_stat,true,false,true
game/simulation/entities/ship_serialization.py,ShipSerializer.to_dict,true,false,true
game/simulation/entities/ship_serialization.py,ShipSerializer.from_dict,true,false,true
game/simulation/entities/ship_serialization.py,ShipSerializer._load_components,true,false,false
game/simulation/entities/ship_serialization.py,ShipSerializer._restore_resources,true,false,false
game/simulation/entities/ship_serialization.py,ShipSerializer._verify_stats,true,false,false
game/simulation/entities/ship_stat_querier.py,ShipStatQuerier.__init__,true,true,false
game/simulation/entities/ship_stat_querier.py,ShipStatQuerier.get_ability_total,true,false,true
game/simulation/entities/ship_stat_querier.py,ShipStatQuerier.get_total_ability_value,true,false,true
game/simulation/entities/ship_stat_querier.py,ShipStatQuerier.get_total_sensor_score,true,false,true
game/simulation/entities/ship_stat_querier.py,ShipStatQuerier.get_total_ecm_score,true,false,true
game/simulation/entities/ship_stat_querier.py,ShipStatQuerier.max_weapon_range,true,false,true
game/simulation/entities/ship_stats.py,_get_planetary_resource_ids,true,false,false
game/simulation/entities/ship_stats.py,ShipStatsCalculator.__init__,false,true,false
game/simulation/entities/ship_stats.py,ShipStatsCalculator._get_or_resolve_planetary_ids,false,false,false
game/simulation/entities/ship_stats.py,ShipStatsCalculator.calculate,true,false,true
game/simulation/entities/ship_stats.py,ShipStatsCalculator._phase_sensor_defense_scores,true,false,false
game/simulation/entities/ship_stats.py,ShipStatsCalculator._phase_physics_and_limits,true,false,false
game/simulation/entities/ship_stats.py,ShipStatsCalculator._phase_stats_aggregation,true,false,false
game/simulation/entities/ship_stats.py,ShipStatsCalculator._aggregate_resource_abilities,true,false,false
game/simulation/entities/ship_stats.py,ShipStatsCalculator._aggregate_cargo_and_pod_abilities,true,false,false
game/simulation/entities/ship_stats.py,ShipStatsCalculator._aggregate_propulsion_abilities,true,false,false
game/simulation/entities/ship_stats.py,ShipStatsCalculator._aggregate_defense_abilities,true,false,false
game/simulation/entities/ship_stats.py,ShipStatsCalculator._aggregate_hangar_abilities,true,false,false
game/simulation/entities/ship_stats.py,ShipStatsCalculator._apply_aggregated_stats,true,false,false
game/simulation/entities/ship_stats.py,ShipStatsCalculator._phase_resource_allocation,true,false,false
game/simulation/entities/ship_stats.py,ShipStatsCalculator._phase_damage_check_and_supply,true,false,false
game/simulation/entities/ship_stats.py,ShipStatsCalculator._priority_sort_key,true,false,false
game/simulation/entities/ship_stats.py,ShipStatsCalculator._check_mass_limits,true,false,false
game/simulation/entities/ship_stats.py,ShipStatsCalculator._initialize_resources,true,false,false
game/simulation/entities/ship_stats.py,ShipStatsCalculator.calculate_ability_totals,true,false,true
game/simulation/entities/ship_stats.py,ShipStatsCalculator._get_ability_total,true,false,false
game/simulation/entities/ship_validator_helper.py,ShipValidatorHelper.__init__,true,true,false
game/simulation/entities/ship_validator_helper.py,ShipValidatorHelper.check_validity,true,false,true
game/simulation/entities/ship_validator_helper.py,ShipValidatorHelper.get_validation_warnings,true,false,true
game/simulation/entities/ship_validator_helper.py,ShipValidatorHelper.get_missing_requirements,true,false,true
game/simulation/interfaces/ability_protocols.py,IAbility.stack_group,true,false,true
game/simulation/interfaces/ability_protocols.py,IAbility.tags,true,false,true
game/simulation/interfaces/ability_protocols.py,IAbility.get_ui_rows,true,false,true
game/simulation/interfaces/ability_protocols.py,IAbility.get_effect_summary,true,false,true
game/simulation/interfaces/ability_protocols.py,IAbility.sync_data,true,false,true
game/simulation/interfaces/ability_protocols.py,IResourceConsumptionAbility.trigger,true,false,true
game/simulation/interfaces/ability_protocols.py,IResourceConsumptionAbility.resource_type,true,false,true
game/simulation/interfaces/ability_protocols.py,IResourceConsumptionAbility.amount,true,false,true
game/simulation/interfaces/ability_protocols.py,IResourceConsumptionAbility.check_available,true,false,true
game/simulation/interfaces/ability_protocols.py,IResourceStorageAbility.resource_type,true,false,true
game/simulation/interfaces/ability_protocols.py,IResourceStorageAbility.max_amount,true,false,true
game/simulation/interfaces/ability_protocols.py,IResourceGenerationAbility.resource_type,true,false,true
game/simulation/interfaces/ability_protocols.py,IResourceGenerationAbility.rate,true,false,true
game/simulation/interfaces/ability_protocols.py,IWeaponAbility.damage,true,false,true
game/simulation/interfaces/ability_protocols.py,IWeaponAbility.range,true,false,true
game/simulation/interfaces/ability_protocols.py,IWeaponAbility.reload_time,true,false,true
game/simulation/interfaces/ability_protocols.py,IWeaponAbility.firing_arc,true,false,true
game/simulation/interfaces/ability_protocols.py,IWeaponAbility.get_damage,true,false,true
game/simulation/interfaces/ability_protocols.py,IBeamWeaponAbility.base_accuracy,true,false,true
game/simulation/interfaces/ability_protocols.py,IBeamWeaponAbility.accuracy_falloff,true,false,true
game/simulation/interfaces/ability_protocols.py,ISeekerWeaponAbility.projectile_speed,true,false,true
game/simulation/interfaces/ability_protocols.py,ISeekerWeaponAbility.endurance,true,false,true
game/simulation/interfaces/ability_protocols.py,ISeekerWeaponAbility.turn_rate,true,false,true
game/simulation/interfaces/ability_protocols.py,ISeekerWeaponAbility.projectile_damage,true,false,true
game/simulation/interfaces/ability_protocols.py,ISeekerWeaponAbility.projectile_hp,true,false,true
game/simulation/interfaces/ability_protocols.py,IProjectileWeaponAbility.projectile_speed,true,false,true
game/simulation/interfaces/ability_protocols.py,IWarpJumpAbility.max_tonnage,true,false,true
game/simulation/interfaces/ability_protocols.py,IWarpJumpAbility.energy_cost,true,false,true
game/simulation/interfaces/ability_protocols.py,is_ability,true,false,true
game/simulation/interfaces/ability_protocols.py,is_resource_consumption,true,false,true
game/simulation/interfaces/ability_protocols.py,is_resource_storage,true,false,true
game/simulation/interfaces/ability_protocols.py,is_resource_generation,true,false,true
game/simulation/interfaces/ability_protocols.py,is_weapon,true,false,true
game/simulation/interfaces/ability_protocols.py,is_beam_weapon,true,false,true
game/simulation/interfaces/ability_protocols.py,is_seeker_weapon,true,false,true
game/simulation/interfaces/ability_protocols.py,is_projectile_weapon,true,false,true
game/simulation/interfaces/ability_protocols.py,is_warp_jump,true,false,true
game/simulation/interfaces/ai_controller.py,IAIController.ship,true,false,true
game/simulation/interfaces/ai_controller.py,IAIController.update,true,false,true
game/simulation/interfaces/ai_controller.py,IAIControllerFactory.set_grid,true,false,true
game/simulation/interfaces/ai_controller.py,IAIControllerFactory.create_for_ship,true,false,true
game/simulation/interfaces/ai_controller.py,IAIControllerFactory.create_for_ships,true,false,true
game/simulation/interfaces/component_protocols.py,IComponent.id,true,false,true
game/simulation/interfaces/component_protocols.py,IComponent.name,true,false,true
game/simulation/interfaces/component_protocols.py,IComponent.is_active,true,false,true
game/simulation/interfaces/component_protocols.py,IComponent.current_hp,true,false,true
game/simulation/interfaces/component_protocols.py,IComponent.max_hp,true,false,true
game/simulation/interfaces/component_protocols.py,IComponent.status,true,false,true
game/simulation/interfaces/component_protocols.py,IComponent.ability_instances,true,false,true
game/simulation/interfaces/component_protocols.py,IComponent.abilities,true,false,true
game/simulation/interfaces/component_protocols.py,IComponent.modifiers,true,false,true
game/simulation/interfaces/component_protocols.py,IComponent.stats,true,false,true
game/simulation/interfaces/component_protocols.py,IComponent.ability_stats,true,false,true
game/simulation/interfaces/component_protocols.py,IComponent.ship,true,false,true
game/simulation/interfaces/component_protocols.py,IComponent.layer_assigned,true,false,true
game/simulation/interfaces/component_protocols.py,IComponent.shots_fired,true,false,true
game/simulation/interfaces/component_protocols.py,IComponent.shots_hit,true,false,true
game/simulation/interfaces/component_protocols.py,IComponent.cost,true,false,true
game/simulation/interfaces/component_protocols.py,IComponent.get_abilities,true,false,true
game/simulation/interfaces/component_protocols.py,IComponent.get_ability,true,false,true
game/simulation/interfaces/component_protocols.py,IComponent.has_ability,true,false,true
game/simulation/interfaces/component_protocols.py,IComponent.has_pdc_ability,true,false,true
game/simulation/interfaces/component_protocols.py,IComponent.can_afford_activation,true,false,true
game/simulation/interfaces/component_protocols.py,is_component,true,false,true
game/simulation/interfaces/entity_protocols.py,ICombatShip.name,true,false,true
game/simulation/interfaces/entity_protocols.py,ICombatShip.team_id,true,false,true
game/simulation/interfaces/entity_protocols.py,ICombatShip.vehicle_type,true,false,true
game/simulation/interfaces/entity_protocols.py,ICombatShip.angle,true,false,true
game/simulation/interfaces/entity_protocols.py,ICombatShip.position,true,false,true
game/simulation/interfaces/entity_protocols.py,ICombatShip.velocity,true,false,true
game/simulation/interfaces/entity_protocols.py,ICombatShip.radius,true,false,true
game/simulation/interfaces/entity_protocols.py,ICombatShip.mass,true,false,true
game/simulation/interfaces/entity_protocols.py,ICombatShip.hp,true,false,true
game/simulation/interfaces/entity_protocols.py,ICombatShip.max_hp,true,false,true
game/simulation/interfaces/entity_protocols.py,ICombatShip.is_alive,true,false,true
game/simulation/interfaces/entity_protocols.py,ICombatShip.is_derelict,true,false,true
game/simulation/interfaces/entity_protocols.py,ICombatShip.current_shields,true,false,true
game/simulation/interfaces/entity_protocols.py,ICombatShip.max_shields,true,false,true
game/simulation/interfaces/entity_protocols.py,ICombatShip.emissive_armor,true,false,true
game/simulation/interfaces/entity_protocols.py,ICombatShip.shield_regenerating_armor,true,false,true
game/simulation/interfaces/entity_protocols.py,ICombatShip.shield_regen_rate,true,false,true
game/simulation/interfaces/entity_protocols.py,ICombatShip.repair_rate,true,false,true
game/simulation/interfaces/entity_protocols.py,ICombatShip.current_target,true,false,true
game/simulation/interfaces/entity_protocols.py,ICombatShip.secondary_targets,true,false,true
game/simulation/interfaces/entity_protocols.py,ICombatShip.max_targets,true,false,true
game/simulation/interfaces/entity_protocols.py,ICombatShip.total_defense_score,true,false,true
game/simulation/interfaces/entity_protocols.py,ICombatShip.layers,true,false,true
game/simulation/interfaces/entity_protocols.py,ICombatShip.resources,true,false,true
game/simulation/interfaces/entity_protocols.py,ICombatShip.combat_engine,true,false,true
game/simulation/interfaces/entity_protocols.py,ICombatShip.get_all_components,true,false,true
game/simulation/interfaces/entity_protocols.py,ICombatShip.iter_components,true,false,true
game/simulation/interfaces/entity_protocols.py,ICombatShip.get_components_by_ability,true,false,true
game/simulation/interfaces/entity_protocols.py,ICombatShip.recalculate_stats,true,false,true
game/simulation/interfaces/entity_protocols.py,IProjectile.owner,true,false,true
game/simulation/interfaces/entity_protocols.py,IProjectile.team_id,true,false,true
game/simulation/interfaces/entity_protocols.py,IProjectile.position,true,false,true
game/simulation/interfaces/entity_protocols.py,IProjectile.velocity,true,false,true
game/simulation/interfaces/entity_protocols.py,IProjectile.radius,true,false,true
game/simulation/interfaces/entity_protocols.py,IProjectile.damage,true,false,true
game/simulation/interfaces/entity_protocols.py,IProjectile.max_range,true,false,true
game/simulation/interfaces/entity_protocols.py,IProjectile.endurance,true,false,true
game/simulation/interfaces/entity_protocols.py,IProjectile.max_endurance,true,false,true
game/simulation/interfaces/entity_protocols.py,IProjectile.type,true,false,true
game/simulation/interfaces/entity_protocols.py,IProjectile.is_alive,true,false,true
game/simulation/interfaces/entity_protocols.py,IProjectile.status,true,false,true
game/simulation/interfaces/entity_protocols.py,IProjectile.source_weapon,true,false,true
game/simulation/interfaces/entity_protocols.py,IProjectile.target,true,false,true
game/simulation/interfaces/entity_protocols.py,IProjectile.turn_rate,true,false,true
game/simulation/interfaces/entity_protocols.py,IProjectile.max_speed,true,false,true
game/simulation/interfaces/entity_protocols.py,IProjectile.hp,true,false,true
game/simulation/interfaces/entity_protocols.py,IProjectile.max_hp,true,false,true
game/simulation/interfaces/entity_protocols.py,IProjectile.distance_traveled,true,false,true
game/simulation/interfaces/entity_protocols.py,IPhysicsShip.is_thrusting,true,false,true
game/simulation/interfaces/entity_protocols.py,IPhysicsShip.engine_throttle,true,false,true
game/simulation/interfaces/entity_protocols.py,IPhysicsShip.turn_throttle,true,false,true
game/simulation/interfaces/entity_protocols.py,IPhysicsShip.mass,true,false,true
game/simulation/interfaces/entity_protocols.py,IPhysicsShip.turn_speed,true,false,true
game/simulation/interfaces/entity_protocols.py,IPhysicsShip.acceleration_rate,true,false,true
game/simulation/interfaces/entity_protocols.py,ISerializableShip.total_strategic_movement,true,false,true
game/simulation/interfaces/entity_protocols.py,ISerializableShip.warp_max_tonnage,true,false,true
game/simulation/interfaces/entity_protocols.py,ISerializableShip.warp_energy_cost,true,false,true
game/simulation/interfaces/entity_protocols.py,ISerializableShip.ship_class,true,false,true
game/simulation/interfaces/entity_protocols.py,ISerializableShip.vehicle_type,true,false,true
game/simulation/interfaces/entity_protocols.py,ISerializableShip.theme_id,true,false,true
game/simulation/interfaces/entity_protocols.py,is_combat_ship,true,false,true
game/simulation/interfaces/entity_protocols.py,is_projectile,true,false,true
game/simulation/interfaces/entity_protocols.py,is_physics_ship,true,false,true
game/simulation/interfaces/entity_protocols.py,is_serializable_ship,true,false,true
game/simulation/managers/battle_state_manager.py,BattleStateManager.capture_state,true,false,true
game/simulation/managers/battle_state_manager.py,BattleStateManager.restore_config_from_state,true,false,true
game/simulation/managers/battle_state_manager.py,BattleStateManager.extract_ships_from_state,true,false,true
game/simulation/managers/battle_state_manager.py,BattleStateManager.validate_state,true,false,true
game/simulation/managers/retreat_manager.py,RetreatManager.__init__,false,true,false
game/simulation/managers/retreat_manager.py,RetreatManager.request_retreat,true,false,true
game/simulation/managers/retreat_manager.py,RetreatManager.cancel_retreat,true,false,true
game/simulation/managers/retreat_manager.py,RetreatManager.update,true,false,true
game/simulation/managers/retreat_manager.py,RetreatManager._handle_ship_escaped,true,false,false
game/simulation/managers/retreat_manager.py,RetreatManager.find_nearest_edge,true,false,true
game/simulation/managers/retreat_manager.py,RetreatManager.at_map_edge,true,false,true
game/simulation/managers/retreat_manager.py,RetreatManager.is_retreating,true,false,true
game/simulation/managers/retreat_manager.py,RetreatManager.get_retreat_state,true,false,true
game/simulation/managers/retreat_manager.py,RetreatManager.set_on_ship_escaped,true,false,true
game/simulation/managers/retreat_manager.py,RetreatManager.reset,true,false,true
game/simulation/physics_constants.py,compute_acceleration,true,false,true
game/simulation/physics_constants.py,compute_max_speed,true,false,true
game/simulation/projectile_manager.py,ProjectileManager.__init__,false,true,false
game/simulation/projectile_manager.py,ProjectileManager.get_active_projectiles,true,false,true
game/simulation/projectile_manager.py,ProjectileManager.add_projectile,false,false,true
game/simulation/projectile_manager.py,ProjectileManager.clear,false,false,true
game/simulation/projectile_manager.py,ProjectileManager.update,true,false,true
game/simulation/projectile_manager.py,ProjectileManager._check_ship_collisions,true,false,false
game/simulation/projectile_manager.py,ProjectileManager._apply_hit,true,false,false
game/simulation/projectile_manager.py,ProjectileManager._check_missile_interception,true,false,false
game/simulation/projectile_manager.py,ProjectileManager._record_hit,true,false,false
game/simulation/services/battle_service.py,BattleService.__init__,false,true,false
game/simulation/services/battle_service.py,BattleService._require_engine,true,false,false
game/simulation/services/battle_service.py,BattleService.create_battle,true,false,true
game/simulation/services/battle_service.py,BattleService.add_ship,true,false,true
game/simulation/services/battle_service.py,BattleService.remove_ship,true,false,true
game/simulation/services/battle_service.py,BattleService.start_battle,true,false,true
game/simulation/services/battle_service.py,BattleService.adopt_started_engine,true,false,true
game/simulation/services/battle_service.py,BattleService.update,true,false,true
game/simulation/services/battle_service.py,BattleService.run_ticks,true,false,true
game/simulation/services/battle_service.py,BattleService.is_battle_over,true,false,true
game/simulation/services/battle_service.py,BattleService.get_winner,true,false,true
game/simulation/services/battle_service.py,BattleService.get_battle_state,true,false,true
game/simulation/services/battle_service.py,BattleService.get_all_ships,true,false,true
game/simulation/services/battle_service.py,BattleService.get_alive_ships,true,false,true
game/simulation/services/battle_service.py,BattleService.get_engine,true,false,true
game/simulation/services/battle_service.py,BattleService.reset,true,false,true
game/simulation/services/design_loader.py,SimulationDesignLoader.__init__,false,true,false
game/simulation/services/design_loader.py,SimulationDesignLoader.load_ship_from_design_data,true,false,true
game/simulation/services/design_loader.py,SimulationDesignLoader.load_ship_from_file,true,false,true
game/simulation/services/modifier_service.py,ModifierService.__init__,false,true,false
game/simulation/services/modifier_service.py,ModifierService.is_modifier_allowed,true,false,true
game/simulation/services/modifier_service.py,ModifierService.get_mandatory_modifiers,true,false,true
game/simulation/services/modifier_service.py,ModifierService.is_modifier_mandatory,true,false,true
game/simulation/services/modifier_service.py,ModifierService._has_arc_set_effect,true,false,false
game/simulation/services/modifier_service.py,ModifierService._get_base_firing_arc,true,false,false
game/simulation/services/modifier_service.py,ModifierService.get_initial_value,true,false,true
game/simulation/services/modifier_service.py,ModifierService.ensure_mandatory_modifiers,true,false,true
game/simulation/services/modifier_service.py,ModifierService.get_local_min_max,true,false,true
game/simulation/services/registry_loader.py,reload_registries_from_directory,true,false,true
game/simulation/services/registry_loader.py,find_file,false,false,true
game/simulation/services/ship_materializer.py,IShipMaterializer.materialize,true,false,true
game/simulation/services/ship_materializer.py,InstanceBackedMaterializer.materialize,true,false,true
game/simulation/services/ship_materializer.py,DesignOnlyMaterializer.__init__,true,true,false
game/simulation/services/ship_materializer.py,DesignOnlyMaterializer.materialize,true,false,true
game/simulation/services/ship_materializer.py,get_default_ship_materializer,true,false,true
game/simulation/services/ship_materializer.py,set_default_ship_materializer,true,false,true
game/simulation/services/vehicle_design_service.py,VehicleDesignService.__init__,false,true,false
game/simulation/services/vehicle_design_service.py,VehicleDesignService.create_ship,true,false,true
game/simulation/services/vehicle_design_service.py,VehicleDesignService.add_component,true,false,true
game/simulation/services/vehicle_design_service.py,VehicleDesignService.add_component_instance,true,false,true
game/simulation/services/vehicle_design_service.py,VehicleDesignService.add_component_bulk,true,false,true
game/simulation/services/vehicle_design_service.py,VehicleDesignService.remove_component,true,false,true
game/simulation/services/vehicle_design_service.py,VehicleDesignService.move_component,true,false,true
game/simulation/services/vehicle_design_service.py,VehicleDesignService.change_class,true,false,true
game/simulation/services/vehicle_design_service.py,VehicleDesignService.validate_design,true,false,true
game/simulation/services/vehicle_design_service.py,VehicleDesignService.get_available_components,true,false,true
game/simulation/services/vehicle_design_service.py,VehicleDesignService.get_layer_info,true,false,true
game/simulation/services/vehicle_design_service.py,VehicleDesignService.get_ship_summary,true,false,true
game/simulation/systems/battle_end_conditions.py,IEndCondition.is_met,true,false,true
game/simulation/systems/battle_end_conditions.py,IEndCondition.to_dict,true,false,true
game/simulation/systems/battle_end_conditions.py,IEndCondition.description,true,false,true
game/simulation/systems/battle_end_conditions.py,TickLimitCondition.__init__,false,true,false
game/simulation/systems/battle_end_conditions.py,TickLimitCondition.is_met,true,false,true
game/simulation/systems/battle_end_conditions.py,TickLimitCondition.to_dict,true,false,true
game/simulation/systems/battle_end_conditions.py,TickLimitCondition.from_dict,true,false,true
game/simulation/systems/battle_end_conditions.py,TickLimitCondition.description,true,false,true
game/simulation/systems/battle_end_conditions.py,TickLimitCondition.__repr__,true,true,false
game/simulation/systems/battle_end_conditions.py,TeamEliminatedCondition.__init__,false,true,false
game/simulation/systems/battle_end_conditions.py,TeamEliminatedCondition.is_met,true,false,true
game/simulation/systems/battle_end_conditions.py,TeamEliminatedCondition.to_dict,true,false,true
game/simulation/systems/battle_end_conditions.py,TeamEliminatedCondition.from_dict,true,false,true
game/simulation/systems/battle_end_conditions.py,TeamEliminatedCondition.description,true,false,true
game/simulation/systems/battle_end_conditions.py,TeamEliminatedCondition.__repr__,true,true,false
game/simulation/systems/battle_end_conditions.py,TeamIncapacitatedCondition.is_met,true,false,true
game/simulation/systems/battle_end_conditions.py,TeamIncapacitatedCondition._team_has_capability,true,false,false
game/simulation/systems/battle_end_conditions.py,TeamIncapacitatedCondition.to_dict,true,false,true
game/simulation/systems/battle_end_conditions.py,TeamIncapacitatedCondition.from_dict,true,false,true
game/simulation/systems/battle_end_conditions.py,TeamIncapacitatedCondition.description,true,false,true
game/simulation/systems/battle_end_conditions.py,TeamIncapacitatedCondition.__repr__,true,true,false
game/simulation/systems/battle_end_conditions.py,EscapeCondition.__init__,false,true,false
game/simulation/systems/battle_end_conditions.py,EscapeCondition.is_met,true,false,true
game/simulation/systems/battle_end_conditions.py,EscapeCondition._is_outside,true,false,false
game/simulation/systems/battle_end_conditions.py,EscapeCondition.to_dict,true,false,true
game/simulation/systems/battle_end_conditions.py,EscapeCondition.from_dict,true,false,true
game/simulation/systems/battle_end_conditions.py,EscapeCondition.description,true,false,true
game/simulation/systems/battle_end_conditions.py,EscapeCondition.__repr__,true,true,false
game/simulation/systems/battle_end_conditions.py,ShipDestroyedCondition.__init__,false,true,false
game/simulation/systems/battle_end_conditions.py,ShipDestroyedCondition.is_met,true,false,true
game/simulation/systems/battle_end_conditions.py,ShipDestroyedCondition.to_dict,true,false,true
game/simulation/systems/battle_end_conditions.py,ShipDestroyedCondition.from_dict,true,false,true
game/simulation/systems/battle_end_conditions.py,ShipDestroyedCondition.description,true,false,true
game/simulation/systems/battle_end_conditions.py,ShipDestroyedCondition.__repr__,true,true,false
game/simulation/systems/battle_end_conditions.py,NeverCondition.is_met,true,false,true
game/simulation/systems/battle_end_conditions.py,NeverCondition.to_dict,true,false,true
game/simulation/systems/battle_end_conditions.py,NeverCondition.from_dict,true,false,true
game/simulation/systems/battle_end_conditions.py,NeverCondition.description,true,false,true
game/simulation/systems/battle_end_conditions.py,NeverCondition.__repr__,true,true,false
game/simulation/systems/battle_end_conditions.py,MassRatioCondition.__init__,false,true,false
game/simulation/systems/battle_end_conditions.py,MassRatioCondition.is_met,true,false,true
game/simulation/systems/battle_end_conditions.py,MassRatioCondition.to_dict,true,false,true
game/simulation/systems/battle_end_conditions.py,MassRatioCondition.from_dict,true,false,true
game/simulation/systems/battle_end_conditions.py,MassRatioCondition.description,true,false,true
game/simulation/systems/battle_end_conditions.py,MassRatioCondition.__repr__,true,true,false
game/simulation/systems/battle_end_conditions.py,AnyCondition.__init__,false,true,false
game/simulation/systems/battle_end_conditions.py,AnyCondition.is_met,true,false,true
game/simulation/systems/battle_end_conditions.py,AnyCondition.to_dict,true,false,true
game/simulation/systems/battle_end_conditions.py,AnyCondition.from_dict,true,false,true
game/simulation/systems/battle_end_conditions.py,AnyCondition.description,true,false,true
game/simulation/systems/battle_end_conditions.py,AnyCondition.__repr__,true,true,false
game/simulation/systems/battle_end_conditions.py,AllCondition.__init__,false,true,false
game/simulation/systems/battle_end_conditions.py,AllCondition.is_met,true,false,true
game/simulation/systems/battle_end_conditions.py,AllCondition.to_dict,true,false,true
game/simulation/systems/battle_end_conditions.py,AllCondition.from_dict,true,false,true
game/simulation/systems/battle_end_conditions.py,AllCondition.description,true,false,true
game/simulation/systems/battle_end_conditions.py,AllCondition.__repr__,true,true,false
game/simulation/systems/battle_end_conditions.py,end_condition_from_dict,true,false,true
game/simulation/systems/battle_engine.py,BattleLogger.__init__,false,true,false
game/simulation/systems/battle_engine.py,BattleLogger.__enter__,false,true,false
game/simulation/systems/battle_engine.py,BattleLogger.__exit__,false,true,false
game/simulation/systems/battle_engine.py,BattleLogger.__del__,false,true,false
game/simulation/systems/battle_engine.py,BattleLogger.start_session,false,false,true
game/simulation/systems/battle_engine.py,BattleLogger.log,false,false,true
game/simulation/systems/battle_engine.py,BattleLogger.close,false,false,true
game/simulation/systems/battle_engine.py,BattleEngine.__init__,false,true,false
game/simulation/systems/battle_engine.py,BattleEngine.projectiles,true,false,true
game/simulation/systems/battle_engine.py,BattleEngine.teams,true,false,true
game/simulation/systems/battle_engine.py,BattleEngine.get_ships_by_team,true,false,true
game/simulation/systems/battle_engine.py,BattleEngine.get_enemies_of,true,false,true
game/simulation/systems/battle_engine.py,BattleEngine.start_teams,true,false,true
game/simulation/systems/battle_engine.py,BattleEngine._initialize_start_state,true,false,false
game/simulation/systems/battle_engine.py,BattleEngine.start,true,false,true
game/simulation/systems/battle_engine.py,BattleEngine._log_initial_status,true,false,false
game/simulation/systems/battle_engine.py,BattleEngine._initialize_ship,true,false,false
game/simulation/systems/battle_engine.py,BattleEngine.add_ship_mid_battle,true,false,true
game/simulation/systems/battle_engine.py,BattleEngine.remove_ship,true,false,true
game/simulation/systems/battle_engine.py,BattleEngine.get_ship_by_name,true,false,true
game/simulation/systems/battle_engine.py,BattleEngine.update,true,false,true
game/simulation/systems/battle_engine.py,BattleEngine._rebuild_grid,true,false,false
game/simulation/systems/battle_engine.py,BattleEngine._update_ai_and_ships,true,false,false
game/simulation/systems/battle_engine.py,BattleEngine._collect_new_attacks,true,false,false
game/simulation/systems/battle_engine.py,BattleEngine._process_attacks,true,false,false
game/simulation/systems/battle_engine.py,BattleEngine._process_projectile_attack,true,false,false
game/simulation/systems/battle_engine.py,BattleEngine._process_launch_attack,true,false,false
game/simulation/systems/battle_engine.py,BattleEngine.enforce_boundary,true,false,true
game/simulation/systems/battle_engine.py,BattleEngine._apply_exit_policy,true,false,false
game/simulation/systems/battle_engine.py,BattleEngine._bounce_ship,true,false,false
game/simulation/systems/battle_engine.py,BattleEngine.is_battle_over,true,false,true
game/simulation/systems/battle_engine.py,BattleEngine.get_winner,true,false,true
game/simulation/systems/battle_engine.py,BattleEngine.shutdown,true,false,true
game/simulation/systems/resource_manager.py,ResourceState.__init__,false,true,false
game/simulation/systems/resource_manager.py,ResourceState.consume,true,false,true
game/simulation/systems/resource_manager.py,ResourceState.has_sufficient,true,false,true
game/simulation/systems/resource_manager.py,ResourceState.add,false,false,true
game/simulation/systems/resource_manager.py,ResourceState.set_max,false,false,true
game/simulation/systems/resource_manager.py,ResourceState.update,false,false,true
game/simulation/systems/resource_manager.py,ResourceRegistry.__init__,false,true,false
game/simulation/systems/resource_manager.py,ResourceRegistry.get_resource,true,false,true
game/simulation/systems/resource_manager.py,ResourceRegistry.get_value,true,false,true
game/simulation/systems/resource_manager.py,ResourceRegistry.get_max_value,true,false,true
game/simulation/systems/resource_manager.py,ResourceRegistry.register_storage,false,false,true
game/simulation/systems/resource_manager.py,ResourceRegistry.register_generation,false,false,true
game/simulation/systems/resource_manager.py,ResourceRegistry.reset_stats,false,false,true
game/simulation/systems/resource_manager.py,ResourceRegistry.update,false,false,true
game/simulation/systems/resource_manager.py,ResourceRegistry.set_value,false,false,true
game/simulation/systems/resource_manager.py,ResourceRegistry.modify_value,false,false,true
game/simulation/systems/resource_manager.py,ResourceRegistry.set_max_value,true,false,true
game/simulation/systems/resource_manager.py,ResourceRegistry.set_regen_rate,true,false,true
game/simulation/systems/resource_manager.py,ResourceRegistry.get_resource_names,true,false,true
game/simulation/systems/resource_manager.py,ResourceRegistry.get_all_resources,true,false,true
game/simulation/systems/tech_preset_loader.py,TechPresetLoader.list_presets,true,false,true
game/simulation/systems/tech_preset_loader.py,TechPresetLoader.load_preset,true,false,true
game/simulation/systems/tech_preset_loader.py,TechPresetLoader.get_available_components,true,false,true
game/simulation/systems/tech_preset_loader.py,TechPresetLoader.get_available_modifiers,true,false,true
game/simulation/systems/tech_preset_loader.py,TechPresetLoader.is_component_available,true,false,true
game/simulation/systems/tech_preset_loader.py,TechPresetLoader.is_modifier_available,true,false,true
game/simulation/systems/tick_phase.py,ITickPhase.name,true,false,true
game/simulation/systems/tick_phase.py,ITickPhase.priority,true,false,true
game/simulation/systems/tick_phase.py,ITickPhase.execute,true,false,true
game/simulation/systems/tick_phase.py,TickPhaseRegistry.__init__,false,true,false
game/simulation/systems/tick_phase.py,TickPhaseRegistry.phases,true,false,true
game/simulation/systems/tick_phase.py,TickPhaseRegistry.register,true,false,true
game/simulation/systems/tick_phase.py,TickPhaseRegistry.execute_all,true,false,true
game/simulation/systems/tick_phase.py,RebuildGridPhase.name,true,false,true
game/simulation/systems/tick_phase.py,RebuildGridPhase.priority,true,false,true
game/simulation/systems/tick_phase.py,RebuildGridPhase.execute,true,false,true
game/simulation/systems/tick_phase.py,AIAndShipUpdatePhase.name,true,false,true
game/simulation/systems/tick_phase.py,AIAndShipUpdatePhase.priority,true,false,true
game/simulation/systems/tick_phase.py,AIAndShipUpdatePhase.execute,true,false,true
game/simulation/systems/tick_phase.py,BoundaryEnforcementPhase.name,true,false,true
game/simulation/systems/tick_phase.py,BoundaryEnforcementPhase.priority,true,false,true
game/simulation/systems/tick_phase.py,BoundaryEnforcementPhase.execute,true,false,true
game/simulation/systems/tick_phase.py,AttackProcessingPhase.name,true,false,true
game/simulation/systems/tick_phase.py,AttackProcessingPhase.priority,true,false,true
game/simulation/systems/tick_phase.py,AttackProcessingPhase.execute,true,false,true
game/simulation/systems/tick_phase.py,RammingPhase.name,true,false,true
game/simulation/systems/tick_phase.py,RammingPhase.priority,true,false,true
game/simulation/systems/tick_phase.py,RammingPhase.execute,true,false,true
game/simulation/systems/tick_phase.py,ProjectileUpdatePhase.name,true,false,true
game/simulation/systems/tick_phase.py,ProjectileUpdatePhase.priority,true,false,true
game/simulation/systems/tick_phase.py,ProjectileUpdatePhase.execute,true,false,true
game/simulation/systems/tick_phase.py,create_default_phases,true,false,true
game/simulation/validation/base.py,ValidationRule.validate,true,false,true
game/simulation/validation/base.py,ValidationRule._should_validate,true,false,false
game/simulation/validation/base.py,ValidationRule._do_validate,true,false,false
game/simulation/validation/base.py,DesignValidationRule._should_validate,true,false,false
game/simulation/validation/ship_validator.py,_parse_restriction,true,false,false
game/simulation/validation/ship_validator.py,LayerConstraintRule._do_validate,true,false,false
game/simulation/validation/ship_validator.py,UniqueComponentRule._should_validate,true,false,false
game/simulation/validation/ship_validator.py,UniqueComponentRule._do_validate,true,false,false
game/simulation/validation/ship_validator.py,ExclusiveGroupRule._should_validate,true,false,false
game/simulation/validation/ship_validator.py,ExclusiveGroupRule._do_validate,true,false,false
game/simulation/validation/ship_validator.py,MountDependencyRule._do_validate,true,false,false
game/simulation/validation/ship_validator.py,LayerRestrictionDefinitionRule._do_validate,true,false,false
game/simulation/validation/ship_validator.py,LayerRestrictionDefinitionRule._check_block_rules,true,false,false
game/simulation/validation/ship_validator.py,LayerRestrictionDefinitionRule._check_allow_rules,true,false,false
game/simulation/validation/ship_validator.py,MassBudgetRule._do_validate,true,false,false
game/simulation/validation/ship_validator.py,ClassRequirementsRule.__init__,false,true,false
game/simulation/validation/ship_validator.py,ClassRequirementsRule._do_validate,true,false,false
game/simulation/validation/ship_validator.py,ResourceDependencyRule._do_validate,true,false,false
game/simulation/validation/ship_validator.py,ShipDesignValidator.__init__,false,true,false
game/simulation/validation/ship_validator.py,ShipDesignValidator.validate_addition,true,false,true
game/simulation/validation/ship_validator.py,ShipDesignValidator.validate_design,true,false,true
game/strategy/adapters/simulation_adapter.py,SimulationBattleResolver.__init__,false,true,false
game/strategy/adapters/simulation_adapter.py,SimulationBattleResolver.resolve_battle,true,false,true
game/strategy/adapters/simulation_adapter.py,SimulationBattleResolver._resolve_seed,true,false,false
game/strategy/adapters/simulation_adapter.py,SimulationBattleResolver._build_spec,false,false,false
game/strategy/adapters/simulation_adapter.py,SimulationBattleResolver._determine_winner,true,false,false
game/strategy/adapters/simulation_adapter.py,SimulationBattleResolver._instances_to_ships,true,false,false
game/strategy/combat/post_battle_hook.py,apply_outcome_to_fleets,true,false,true
game/strategy/combat/post_battle_hook.py,_find_instance_by_id,true,false,false
game/strategy/combat/post_battle_hook.py,_apply_single_outcome,true,false,false
game/strategy/combat/post_battle_hook.py,_apply_survivor_outcome,true,false,false
game/strategy/combat/post_battle_hook.py,_remove_ship,true,false,false
game/strategy/combat/post_battle_hook.py,_prune_empty_fleets,true,false,false
game/strategy/combat/spec_compiler.py,build_strategy_battle_spec,true,false,true
game/strategy/combat/spec_compiler.py,_build_strategy_post_battle_hook,false,false,false
game/strategy/combat/spec_compiler.py,_hook,false,false,false
game/strategy/combat/spec_compiler.py,_team_spec_for_fleet,true,false,false
game/strategy/combat/spec_compiler.py,_pick_formation_for_fleet,true,false,false
game/strategy/combat/spec_compiler.py,_ship_spec_from_instance,true,false,false
game/strategy/combat/spec_compiler.py,_build_modifier_stack,true,false,false
game/strategy/combat/spec_compiler.py,_emit_entries_team_scoped,true,false,false
game/strategy/combat/spec_compiler.py,_entries_from_environmental_effects,true,false,false
game/strategy/combat/spec_compiler.py,_entries_from_fleet_combat_modifiers,true,false,false
game/strategy/config/economy_config.py,EconomyConfig.primary_resource,true,false,true
game/strategy/config/economy_config.py,load_economy_config,true,false,true
game/strategy/config/economy_config.py,get_default_economy_config,true,false,true
game/strategy/config/economy_config.py,set_default_economy_config,true,false,true
game/strategy/data/build_context.py,BuildContext.name,true,false,true
game/strategy/data/build_context.py,BuildContext.construction_queue,true,false,true
game/strategy/data/build_context.py,BuildContext.has_space_shipyard,true,false,true
game/strategy/data/build_context.py,BuildContext.owner_id,true,false,true
game/strategy/data/build_context.py,BuildContext.context_type,true,false,true
game/strategy/data/build_context.py,BuildContext.can_build_type,true,false,true
game/strategy/data/build_queue_source.py,_load_production_rates,true,false,false
game/strategy/data/build_queue_source.py,get_default_production_rates,true,false,true
game/strategy/data/build_queue_source.py,get_build_rate_booster_mult,true,false,true
game/strategy/data/build_queue_source.py,colony_has_planetary_yard,true,false,true
game/strategy/data/build_queue_source.py,_get_facility_production_rates,true,false,false
game/strategy/data/build_queue_source.py,_get_planetary_yard_size_multiplier,true,false,false
game/strategy/data/build_queue_source.py,estimate_build_turns,true,false,true
game/strategy/data/build_queue_source.py,get_production_rate_for_queue,true,false,true
game/strategy/data/build_queue_source.py,_collect_planet_sources,true,false,false
game/strategy/data/build_queue_source.py,_collect_fleet_sources,true,false,false
game/strategy/data/build_queue_source.py,collect_build_queues_at_hex,true,false,true
game/strategy/data/build_queue_source.py,collect_all_build_queues_for_empire,true,false,true
game/strategy/data/classification_config.py,ClassificationConfig.__init__,false,true,false
game/strategy/data/classification_config.py,ClassificationConfig._load_from_json,true,false,false
game/strategy/data/classification_config.py,ClassificationConfig._use_defaults,true,false,false
game/strategy/data/classification_config.py,get_classification_config,true,false,true
game/strategy/data/colony_species_config.py,ColonySpeciesConfig.__post_init__,true,true,false
game/strategy/data/colony_species_config.py,ColonySpeciesConfig.last_food_ratio,true,false,true
game/strategy/data/colony_species_config.py,ColonySpeciesConfig.to_dict,true,false,true
game/strategy/data/colony_species_config.py,ColonySpeciesConfig.from_dict,true,false,true
game/strategy/data/component_activation_state.py,ComponentActivationState.tick,true,false,true
game/strategy/data/component_activation_state.py,ComponentActivationState.start_activating,true,false,true
game/strategy/data/component_activation_state.py,ComponentActivationState.start_deactivating,true,false,true
game/strategy/data/component_activation_state.py,ComponentActivationState.cancel,true,false,true
game/strategy/data/component_activation_state.py,ComponentActivationState.is_functionally_active,true,false,true
game/strategy/data/component_activation_state.py,ComponentActivationState.is_draining_energy,true,false,true
game/strategy/data/component_activation_state.py,ComponentActivationState.to_dict,true,false,true
game/strategy/data/component_activation_state.py,ComponentActivationState.from_dict,true,false,true
game/strategy/data/design_metadata.py,DesignMetadata.to_dict,true,false,true
game/strategy/data/design_metadata.py,DesignMetadata.from_dict,true,false,true
game/strategy/data/design_metadata.py,DesignMetadata.from_design_file,true,false,true
game/strategy/data/design_metadata.py,DesignMetadata.from_ship,true,false,true
game/strategy/data/design_metadata.py,DesignMetadata._calculate_combat_power,true,false,false
game/strategy/data/design_metadata.py,DesignMetadata._calculate_combat_power_from_ship,true,false,false
game/strategy/data/design_metadata.py,DesignMetadata._calculate_construction_cost,true,false,false
game/strategy/data/design_metadata.py,DesignMetadata._calculate_construction_cost_from_ship,true,false,false
game/strategy/data/design_metadata.py,DesignMetadata.embed_in_ship_data,true,false,true
game/strategy/data/design_role.py,classify_design_role,true,false,true
game/strategy/data/design_role.py,classify_from_design_data,true,false,true
game/strategy/data/design_role_registry.py,get_default_design_role_registry,true,false,true
game/strategy/data/design_role_registry.py,set_default_design_role_registry,true,false,true
game/strategy/data/design_role_registry.py,reset_default_design_role_registry,true,false,true
game/strategy/data/design_role_registry.py,_build_default,true,false,false
game/strategy/data/empire.py,Empire.__init__,false,true,false
game/strategy/data/empire.py,Empire.add_colony,false,false,true
game/strategy/data/empire.py,Empire.add_fleet,false,false,true
game/strategy/data/empire.py,Empire.remove_fleet,false,false,true
game/strategy/data/empire.py,Empire.get_next_fleet_display_number,true,false,true
game/strategy/data/empire.py,Empire.get_next_serial,true,false,true
game/strategy/data/empire.py,Empire.set_galaxy,true,false,true
game/strategy/data/empire.py,Empire.resource_pool,true,false,true
game/strategy/data/empire.py,Empire.resource_pool,true,false,true
game/strategy/data/empire.py,Empire.add_resources,true,false,true
game/strategy/data/empire.py,Empire.consume_resources,true,false,true
game/strategy/data/empire.py,Empire.has_resources,true,false,true
game/strategy/data/empire.py,Empire.get_resource,true,false,true
game/strategy/data/empire.py,Empire.resident_species,true,false,true
game/strategy/data/empire.py,Empire.to_dict,true,false,true
game/strategy/data/empire.py,Empire.from_dict,true,false,true
game/strategy/data/environmental_preference.py,EnvironmentalPreference.__post_init__,true,true,false
game/strategy/data/environmental_preference.py,EnvironmentalPreference.validate,true,false,true
game/strategy/data/environmental_preference.py,EnvironmentalPreference.to_dict,true,false,true
game/strategy/data/environmental_preference.py,EnvironmentalPreference.from_dict,true,false,true
game/strategy/data/fleet.py,Fleet.__init__,false,true,false
game/strategy/data/fleet.py,Fleet.task_forces,true,false,true
game/strategy/data/fleet.py,Fleet.add_task_force,true,false,true
game/strategy/data/fleet.py,Fleet.remove_task_force,true,false,true
game/strategy/data/fleet.py,Fleet.get_unassigned_ships,true,false,true
game/strategy/data/fleet.py,Fleet.name,true,false,true
game/strategy/data/fleet.py,Fleet.composition_summary,true,false,true
game/strategy/data/fleet.py,Fleet.context_type,true,false,true
game/strategy/data/fleet.py,Fleet.add_ship,true,false,true
game/strategy/data/fleet.py,Fleet.remove_ship,true,false,true
game/strategy/data/fleet.py,Fleet.trigger_speed_recalculation,true,false,true
game/strategy/data/fleet.py,Fleet.get_ship_names,true,false,true
game/strategy/data/fleet.py,Fleet.get_combat_capable_ships,true,false,true
game/strategy/data/fleet.py,Fleet.capabilities,true,false,true
game/strategy/data/fleet.py,Fleet.resources,true,false,true
game/strategy/data/fleet.py,Fleet.has_cargo_resources,true,false,true
game/strategy/data/fleet.py,Fleet.consume_cargo_resource,true,false,true
game/strategy/data/fleet.py,Fleet.get_cargo_resource,true,false,true
game/strategy/data/fleet.py,Fleet.battle,true,false,true
game/strategy/data/fleet.py,Fleet.pursuer_tracker,true,false,true
game/strategy/data/fleet.py,Fleet.is_building,true,false,true
game/strategy/data/fleet.py,Fleet._unregister_from_target,true,false,false
game/strategy/data/fleet.py,Fleet.add_order,true,false,true
game/strategy/data/fleet.py,Fleet.clear_orders,true,false,true
game/strategy/data/fleet.py,Fleet.get_current_order,true,false,true
game/strategy/data/fleet.py,Fleet.pop_order,true,false,true
game/strategy/data/fleet.py,Fleet.remove_order_at,true,false,true
game/strategy/data/fleet.py,Fleet.remove_orders_by_type,true,false,true
game/strategy/data/fleet.py,Fleet.merge_with,true,false,true
game/strategy/data/fleet.py,Fleet.to_dict,true,false,true
game/strategy/data/fleet.py,Fleet.from_dict,true,false,true
game/strategy/data/fleet.py,Fleet.resolve_order_references,true,false,true
game/strategy/data/fleet.py,Fleet.__repr__,false,true,false
game/strategy/data/fleet.py,Fleet.__eq__,true,true,false
game/strategy/data/fleet.py,Fleet.__hash__,false,true,false
game/strategy/data/fleet_battle_adapter.py,FleetBattleAdapter.__init__,false,true,false
game/strategy/data/fleet_battle_adapter.py,FleetBattleAdapter.to_battle_ships,true,false,true
game/strategy/data/fleet_battle_adapter.py,FleetBattleAdapter._resolve_ship_policies,true,false,false
game/strategy/data/fleet_battle_adapter.py,FleetBattleAdapter._apply_policy_override,true,false,false
game/strategy/data/fleet_battle_adapter.py,FleetBattleAdapter._default_formation_positions,true,false,false
game/strategy/data/fleet_capability_calculator.py,_get_ship_component_registry,true,false,false
game/strategy/data/fleet_capability_calculator.py,FleetCapabilityCalculator.ship_has_spaceyard,true,false,true
game/strategy/data/fleet_capability_calculator.py,FleetCapabilityCalculator.__init__,false,true,false
game/strategy/data/fleet_capability_calculator.py,FleetCapabilityCalculator.has_space_shipyard,true,false,true
game/strategy/data/fleet_capability_calculator.py,FleetCapabilityCalculator.space_shipyard_count,true,false,true
game/strategy/data/fleet_capability_calculator.py,FleetCapabilityCalculator._get_registry,true,false,false
game/strategy/data/fleet_capability_calculator.py,FleetCapabilityCalculator.can_build_type,true,false,true
game/strategy/data/fleet_capability_calculator.py,FleetCapabilityCalculator.can_use_warp,true,false,true
game/strategy/data/fleet_capability_calculator.py,FleetCapabilityCalculator.get_warp_limiting_ship,true,false,true
game/strategy/data/fleet_capability_calculator.py,FleetCapabilityCalculator.has_ability,true,false,true
game/strategy/data/fleet_capability_calculator.py,FleetCapabilityCalculator.ships_with_ability,true,false,true
game/strategy/data/fleet_capability_calculator.py,FleetCapabilityCalculator.list_abilities,true,false,true
game/strategy/data/fleet_consumable_aggregator.py,FleetConsumableAggregator.__init__,false,true,false
game/strategy/data/fleet_consumable_aggregator.py,FleetConsumableAggregator._accumulate_ship_costs,true,false,false
game/strategy/data/fleet_consumable_aggregator.py,FleetConsumableAggregator._verify_and_consume_resources,true,false,false
game/strategy/data/fleet_consumable_aggregator.py,FleetConsumableAggregator.get_movement_resource_costs,true,false,true
game/strategy/data/fleet_consumable_aggregator.py,FleetConsumableAggregator.has_resources_for_movement,true,false,true
game/strategy/data/fleet_consumable_aggregator.py,FleetConsumableAggregator.consume_movement_resources,true,false,true
game/strategy/data/fleet_consumable_aggregator.py,FleetConsumableAggregator.get_warp_resource_costs,true,false,true
game/strategy/data/fleet_consumable_aggregator.py,FleetConsumableAggregator.has_resources_for_warp,true,false,true
game/strategy/data/fleet_consumable_aggregator.py,FleetConsumableAggregator.consume_warp_resources,true,false,true
game/strategy/data/fleet_consumable_aggregator.py,FleetConsumableAggregator.fuel_endurance,true,false,true
game/strategy/data/fleet_consumable_aggregator.py,FleetConsumableAggregator.warp_jumps_remaining,true,false,true
game/strategy/data/fleet_consumable_aggregator.py,FleetConsumableAggregator.get_capability_summary,true,false,true
game/strategy/data/fleet_consumable_aggregator.py,FleetConsumableAggregator.get_fleet_pod_capacity,true,false,true
game/strategy/data/fleet_consumable_aggregator.py,FleetConsumableAggregator.get_fleet_pod_mass_used,true,false,true
game/strategy/data/fleet_consumable_aggregator.py,FleetConsumableAggregator.get_fleet_cargo_capacity,true,false,true
game/strategy/data/fleet_consumable_aggregator.py,FleetConsumableAggregator.get_fleet_cargo_current,true,false,true
game/strategy/data/fleet_consumable_aggregator.py,FleetConsumableAggregator.load_cargo_to_fleet,true,false,true
game/strategy/data/fleet_consumable_aggregator.py,FleetConsumableAggregator.unload_cargo_from_fleet,true,false,true
game/strategy/data/fleet_hierarchy.py,CombatPolicy.is_empty,true,false,true
game/strategy/data/fleet_hierarchy.py,CombatPolicy.resolve,true,false,true
game/strategy/data/fleet_hierarchy.py,CombatPolicy.to_dict,true,false,true
game/strategy/data/fleet_hierarchy.py,CombatPolicy.from_dict,true,false,true
game/strategy/data/fleet_hierarchy.py,FleetHierarchyNode.__init__,false,true,false
game/strategy/data/fleet_hierarchy.py,FleetHierarchyNode.lone_ships,true,false,true
game/strategy/data/fleet_hierarchy.py,FleetHierarchyNode.add_lone_ship,true,false,true
game/strategy/data/fleet_hierarchy.py,FleetHierarchyNode.remove_lone_ship,true,false,true
game/strategy/data/fleet_hierarchy.py,FleetHierarchyNode.all_ships,true,false,true
game/strategy/data/fleet_hierarchy.py,FleetHierarchyNode.resolve_effective_policy,true,false,true
game/strategy/data/fleet_hierarchy.py,FleetHierarchyNode.to_dict,true,false,true
game/strategy/data/fleet_hierarchy.py,FleetHierarchyNode.from_dict,true,false,true
game/strategy/data/fleet_pursuer_tracker.py,FleetPursuerTracker.__init__,true,true,false
game/strategy/data/fleet_pursuer_tracker.py,FleetPursuerTracker.pursuers,true,false,true
game/strategy/data/fleet_pursuer_tracker.py,FleetPursuerTracker.pursuer_count,true,false,true
game/strategy/data/fleet_pursuer_tracker.py,FleetPursuerTracker.add_pursuer,true,false,true
game/strategy/data/fleet_pursuer_tracker.py,FleetPursuerTracker.remove_pursuer,true,false,true
game/strategy/data/fleet_pursuer_tracker.py,FleetPursuerTracker.redirect_pursuers,true,false,true
game/strategy/data/fleet_pursuer_tracker.py,FleetPursuerTracker.notify_target_destroyed,true,false,true
game/strategy/data/fleet_pursuer_tracker.py,FleetPursuerTracker._remove_orders_targeting_fleet,true,false,false
game/strategy/data/galaxy.py,WarpPoint.__init__,false,true,false
game/strategy/data/galaxy.py,WarpPoint.to_dict,true,false,true
game/strategy/data/galaxy.py,WarpPoint.from_dict,true,false,true
game/strategy/data/galaxy.py,StarSystem.__init__,false,true,false
game/strategy/data/galaxy.py,StarSystem.primary_star,false,false,true
game/strategy/data/galaxy.py,StarSystem.add_warp_point,false,false,true
game/strategy/data/galaxy.py,StarSystem.__repr__,false,true,false
game/strategy/data/galaxy.py,StarSystem.to_dict,true,false,true
game/strategy/data/galaxy.py,StarSystem.from_dict,true,false,true
game/strategy/data/galaxy.py,Galaxy.__init__,false,true,false
game/strategy/data/galaxy.py,Galaxy.add_system,false,false,true
game/strategy/data/galaxy.py,Galaxy._register_zones_from_system,true,false,false
game/strategy/data/galaxy.py,Galaxy._rebuild_warp_point_index,true,false,false
game/strategy/data/galaxy.py,Galaxy._rebuild_all_warp_point_indices,true,false,false
game/strategy/data/galaxy.py,Galaxy.get_system_by_name,true,false,true
game/strategy/data/galaxy.py,Galaxy.get_system_of_object,true,false,true
game/strategy/data/galaxy.py,Galaxy.register_planet,true,false,true
game/strategy/data/galaxy.py,Galaxy.get_planet_by_id,true,false,true
game/strategy/data/galaxy.py,Galaxy.get_system_of_planet,true,false,true
game/strategy/data/galaxy.py,Galaxy.get_planets_at_global_hex,true,false,true
game/strategy/data/galaxy.py,Galaxy.get_planet_global_hex,true,false,true
game/strategy/data/galaxy.py,Galaxy.register_zone,true,false,true
game/strategy/data/galaxy.py,Galaxy.unregister_zone,true,false,true
game/strategy/data/galaxy.py,Galaxy.get_zones_at_global_hex,true,false,true
game/strategy/data/galaxy.py,Galaxy.get_next_fleet_id,true,false,true
game/strategy/data/galaxy.py,Galaxy.register_fleet,true,false,true
game/strategy/data/galaxy.py,Galaxy.unregister_fleet,true,false,true
game/strategy/data/galaxy.py,Galaxy.get_fleet_by_id,true,false,true
game/strategy/data/galaxy.py,Galaxy.unregister_planet,true,false,true
game/strategy/data/galaxy.py,Galaxy.remove_warp_link,true,false,true
game/strategy/data/galaxy.py,Galaxy.get_system_at_location,true,false,true
game/strategy/data/galaxy.py,Galaxy.get_all_fleets_in_system,true,false,true
game/strategy/data/galaxy.py,Galaxy.generate_planets,true,false,true
game/strategy/data/galaxy.py,Galaxy.generate_systems,true,false,true
game/strategy/data/galaxy.py,Galaxy.create_vars_link,true,false,true
game/strategy/data/galaxy.py,Galaxy.generate_warp_lanes,true,false,true
game/strategy/data/galaxy.py,Galaxy.to_dict,true,false,true
game/strategy/data/galaxy.py,Galaxy.from_dict,true,false,true
game/strategy/data/galaxy_entity_registry.py,GalaxyEntityRegistry.__init__,false,true,false
game/strategy/data/galaxy_entity_registry.py,GalaxyEntityRegistry._index_planet,true,false,false
game/strategy/data/galaxy_entity_registry.py,GalaxyEntityRegistry.register_planet,true,false,true
game/strategy/data/galaxy_entity_registry.py,GalaxyEntityRegistry.restore_planet,true,false,true
game/strategy/data/galaxy_entity_registry.py,GalaxyEntityRegistry.get_planet_by_id,true,false,true
game/strategy/data/galaxy_entity_registry.py,GalaxyEntityRegistry.unregister_planet,true,false,true
game/strategy/data/galaxy_entity_registry.py,GalaxyEntityRegistry.register_fleet,true,false,true
game/strategy/data/galaxy_entity_registry.py,GalaxyEntityRegistry.unregister_fleet,true,false,true
game/strategy/data/galaxy_entity_registry.py,GalaxyEntityRegistry.get_fleet_by_id,true,false,true
game/strategy/data/galaxy_entity_registry.py,GalaxyEntityRegistry.register_zone,true,false,true
game/strategy/data/galaxy_entity_registry.py,GalaxyEntityRegistry.unregister_zone,true,false,true
game/strategy/data/galaxy_spatial_index.py,GalaxySpatialIndex.__init__,false,true,false
game/strategy/data/galaxy_spatial_index.py,GalaxySpatialIndex.get_system_of_object,true,false,true
game/strategy/data/galaxy_spatial_index.py,GalaxySpatialIndex.get_system_of_planet,true,false,true
game/strategy/data/galaxy_spatial_index.py,GalaxySpatialIndex.get_planets_at_global_hex,true,false,true
game/strategy/data/galaxy_spatial_index.py,GalaxySpatialIndex.get_planet_global_hex,true,false,true
game/strategy/data/galaxy_spatial_index.py,GalaxySpatialIndex.get_zones_at_global_hex,true,false,true
game/strategy/data/galaxy_spatial_index.py,GalaxySpatialIndex.get_system_at_location,true,false,true
game/strategy/data/galaxy_spatial_index.py,GalaxySpatialIndex.get_all_fleets_in_system,true,false,true
game/strategy/data/galaxy_system_generator.py,GalaxySystemGenerator.__init__,false,true,false
game/strategy/data/galaxy_system_generator.py,GalaxySystemGenerator.generate_planets,true,false,true
game/strategy/data/galaxy_system_generator.py,GalaxySystemGenerator.generate_storms,true,false,true
game/strategy/data/galaxy_system_generator.py,GalaxySystemGenerator.generate_systems,true,false,true
game/strategy/data/galaxy_warp_generator.py,GalaxyWarpGenerator._calculate_warp_distance,true,false,false
game/strategy/data/galaxy_warp_generator.py,GalaxyWarpGenerator._is_angle_clear,true,false,false
game/strategy/data/galaxy_warp_generator.py,GalaxyWarpGenerator.create_warp_link,true,false,true
game/strategy/data/galaxy_warp_generator.py,GalaxyWarpGenerator._build_edge_candidates,true,false,false
game/strategy/data/galaxy_warp_generator.py,GalaxyWarpGenerator._apply_mst_edges,true,false,false
game/strategy/data/galaxy_warp_generator.py,GalaxyWarpGenerator.find,false,false,true
game/strategy/data/galaxy_warp_generator.py,GalaxyWarpGenerator.union,false,false,true
game/strategy/data/galaxy_warp_generator.py,GalaxyWarpGenerator._should_add_density_edge,true,false,false
game/strategy/data/galaxy_warp_generator.py,GalaxyWarpGenerator._add_density_edges,true,false,false
game/strategy/data/galaxy_warp_generator.py,GalaxyWarpGenerator.generate_warp_lanes,true,false,true
game/strategy/data/group_policy_registry.py,GroupPolicyRegistry.__init__,false,true,false
game/strategy/data/group_policy_registry.py,GroupPolicyRegistry.load,true,false,true
game/strategy/data/group_policy_registry.py,GroupPolicyRegistry.is_valid_targeting,true,false,true
game/strategy/data/group_policy_registry.py,GroupPolicyRegistry.is_valid_movement,true,false,true
game/strategy/data/group_policy_registry.py,GroupPolicyRegistry.is_valid_retreat,true,false,true
game/strategy/data/group_policy_registry.py,GroupPolicyRegistry.validate_policy,true,false,true
game/strategy/data/group_policy_registry.py,GroupPolicyRegistry.get_targeting,true,false,true
game/strategy/data/group_policy_registry.py,GroupPolicyRegistry.get_movement,true,false,true
game/strategy/data/group_policy_registry.py,GroupPolicyRegistry.get_retreat,true,false,true
game/strategy/data/habitability_factors.py,_default_gaussian_scorer,true,false,false
game/strategy/data/habitability_factors.py,_make_scalar_extractor,true,false,false
game/strategy/data/habitability_factors.py,extract,true,false,true
game/strategy/data/habitability_factors.py,_make_gas_extractor,true,false,false
game/strategy/data/habitability_factors.py,extract,true,false,true
game/strategy/data/habitability_factors.py,_build_gas_factors,true,false,false
game/strategy/data/habitability_factors.py,get_factor,true,false,true
game/strategy/data/habitability_factors.py,iter_scalar_factors,true,false,true
game/strategy/data/habitability_factors.py,iter_gas_factors,true,false,true
game/strategy/data/homeworld_presets.py,_get_presets_path,true,false,false
game/strategy/data/homeworld_presets.py,load_homeworld_presets,true,false,true
game/strategy/data/homeworld_presets.py,get_preset_for_planet_type,true,false,true
game/strategy/data/homeworld_presets.py,apply_preset_to_config,true,false,true
game/strategy/data/homeworld_presets.py,get_available_homeworld_names,true,false,true
game/strategy/data/homeworld_presets.py,get_preset_id_from_name,true,false,true
game/strategy/data/homeworld_presets.py,clear_cache,true,false,true
game/strategy/data/naming.py,NameRegistry.__init__,true,true,false
game/strategy/data/naming.py,NameRegistry.load_data,true,false,true
game/strategy/data/naming.py,NameRegistry.get_system_name,true,false,true
game/strategy/data/naming.py,NameRegistry.to_roman,true,false,true
game/strategy/data/orbital_generation_config.py,OrbitalGenerationConfig.__init__,false,true,false
game/strategy/data/orbital_generation_config.py,OrbitalGenerationConfig._load_from_json,true,false,false
game/strategy/data/orbital_generation_config.py,OrbitalGenerationConfig._use_defaults,true,false,false
game/strategy/data/orbital_generation_config.py,get_orbital_generation_config,true,false,true
game/strategy/data/order_serializer.py,OrderSerializer.deserialize_orders,true,false,true
game/strategy/data/order_serializer.py,OrderSerializer._deserialize_single_order,true,false,false
game/strategy/data/order_serializer.py,OrderSerializer._deserialize_target,true,false,false
game/strategy/data/order_serializer.py,OrderSerializer.resolve_order_references,true,false,true
game/strategy/data/order_types.py,Order.__init__,false,true,false
game/strategy/data/order_types.py,Order.__repr__,true,true,false
game/strategy/data/order_types.py,Order.to_dict,true,false,true
game/strategy/data/order_types.py,Order.from_dict,true,false,true
game/strategy/data/pathfinding.py,strip_start_hex,true,false,true
game/strategy/data/pathfinding.py,find_path_deep_space,true,false,true
game/strategy/data/pathfinding.py,find_path_interstellar,true,false,true
game/strategy/data/pathfinding.py,get_system_at_hex,true,false,true
game/strategy/data/pathfinding.py,find_nearest_system,true,false,true
game/strategy/data/pathfinding.py,find_hybrid_path,false,false,true
game/strategy/data/pathfinding.py,project_fleet_path,false,false,true
game/strategy/data/pathfinding.py,_ChaserProxyCapabilities.__init__,false,true,false
game/strategy/data/pathfinding.py,_ChaserProxyCapabilities.can_use_warp,true,false,true
game/strategy/data/pathfinding.py,_ChaserProxy.__init__,false,true,false
game/strategy/data/pathfinding.py,_ChaserProxy.capabilities,true,false,true
game/strategy/data/pathfinding.py,_extract_chaser_info,true,false,false
game/strategy/data/pathfinding.py,_evaluate_intercept_candidates,true,false,false
game/strategy/data/pathfinding.py,calculate_intercept_point,true,false,true
game/strategy/data/physics.py,SectorEnvironment.__init__,true,true,false
game/strategy/data/physics.py,SectorEnvironment.calculate_radiation,true,false,true
game/strategy/data/physics.py,calculate_incident_radiation,true,false,true
game/strategy/data/planet.py,Planet.__eq__,false,true,false
game/strategy/data/planet.py,Planet.__hash__,false,true,false
game/strategy/data/planet.py,Planet.active_abilities,true,false,true
game/strategy/data/planet.py,Planet.is_ability_active,true,false,true
game/strategy/data/planet.py,Planet.occupied_hexes,true,false,true
game/strategy/data/planet.py,Planet.total_pressure_atm,true,false,true
game/strategy/data/planet.py,Planet.max_population,true,false,true
game/strategy/data/planet.py,Planet.total_population,true,false,true
game/strategy/data/planet.py,Planet.has_space_shipyard,true,false,true
game/strategy/data/planet.py,Planet.get_cached_habitability_multiplier,true,false,true
game/strategy/data/planet.py,Planet.get_species_config,true,false,true
game/strategy/data/planet.py,Planet.context_type,true,false,true
game/strategy/data/planet.py,Planet.add_to_stockpile,true,false,true
game/strategy/data/planet.py,Planet.consume_from_stockpile,true,false,true
game/strategy/data/planet.py,Planet.has_stockpile,true,false,true
game/strategy/data/planet.py,Planet.get_stockpile,true,false,true
game/strategy/data/planet.py,Planet.get_staging_mass,true,false,true
game/strategy/data/planet.py,Planet.add_to_staging_yard,true,false,true
game/strategy/data/planet.py,Planet.remove_from_staging_yard,true,false,true
game/strategy/data/planet.py,Planet.can_build_type,true,false,true
game/strategy/data/planet.py,Planet.get_current_order,true,false,true
game/strategy/data/planet.py,Planet.pop_order,true,false,true
game/strategy/data/planet.py,Planet.add_order,true,false,true
game/strategy/data/planet.py,Planet.clear_orders,true,false,true
game/strategy/data/planet.py,Planet.add_production,false,false,true
game/strategy/data/planet.py,Planet.to_dict,true,false,true
game/strategy/data/planet.py,Planet.from_dict,true,false,true
game/strategy/data/planet.py,_deserialize_planet_orders,true,false,false
game/strategy/data/planet_atmosphere.py,generate_atmosphere,true,false,true
game/strategy/data/planet_atmosphere.py,_calculate_retained_gases,true,false,false
game/strategy/data/planet_atmosphere.py,_calculate_base_pressure,true,false,false
game/strategy/data/planet_atmosphere.py,_distribute_gas_composition,true,false,false
game/strategy/data/planet_atmosphere.py,_calculate_greenhouse_effect,true,false,false
game/strategy/data/planet_gen.py,PlanetGenerator.__init__,false,true,false
game/strategy/data/planet_gen.py,PlanetGenerator.generate_system_bodies,true,false,true
game/strategy/data/planet_gen.py,PlanetGenerator._generate_orbital_slots,true,false,false
game/strategy/data/planet_gen.py,PlanetGenerator._collect_star_exclusion_zones,true,false,false
game/strategy/data/planet_gen.py,PlanetGenerator._generate_mass_constrained,true,false,false
game/strategy/data/planet_gen.py,PlanetGenerator._generate_moons,true,false,false
game/strategy/data/planet_gen.py,PlanetGenerator._calculate_moon_chance,true,false,false
game/strategy/data/planet_gen.py,PlanetGenerator._generate_moon_mass,true,false,false
game/strategy/data/planet_gen.py,PlanetGenerator._create_planet_objects,true,false,false
game/strategy/data/planet_gen.py,PlanetGenerator._create_single_planet,true,false,false
game/strategy/data/planet_gen.py,PlanetGenerator._generate_surface_flags,false,false,false
game/strategy/data/planet_gen.py,PlanetGenerator._determine_type,true,false,false
game/strategy/data/planet_gen.py,PlanetGenerator._generate_resources,true,false,false
game/strategy/data/planet_naming.py,to_roman,true,false,true
game/strategy/data/planet_naming.py,assign_body_names,true,false,true
game/strategy/data/planet_physics.py,calculate_radius_density_from_mass,true,false,true
game/strategy/data/planet_physics.py,calculate_escape_velocity,true,false,true
game/strategy/data/planet_physics.py,calculate_surface_gravity,true,false,true
game/strategy/data/planet_physics.py,calculate_surface_area,true,false,true
game/strategy/data/planet_physics.py,calculate_blackbody_temperature,true,false,true
game/strategy/data/planet_physics.py,validate_planet_parameters,true,false,true
game/strategy/data/planetary_facility.py,PlanetaryFacility.to_dict,true,false,true
game/strategy/data/planetary_facility.py,PlanetaryFacility.from_dict,true,false,true
game/strategy/data/planetary_facility.py,PlanetaryFacility.is_component_active,true,false,true
game/strategy/data/planetary_facility.py,PlanetaryFacility.set_component_active,true,false,true
game/strategy/data/planetary_facility.py,PlanetaryFacility.get_activation_state,true,false,true
game/strategy/data/planetary_facility.py,PlanetaryFacility.set_activation_state,true,false,true
game/strategy/data/planetary_facility.py,PlanetaryFacility.get_fuel_storage,true,false,true
game/strategy/data/planetary_facility.py,PlanetaryFacility.get_max_fuel_storage,true,false,true
game/strategy/data/planetary_facility.py,PlanetaryFacility.add_fuel,true,false,true
game/strategy/data/planetary_facility.py,PlanetaryFacility.withdraw_fuel,true,false,true
game/strategy/data/planetary_facility.py,PlanetaryFacility.is_shipyard,true,false,true
game/strategy/data/race_caption_loader.py,RaceCaptionLoader.__init__,true,true,false
game/strategy/data/race_caption_loader.py,RaceCaptionLoader.load_flag,true,false,true
game/strategy/data/race_caption_loader.py,RaceCaptionLoader.load_portrait,true,false,true
game/strategy/data/race_caption_loader.py,RaceCaptionLoader.load_theme,true,false,true
game/strategy/data/race_caption_loader.py,RaceCaptionLoader._load,true,false,false
game/strategy/data/race_config.py,RaceConfig.__post_init__,false,true,false
game/strategy/data/race_config.py,RaceConfig.to_dict,true,false,true
game/strategy/data/race_config.py,RaceConfig.from_dict,true,false,true
game/strategy/data/race_config.py,RaceConfig.save,true,false,true
game/strategy/data/race_config.py,RaceConfig.load,true,false,true
game/strategy/data/race_config.py,RaceConfig.validate,true,false,true
game/strategy/data/race_config.py,RaceConfig._validate_required_fields,true,false,false
game/strategy/data/race_config.py,RaceConfig._validate_aptitudes,true,false,false
game/strategy/data/race_config.py,RaceConfig._validate_identity_enums,true,false,false
game/strategy/data/race_config.py,RaceConfig._validate_homeworld,true,false,false
game/strategy/data/race_config.py,RaceConfig._validate_descriptions,true,false,false
game/strategy/data/race_config.py,RaceConfig._validate_preferences,true,false,false
game/strategy/data/race_config.py,RaceConfig._validate_reproduction_and_happiness,true,false,false
game/strategy/data/race_config.py,RaceConfig.is_complete,true,false,true
game/strategy/data/race_point_budget.py,RacePointBudget.__init__,false,true,false
game/strategy/data/race_point_budget.py,RacePointBudget.calculate_aptitude_cost,true,false,true
game/strategy/data/race_point_budget.py,RacePointBudget._iter_paid_aptitudes,false,false,false
game/strategy/data/race_point_budget.py,RacePointBudget._single_aptitude_cost,true,false,false
game/strategy/data/race_point_budget.py,RacePointBudget.calculate_preferences_cost,true,false,true
game/strategy/data/race_point_budget.py,RacePointBudget.calculate_reproduction_cost,true,false,true
game/strategy/data/race_point_budget.py,RacePointBudget.calculate_total_cost,true,false,true
game/strategy/data/race_point_budget.py,RacePointBudget.get_remaining_points,true,false,true
game/strategy/data/race_point_budget.py,RacePointBudget.is_within_budget,true,false,true
game/strategy/data/race_point_budget.py,RacePointBudget.get_aptitude_breakdown,true,false,true
game/strategy/data/race_point_budget.py,RacePointBudget.get_breakdown,true,false,true
game/strategy/data/race_point_budget.py,RacePointBudget._exponential_cost,true,false,false
game/strategy/data/resource_generation_config.py,ResourceGenerationConfig.__init__,false,true,false
game/strategy/data/resource_generation_config.py,ResourceGenerationConfig._load_from_json,true,false,false
game/strategy/data/resource_generation_config.py,ResourceGenerationConfig._use_defaults,true,false,false
game/strategy/data/resource_generation_config.py,ResourceGenerationConfig.get_affinity,true,false,true
game/strategy/data/resource_generation_config.py,get_resource_generation_config,true,false,true
game/strategy/data/ship_cargo_manager.py,ShipCargoManager.__init__,true,true,false
game/strategy/data/ship_cargo_manager.py,ShipCargoManager.get_cargo_capacity,true,false,true
game/strategy/data/ship_cargo_manager.py,ShipCargoManager.get_current_cargo,true,false,true
game/strategy/data/ship_cargo_manager.py,ShipCargoManager.get_cargo_space_available,true,false,true
game/strategy/data/ship_cargo_manager.py,ShipCargoManager.load_cargo,true,false,true
game/strategy/data/ship_cargo_manager.py,ShipCargoManager.unload_cargo,true,false,true
game/strategy/data/ship_consumable_manager.py,ShipConsumableManager.__init__,true,true,false
game/strategy/data/ship_consumable_manager.py,ShipConsumableManager.get_resource_capacity,true,false,true
game/strategy/data/ship_consumable_manager.py,ShipConsumableManager.get_current_resource,true,false,true
game/strategy/data/ship_consumable_manager.py,ShipConsumableManager.consume_resource,true,false,true
game/strategy/data/ship_consumable_manager.py,ShipConsumableManager.get_all_resource_costs_per_hex,true,false,true
game/strategy/data/ship_consumable_manager.py,ShipConsumableManager.get_all_resource_costs_per_turn,true,false,true
game/strategy/data/ship_consumable_manager.py,ShipConsumableManager.get_warp_resource_costs,true,false,true
game/strategy/data/ship_consumable_manager.py,ShipConsumableManager.resupply,true,false,true
game/strategy/data/ship_display_formatter.py,ShipDisplayFormatter.__init__,true,true,false
game/strategy/data/ship_display_formatter.py,ShipDisplayFormatter.get_display_id,true,false,true
game/strategy/data/ship_display_formatter.py,ShipDisplayFormatter.get_status_text,true,false,true
game/strategy/data/ship_display_formatter.py,ShipDisplayFormatter.get_hp_display,true,false,true
game/strategy/data/ship_display_formatter.py,ShipDisplayFormatter.get_resource_display,true,false,true
game/strategy/data/ship_display_formatter.py,ShipDisplayFormatter.get_resource_percentage,true,false,true
game/strategy/data/ship_instance.py,_build_full_hp_components_from_design,true,false,false
game/strategy/data/ship_instance.py,ShipInstance.__post_init__,true,true,false
game/strategy/data/ship_instance.py,ShipInstance.set_registries,true,false,true
game/strategy/data/ship_instance.py,ShipInstance.design_name,true,false,true
game/strategy/data/ship_instance.py,ShipInstance.hull_class,true,false,true
game/strategy/data/ship_instance.py,ShipInstance.ship_name,true,false,true
game/strategy/data/ship_instance.py,ShipInstance.serial_number,true,false,true
game/strategy/data/ship_instance.py,ShipInstance.effective_role,true,false,true
game/strategy/data/ship_instance.py,ShipInstance.__hash__,true,true,false
game/strategy/data/ship_instance.py,ShipInstance.__eq__,true,true,false
game/strategy/data/ship_instance.py,ShipInstance.create,true,false,true
game/strategy/data/ship_instance.py,ShipInstance.is_damaged,true,false,true
game/strategy/data/ship_instance.py,ShipInstance.is_combat_capable,true,false,true
game/strategy/data/ship_instance.py,ShipInstance.get_activation_state,true,false,true
game/strategy/data/ship_instance.py,ShipInstance.set_activation_state,true,false,true
game/strategy/data/ship_instance.py,ShipInstance.get_calculated_stats,true,false,true
game/strategy/data/ship_instance.py,ShipInstance.invalidate_stats_cache,true,false,true
game/strategy/data/ship_instance.py,ShipInstance.get_hp_percentage,true,false,true
game/strategy/data/ship_instance.py,ShipInstance.get_resource_percentage,true,false,true
game/strategy/data/ship_instance.py,ShipInstance.get_resource_capacity,true,false,true
game/strategy/data/ship_instance.py,ShipInstance.get_current_resource,true,false,true
game/strategy/data/ship_instance.py,ShipInstance.consume_resource,true,false,true
game/strategy/data/ship_instance.py,ShipInstance.get_all_resource_costs_per_hex,true,false,true
game/strategy/data/ship_instance.py,ShipInstance.get_all_resource_costs_per_turn,true,false,true
game/strategy/data/ship_instance.py,ShipInstance.get_cargo_capacity,true,false,true
game/strategy/data/ship_instance.py,ShipInstance.get_current_cargo,true,false,true
game/strategy/data/ship_instance.py,ShipInstance.get_cargo_space_available,true,false,true
game/strategy/data/ship_instance.py,ShipInstance.load_cargo,true,false,true
game/strategy/data/ship_instance.py,ShipInstance.unload_cargo,true,false,true
game/strategy/data/ship_instance.py,ShipInstance.get_pod_storage_capacity,true,false,true
game/strategy/data/ship_instance.py,ShipInstance.get_pod_storage_used,true,false,true
game/strategy/data/ship_instance.py,ShipInstance.can_carry_pod,true,false,true
game/strategy/data/ship_instance.py,ShipInstance.get_warp_resource_costs,true,false,true
game/strategy/data/ship_instance.py,ShipInstance.set_component_enabled,true,false,true
game/strategy/data/ship_instance.py,ShipInstance.is_component_enabled,true,false,true
game/strategy/data/ship_instance.py,ShipInstance.get_display_id,true,false,true
game/strategy/data/ship_instance.py,ShipInstance.get_damaged_component_count,true,false,true
game/strategy/data/ship_instance.py,ShipInstance.get_status_text,true,false,true
game/strategy/data/ship_instance.py,ShipInstance.get_hp_display,true,false,true
game/strategy/data/ship_instance.py,ShipInstance.get_resource_display,true,false,true
game/strategy/data/ship_instance.py,ShipInstance.get_components_by_layer,true,false,true
game/strategy/data/ship_instance.py,ShipInstance.get_damaged_components_by_layer,true,false,true
game/strategy/data/ship_instance.py,ShipInstance.to_ship,true,false,true
game/strategy/data/ship_instance.py,ShipInstance.update_from_ship,true,false,true
game/strategy/data/ship_instance.py,ShipInstance.repair,true,false,true
game/strategy/data/ship_instance.py,ShipInstance.resupply,true,false,true
game/strategy/data/ship_instance.py,ShipInstance.to_dict,true,false,true
game/strategy/data/ship_instance.py,ShipInstance.from_dict,true,false,true
game/strategy/data/ship_instance.py,ShipInstance.to_json,true,false,true
game/strategy/data/ship_instance.py,ShipInstance.from_json,true,false,true
game/strategy/data/ship_instance.py,ShipInstance.clone,true,false,true
game/strategy/data/ship_instance.py,ShipInstance.__repr__,true,true,false
game/strategy/data/ship_instance_bridge.py,ShipInstanceBridge.__init__,true,true,false
game/strategy/data/ship_instance_bridge.py,ShipInstanceBridge._capture_resource_levels,true,false,false
game/strategy/data/ship_instance_bridge.py,ShipInstanceBridge.to_ship,true,false,true
game/strategy/data/ship_instance_bridge.py,ShipInstanceBridge.update_from_ship,true,false,true
game/strategy/data/ship_instance_serializer.py,ShipInstanceSerializer.to_dict,true,false,true
game/strategy/data/ship_instance_serializer.py,ShipInstanceSerializer.from_dict,true,false,true
game/strategy/data/ship_instance_serializer.py,ShipInstanceSerializer.to_json,true,false,true
game/strategy/data/ship_instance_serializer.py,ShipInstanceSerializer.from_json,true,false,true
game/strategy/data/ship_instance_serializer.py,ShipInstanceSerializer.clone,true,false,true
game/strategy/data/spatial_index.py,SpatialIndex.__init__,false,true,false
game/strategy/data/spatial_index.py,SpatialIndex._get_cell_key,true,false,false
game/strategy/data/spatial_index.py,SpatialIndex.add,true,false,true
game/strategy/data/spatial_index.py,SpatialIndex.bulk_add,true,false,true
game/strategy/data/spatial_index.py,SpatialIndex.clear,true,false,true
game/strategy/data/spatial_index.py,SpatialIndex._get_nearby_cells,true,false,false
game/strategy/data/spatial_index.py,SpatialIndex.get_neighbors,true,false,true
game/strategy/data/spatial_index.py,SpatialIndex.get_k_nearest,true,false,true
game/strategy/data/spatial_index.py,SpatialIndex.has_neighbor_within_distance,true,false,true
game/strategy/data/species_population.py,SpeciesPopulation.from_dict,true,false,true
game/strategy/data/squadron.py,Squadron.__init__,false,true,false
game/strategy/data/squadron.py,Squadron.ships,true,false,true
game/strategy/data/squadron.py,Squadron.add_ship,true,false,true
game/strategy/data/squadron.py,Squadron.remove_ship,true,false,true
game/strategy/data/squadron.py,Squadron.all_ships,true,false,true
game/strategy/data/squadron.py,Squadron.to_dict,true,false,true
game/strategy/data/squadron.py,Squadron.from_dict,true,false,true
game/strategy/data/star_generation_config.py,StarGenerationConfig.__init__,false,true,false
game/strategy/data/star_generation_config.py,StarGenerationConfig._load_from_json,true,false,false
game/strategy/data/star_generation_config.py,StarGenerationConfig._use_defaults,true,false,false
game/strategy/data/star_generation_config.py,get_star_generation_config,true,false,true
game/strategy/data/stars.py,Spectrum.get_total_output,true,false,true
game/strategy/data/stars.py,Spectrum.to_dict,true,false,true
game/strategy/data/stars.py,Spectrum.from_dict,true,false,true
game/strategy/data/stars.py,Star.occupied_hexes,true,false,true
game/strategy/data/stars.py,Star.to_dict,true,false,true
game/strategy/data/stars.py,Star.from_dict,true,false,true
game/strategy/data/stars.py,StarGenerator.__init__,false,true,false
game/strategy/data/stars.py,StarGenerator._get_image_id,true,false,false
game/strategy/data/stars.py,StarGenerator._generate_mass,true,false,false
game/strategy/data/stars.py,StarGenerator._determine_type_and_radius,true,false,false
game/strategy/data/stars.py,StarGenerator._compute_stefan_boltzmann_type,true,false,false
game/strategy/data/stars.py,StarGenerator._roll_star_type,true,false,false
game/strategy/data/stars.py,StarGenerator._kelvin_to_rgb,true,false,false
game/strategy/data/stars.py,StarGenerator._map_solar_radius_to_hex_radius,true,false,false
game/strategy/data/stars.py,StarGenerator._generate_spectrum,false,false,false
game/strategy/data/stars.py,StarGenerator.intensity_at,false,false,true
game/strategy/data/stars.py,StarGenerator.jitter,false,false,true
game/strategy/data/stars.py,StarGenerator.generate_system_stars,false,false,true
game/strategy/data/stars.py,StarGenerator._generate_companions,true,false,false
game/strategy/data/stars.py,StarGenerator.generate_from_blueprint,false,false,true
game/strategy/data/stars.py,StarGenerator._generate_random_stars,false,false,false
game/strategy/data/stars.py,StarGenerator._generate_mass_constrained,false,false,false
game/strategy/data/storm.py,StormEffect.to_dict,true,false,true
game/strategy/data/storm.py,StormEffect.from_dict,true,false,true
game/strategy/data/storm.py,Storm.occupied_hexes,true,false,true
game/strategy/data/storm.py,Storm.to_dict,true,false,true
game/strategy/data/storm.py,Storm.from_dict,true,false,true
game/strategy/data/task_force.py,TaskForce.__init__,false,true,false
game/strategy/data/task_force.py,TaskForce.squadrons,true,false,true
game/strategy/data/task_force.py,TaskForce.add_squadron,true,false,true
game/strategy/data/task_force.py,TaskForce.remove_squadron,true,false,true
game/strategy/data/task_force.py,TaskForce.all_ships,true,false,true
game/strategy/data/task_force.py,TaskForce.to_dict,true,false,true
game/strategy/data/task_force.py,TaskForce.from_dict,true,false,true
game/strategy/data/task_force.py,_formation_to_dict,true,false,false
game/strategy/data/task_force.py,_formation_from_dict,true,false,false
game/strategy/engine/action_execution_engine.py,ActionExecutionEngine.__init__,false,true,false
game/strategy/engine/action_execution_engine.py,ActionExecutionEngine._validate_tick_inputs,true,false,false
game/strategy/engine/action_execution_engine.py,ActionExecutionEngine.process_action_ticks,true,false,true
game/strategy/engine/action_execution_engine.py,ActionExecutionEngine._process_fleet_action_tick,true,false,false
game/strategy/engine/action_execution_engine.py,ActionExecutionEngine._execute_action,true,false,false
game/strategy/engine/atmosphere_engine.py,AtmosphereEngine.__init__,false,true,false
game/strategy/engine/atmosphere_engine.py,AtmosphereEngine._validate_tick_inputs,true,false,false
game/strategy/engine/atmosphere_engine.py,AtmosphereEngine.process_atmosphere,true,false,true
game/strategy/engine/atmosphere_engine.py,AtmosphereEngine._process_colony,true,false,false
game/strategy/engine/atmosphere_engine.py,AtmosphereEngine._extract_atmo_modifier,false,false,false
game/strategy/engine/command_handlers.py,add_move_order_if_needed,true,false,true
game/strategy/engine/command_handlers.py,ICommandHandler.execute,true,false,true
game/strategy/engine/command_handlers.py,BaseCommandHandler._resolve_fleet,true,false,false
game/strategy/engine/command_handlers.py,BaseCommandHandler._resolve_fleet_required,false,false,false
game/strategy/engine/command_handlers.py,BaseCommandHandler._resolve_planet,true,false,false
game/strategy/engine/command_handlers.py,BaseCommandHandler._resolve_planet_optional,false,false,false
game/strategy/engine/command_handlers.py,BaseCommandHandler._resolve_build_entity,false,false,false
game/strategy/engine/command_handlers.py,BaseCommandHandler._resolve_queue,true,false,false
game/strategy/engine/command_handlers.py,BaseCommandHandler._build_colonize_target,false,false,false
game/strategy/engine/command_handlers.py,CommandHandlerRegistry.__init__,false,true,false
game/strategy/engine/command_handlers.py,CommandHandlerRegistry.register,true,false,true
game/strategy/engine/command_handlers.py,CommandHandlerRegistry.dispatch,true,false,true
game/strategy/engine/command_handlers.py,ColonizeCommandHandler.execute,true,false,true
game/strategy/engine/command_handlers.py,MoveCommandHandler.execute,true,false,true
game/strategy/engine/command_handlers.py,InterceptCommandHandler.execute,true,false,true
game/strategy/engine/command_handlers.py,JoinCommandHandler.execute,true,false,true
game/strategy/engine/command_handlers.py,ColonizeMissionCommandHandler.execute,true,false,true
game/strategy/engine/command_handlers.py,ClearOrdersCommandHandler.execute,true,false,true
game/strategy/engine/command_handlers.py,TransferCommandHandler.execute,true,false,true
game/strategy/engine/command_handlers.py,BuildOrderCommandHandler.execute,true,false,true
game/strategy/engine/command_handlers.py,RemoveBuildOrderCommandHandler.execute,true,false,true
game/strategy/engine/command_handlers.py,WarpCommandHandler.execute,true,false,true
game/strategy/engine/command_handlers.py,SplitFleetCommandHandler.execute,true,false,true
game/strategy/engine/command_handlers.py,DeleteOrderCommandHandler.execute,true,false,true
game/strategy/engine/command_handlers.py,ReorderOrderCommandHandler.execute,true,false,true
game/strategy/engine/command_handlers.py,AddToConstructionQueueCommandHandler.execute,true,false,true
game/strategy/engine/command_handlers.py,AddToConstructionQueueCommandHandler._check_design_valid,true,false,false
game/strategy/engine/command_handlers.py,AddToConstructionQueueCommandHandler._load_design_cost,true,false,false
game/strategy/engine/command_handlers.py,RemoveFromConstructionQueueCommandHandler.execute,true,false,true
game/strategy/engine/command_handlers.py,ReorderConstructionQueueCommandHandler.execute,true,false,true
game/strategy/engine/command_handlers.py,create_default_registry,true,false,true
game/strategy/engine/commands.py,Command.__post_init__,false,true,false
game/strategy/engine/commands.py,Command.name,true,false,true
game/strategy/engine/component_activation_engine.py,ComponentActivationEngine._validate_tick_inputs,true,false,false
game/strategy/engine/component_activation_engine.py,ComponentActivationEngine.process_activation_tick,true,false,true
game/strategy/engine/component_activation_engine.py,ComponentActivationEngine._tick_facility,true,false,false
game/strategy/engine/conflict_resolution_engine.py,ConflictResolutionEngine.__init__,false,true,false
game/strategy/engine/conflict_resolution_engine.py,ConflictResolutionEngine._generate_battle_seed,true,false,false
game/strategy/engine/conflict_resolution_engine.py,ConflictResolutionEngine._log_combat_result,true,false,false
game/strategy/engine/conflict_resolution_engine.py,ConflictResolutionEngine._validate_tick_inputs,true,false,false
game/strategy/engine/conflict_resolution_engine.py,ConflictResolutionEngine.resolve_all_conflicts,true,false,true
game/strategy/engine/conflict_resolution_engine.py,ConflictResolutionEngine._resolve_conflicts,false,false,false
game/strategy/engine/conflict_resolution_engine.py,ConflictResolutionEngine._resolve_combat_at_hex,false,false,false
game/strategy/engine/conflict_resolution_engine.py,ConflictResolutionEngine._rng_resolve_empty_fleets,false,false,false
game/strategy/engine/conflict_resolution_engine.py,ConflictResolutionEngine._lookup_environmental_effects,false,false,false
game/strategy/engine/conflict_resolution_engine.py,ConflictResolutionEngine._collect_team_modifiers,true,false,false
game/strategy/engine/conflict_resolution_engine.py,ConflictResolutionEngine._resolve_winner_team,true,false,false
game/strategy/engine/construction_forecast.py,forecast_queue_turn_spend,true,false,true
game/strategy/engine/consumable_management_engine.py,ConsumableManagementEngine.__init__,false,true,false
game/strategy/engine/consumable_management_engine.py,ConsumableManagementEngine._validate_tick_inputs,true,false,false
game/strategy/engine/consumable_management_engine.py,ConsumableManagementEngine.process_per_turn_consumption,true,false,true
game/strategy/engine/consumable_management_engine.py,ConsumableManagementEngine._auto_disable_components_for_resource,true,false,false
game/strategy/engine/empire_economy_calculator.py,EmpireEconomyCalculator.__init__,true,true,false
game/strategy/engine/empire_economy_calculator.py,EmpireEconomyCalculator.calculate,true,false,true
game/strategy/engine/empire_economy_calculator.py,EmpireEconomyCalculator._aggregate_population_upkeep,true,false,false
game/strategy/engine/empire_economy_calculator.py,EmpireEconomyCalculator._aggregate_colony_production,true,false,false
game/strategy/engine/empire_economy_calculator.py,EmpireEconomyCalculator._aggregate_construction_expenses,true,false,false
game/strategy/engine/empire_economy_calculator.py,EmpireEconomyCalculator._accumulate,true,false,false
game/strategy/engine/environmental_hazard_engine.py,EnvironmentalHazardEngine.__init__,false,true,false
game/strategy/engine/environmental_hazard_engine.py,EnvironmentalHazardEngine._validate_tick_inputs,true,false,false
game/strategy/engine/environmental_hazard_engine.py,EnvironmentalHazardEngine.process_environmental_tick,true,false,true
game/strategy/engine/environmental_hazard_engine.py,EnvironmentalHazardEngine._apply_damage_to_ship,true,false,false
game/strategy/engine/environmental_hazard_engine.py,EnvironmentalHazardEngine._drain_fuel_from_ship,true,false,false
game/strategy/engine/fleet_movement_engine.py,FleetMovementEngine.__init__,false,true,false
game/strategy/engine/fleet_movement_engine.py,FleetMovementEngine.calculate_next_hex,true,false,true
game/strategy/engine/fleet_movement_engine.py,FleetMovementEngine._get_effective_fleet_speed,true,false,false
game/strategy/engine/fleet_movement_engine.py,FleetMovementEngine.apply_movement,true,false,true
game/strategy/engine/fleet_movement_engine.py,FleetMovementEngine._validate_tick_inputs,true,false,false
game/strategy/engine/fleet_movement_engine.py,FleetMovementEngine.collect_movements,true,false,true
game/strategy/engine/fleet_movement_engine.py,FleetMovementEngine.apply_movements,true,false,true
game/strategy/engine/game_config.py,_get_default_asset_path,true,false,false
game/strategy/engine/game_config.py,PlayerConfig.to_dict,true,false,true
game/strategy/engine/game_config.py,PlayerConfig.from_dict,true,false,true
game/strategy/engine/game_config.py,_get_default_players,true,false,false
game/strategy/engine/game_config.py,GameConfig.__post_init__,false,true,false
game/strategy/engine/game_config.py,GameConfig.get_player_theme_path,true,false,true
game/strategy/engine/game_config.py,GameConfig.to_dict,true,false,true
game/strategy/engine/game_config.py,GameConfig.from_dict,true,false,true
game/strategy/engine/game_initializer.py,GameInitializer.initialize,true,false,true
game/strategy/engine/game_initializer.py,GameInitializer._create_empires,true,false,false
game/strategy/engine/game_initializer.py,GameInitializer._initialize_galaxy,true,false,false
game/strategy/engine/game_initializer.py,GameInitializer._setup_initial_scenario,true,false,false
game/strategy/engine/game_initializer.py,GameInitializer._adjust_homeworld_to_race,true,false,false
game/strategy/engine/game_initializer.py,GameInitializer._ensure_homeworld_resource_quality,true,false,false
game/strategy/engine/game_session.py,GameSession.__init__,false,true,false
game/strategy/engine/game_session.py,GameSession._resolve_registries,true,false,false
game/strategy/engine/game_session.py,GameSession.event_log,true,false,true
game/strategy/engine/game_session.py,GameSession.registries,true,false,true
game/strategy/engine/game_session.py,GameSession.race_registry,true,false,true
game/strategy/engine/game_session.py,GameSession._create_event_handler,false,false,false
game/strategy/engine/game_session.py,GameSession.handler,false,false,true
game/strategy/engine/game_session.py,GameSession.process_turn,true,false,true
game/strategy/engine/game_session.py,GameSession.preview_fleet_path,true,false,true
game/strategy/engine/game_session.py,GameSession.get_fleet_path_projection,true,false,true
game/strategy/engine/game_session.py,GameSession.handle_command,true,false,true
game/strategy/engine/game_session.py,GameSession._get_fleet_by_id,false,false,false
game/strategy/engine/game_session.py,GameSession._get_planet_by_id,false,false,false
game/strategy/engine/game_session.py,GameSession.to_dict,true,false,true
game/strategy/engine/game_session.py,GameSession.from_dict,true,false,true
game/strategy/engine/happiness_engine.py,HappinessEngine.__init__,true,true,false
game/strategy/engine/happiness_engine.py,HappinessEngine._validate_tick_inputs,true,false,false
game/strategy/engine/happiness_engine.py,HappinessEngine.process_happiness,true,false,true
game/strategy/engine/happiness_engine.py,HappinessEngine._process_colony,true,false,false
game/strategy/engine/happiness_engine.py,HappinessEngine._get_race_config,true,false,false
game/strategy/engine/harvesting_engine.py,get_harvester_info,false,false,true
game/strategy/engine/harvesting_engine.py,get_harvester_from_registry,false,false,true
game/strategy/engine/harvesting_engine.py,HarvestingEngine.__init__,false,true,false
game/strategy/engine/harvesting_engine.py,HarvestingEngine.set_current_turn,true,false,true
game/strategy/engine/harvesting_engine.py,HarvestingEngine._validate_tick_inputs,true,false,false
game/strategy/engine/harvesting_engine.py,HarvestingEngine.process_harvesting_tick,true,false,true
game/strategy/engine/harvesting_engine.py,HarvestingEngine.recalculate_storage,true,false,true
game/strategy/engine/harvesting_engine.py,HarvestingEngine._aggregate_empire_storage,true,false,false
game/strategy/engine/harvesting_engine.py,HarvestingEngine._collect_staging_capacity,true,false,false
game/strategy/engine/harvesting_engine.py,HarvestingEngine._get_staging_info,false,false,false
game/strategy/engine/harvesting_engine.py,HarvestingEngine._collect_storage_from_facility,true,false,false
game/strategy/engine/harvesting_engine.py,HarvestingEngine._get_storage_info,false,false,false
game/strategy/engine/harvesting_engine.py,HarvestingEngine._get_storage_from_registry,false,false,false
game/strategy/engine/harvesting_engine.py,HarvestingEngine._process_empire,true,false,false
game/strategy/engine/harvesting_engine.py,HarvestingEngine._process_colony,true,false,false
game/strategy/engine/harvesting_engine.py,HarvestingEngine._process_facility,true,false,false
game/strategy/engine/harvesting_engine.py,HarvestingEngine._get_habitability_mult,true,false,false
game/strategy/engine/harvesting_engine.py,HarvestingEngine._get_harvest_booster_mult,true,false,false
game/strategy/engine/harvesting_engine.py,HarvestingEngine._harvest_resource,true,false,false
game/strategy/engine/order_processor.py,OrderProcessor.__init__,false,true,false
game/strategy/engine/order_processor.py,OrderProcessor._execute_fleet_merge,true,false,false
game/strategy/engine/order_processor.py,OrderProcessor.process_join_fleet,true,false,true
game/strategy/engine/order_processor.py,OrderProcessor.process_colonize,true,false,true
game/strategy/engine/order_processor.py,OrderProcessor.process_transfer,true,false,true
game/strategy/engine/order_processor.py,OrderProcessor._execute_fleet_transfer,true,false,false
game/strategy/engine/order_processor.py,OrderProcessor._execute_load,true,false,false
game/strategy/engine/order_processor.py,OrderProcessor._execute_unload,true,false,false
game/strategy/engine/order_processor.py,OrderProcessor._load_pod_from_staging_yard,true,false,false
game/strategy/engine/order_processor.py,OrderProcessor._unload_pod_to_staging_yard,true,false,false
game/strategy/engine/order_processor.py,OrderProcessor._deploy_drop_pod,true,false,false
game/strategy/engine/order_processor.py,OrderProcessor.execute_action_order,true,false,true
game/strategy/engine/order_processor.py,OrderProcessor._validate_tick_inputs,true,false,false
game/strategy/engine/order_processor.py,OrderProcessor.process_instant_orders,true,false,true
game/strategy/engine/organics_consumption_engine.py,OrganicsConsumptionEngine.__init__,true,true,false
game/strategy/engine/organics_consumption_engine.py,OrganicsConsumptionEngine._validate_tick_inputs,true,false,false
game/strategy/engine/organics_consumption_engine.py,OrganicsConsumptionEngine.process_consumption,true,false,true
game/strategy/engine/organics_consumption_engine.py,OrganicsConsumptionEngine._process_colony,true,false,false
game/strategy/engine/planet_action_engine.py,PlanetActionEngine.__init__,false,true,false
game/strategy/engine/planet_action_engine.py,PlanetActionEngine._validate_tick_inputs,true,false,false
game/strategy/engine/planet_action_engine.py,PlanetActionEngine.process_planet_actions_tick,true,false,true
game/strategy/engine/planet_action_engine.py,PlanetActionEngine._process_planet_tick,true,false,false
game/strategy/engine/planet_action_engine.py,PlanetActionEngine._execute_order,true,false,false
game/strategy/engine/planet_action_engine.py,PlanetActionEngine._initiate_activation,true,false,false
game/strategy/engine/planet_action_engine.py,PlanetActionEngine._initiate_deactivation,true,false,false
game/strategy/engine/planet_action_engine.py,PlanetActionEngine._resolve_component_key,false,false,false
game/strategy/engine/planet_action_engine.py,PlanetActionEngine._get_energy_drain_rate,true,false,false
game/strategy/engine/planet_action_engine.py,PlanetActionEngine._get_deactivation_time,true,false,false
game/strategy/engine/planet_action_engine.py,PlanetActionEngine._target_facility_exists,true,false,false
game/strategy/engine/planet_action_engine.py,PlanetActionEngine._find_target_facility,false,false,false
game/strategy/engine/planet_action_engine.py,PlanetActionEngine._find_ability_component_id,true,false,false
game/strategy/engine/planet_action_engine.py,PlanetActionEngine._find_shield_component_id,true,false,false
game/strategy/engine/planet_command_handlers.py,IssuePlanetOrderCommandHandler.execute,true,false,true
game/strategy/engine/planet_command_handlers.py,ClearPlanetOrdersCommandHandler.execute,true,false,true
game/strategy/engine/planet_command_handlers.py,DeletePlanetOrderCommandHandler.execute,true,false,true
game/strategy/engine/planet_command_handlers.py,SetAtmosphereTargetCommandHandler.execute,true,false,true
game/strategy/engine/planet_command_handlers.py,SetGravityTargetCommandHandler.execute,true,false,true
game/strategy/engine/planet_command_handlers.py,SetWaterTargetCommandHandler.execute,true,false,true
game/strategy/engine/planet_command_handlers.py,SetRadiationShieldTargetCommandHandler.execute,true,false,true
game/strategy/engine/planet_energy_engine.py,get_shield_info,true,false,true
game/strategy/engine/planet_energy_engine.py,get_activatable_ability_info,true,false,true
game/strategy/engine/planet_energy_engine.py,_extract_abilities,true,false,false
game/strategy/engine/planet_energy_engine.py,_is_ability_active,true,false,false
game/strategy/engine/planet_energy_engine.py,PlanetEnergyEngine.__init__,false,true,false
game/strategy/engine/planet_energy_engine.py,PlanetEnergyEngine.invalidate_energy_cache,true,false,true
game/strategy/engine/planet_energy_engine.py,PlanetEnergyEngine._get_facility_fingerprint,true,false,false
game/strategy/engine/planet_energy_engine.py,PlanetEnergyEngine._validate_tick_inputs,true,false,false
game/strategy/engine/planet_energy_engine.py,PlanetEnergyEngine.process_energy_tick,true,false,true
game/strategy/engine/planet_energy_engine.py,PlanetEnergyEngine._process_planet,true,false,false
game/strategy/engine/planet_energy_engine.py,PlanetEnergyEngine._compute_activation_drain,true,false,false
game/strategy/engine/planet_energy_engine.py,PlanetEnergyEngine._cancel_all_draining_components,true,false,false
game/strategy/engine/planet_modifier_effect_engine.py,PlanetModifierEffectEngine.__init__,false,true,false
game/strategy/engine/planet_modifier_effect_engine.py,PlanetModifierEffectEngine.process_modifier_effects_tick,true,false,true
game/strategy/engine/planet_modifier_effect_engine.py,PlanetModifierEffectEngine._process_planet,true,false,false
game/strategy/engine/planet_modifier_effect_engine.py,PlanetModifierEffectEngine._process_gravity,true,false,false
game/strategy/engine/planet_modifier_effect_engine.py,PlanetModifierEffectEngine._process_radiation,true,false,false
game/strategy/engine/planet_modifier_effect_engine.py,PlanetModifierEffectEngine._has_active_ability,true,false,false
game/strategy/engine/population_engine.py,PopulationEngine.__init__,true,true,false
game/strategy/engine/population_engine.py,PopulationEngine._validate_tick_inputs,true,false,false
game/strategy/engine/population_engine.py,PopulationEngine.process_population_growth,true,false,true
game/strategy/engine/population_engine.py,PopulationEngine._process_empire,true,false,false
game/strategy/engine/population_engine.py,PopulationEngine._process_colony,true,false,false
game/strategy/engine/population_engine.py,PopulationEngine._grow_species,true,false,false
game/strategy/engine/population_engine.py,PopulationEngine._get_race_config,true,false,false
game/strategy/engine/production_engine.py,ProductionEngine.__init__,false,true,false
game/strategy/engine/production_engine.py,ProductionEngine.set_current_turn,true,false,true
game/strategy/engine/production_engine.py,ProductionEngine._get_habitability_mult,true,false,false
game/strategy/engine/production_engine.py,ProductionEngine._calculate_design_cost,true,false,false
game/strategy/engine/production_engine.py,ProductionEngine._validate_tick_inputs,true,false,false
game/strategy/engine/production_engine.py,ProductionEngine.process_construction_tick,true,false,true
game/strategy/engine/production_engine.py,ProductionEngine._resolve_fleet_production_rate,true,false,false
game/strategy/engine/production_engine.py,ProductionEngine._process_queue_tick_dynamic,true,false,false
game/strategy/engine/production_engine.py,ProductionEngine._validate_queue_item,true,false,false
game/strategy/engine/production_engine.py,ProductionEngine._calculate_tick_expenditure,true,false,false
game/strategy/engine/production_engine.py,ProductionEngine._check_affordability,true,false,false
game/strategy/engine/production_engine.py,ProductionEngine._log_resource_shortage,true,false,false
game/strategy/engine/production_engine.py,ProductionEngine._apply_resource_consumption,true,false,false
game/strategy/engine/production_engine.py,ProductionEngine._check_item_completion,true,false,false
game/strategy/engine/production_engine.py,ProductionEngine._update_turns_remaining,true,false,false
game/strategy/engine/production_engine.py,ProductionEngine._complete_item,true,false,false
game/strategy/engine/production_math.py,find_limiting_resource_ticks,true,false,true
game/strategy/engine/production_spawner.py,ProductionSpawner.__init__,false,true,false
game/strategy/engine/production_spawner.py,ProductionSpawner.spawn_completed_item,true,false,true
game/strategy/engine/production_spawner.py,ProductionSpawner._resolve_planet_location,true,false,false
game/strategy/engine/production_spawner.py,ProductionSpawner._load_design,true,false,false
game/strategy/engine/production_spawner.py,ProductionSpawner._load_and_create_ship,true,false,false
game/strategy/engine/production_spawner.py,ProductionSpawner._create_and_place_facility,true,false,false
game/strategy/engine/production_spawner.py,ProductionSpawner._spawn_to_staging_yard,true,false,false
game/strategy/engine/production_spawner.py,ProductionSpawner._spawn_ship,true,false,false
game/strategy/engine/production_spawner.py,ProductionSpawner._spawn_fleet_ship,true,false,false
game/strategy/engine/production_spawner.py,ProductionSpawner._spawn_fleet_complex,true,false,false
game/strategy/engine/quality_engine.py,QualityEngine.__init__,false,true,false
game/strategy/engine/quality_engine.py,QualityEngine._validate_tick_inputs,true,false,false
game/strategy/engine/quality_engine.py,QualityEngine.process_quality_improvement,true,false,true
game/strategy/engine/quality_engine.py,QualityEngine._process_colony,true,false,false
game/strategy/engine/quality_engine.py,QualityEngine._extract_quality_improvement,false,false,false
game/strategy/engine/resupply_engine.py,ResupplyEngine.__init__,false,true,false
game/strategy/engine/resupply_engine.py,ResupplyEngine._validate_tick_inputs,true,false,false
game/strategy/engine/resupply_engine.py,ResupplyEngine.process_fuel_generation,true,false,true
game/strategy/engine/resupply_engine.py,ResupplyEngine._process_facility_generation,true,false,false
game/strategy/engine/resupply_engine.py,ResupplyEngine._get_fuel_generation_rate,true,false,false
game/strategy/engine/resupply_engine.py,ResupplyEngine.process_fleet_resupply,true,false,true
game/strategy/engine/resupply_engine.py,ResupplyEngine._calculate_fuel_distribution,true,false,false
game/strategy/engine/resupply_engine.py,ResupplyEngine._transfer_fuel,true,false,false
game/strategy/engine/superweapon_command_handlers.py,ImplodePlanetCommandHandler.execute,true,false,true
game/strategy/engine/superweapon_command_handlers.py,StellerateStarCommandHandler.execute,true,false,true
game/strategy/engine/superweapon_command_handlers.py,OpenWarpPointCommandHandler.execute,true,false,true
game/strategy/engine/superweapon_command_handlers.py,CloseWarpPointCommandHandler.execute,true,false,true
game/strategy/engine/superweapon_command_handlers.py,CreateDysonSphereCommandHandler.execute,true,false,true
game/strategy/engine/superweapon_command_handlers.py,SelfDestructCommandHandler.execute,true,false,true
game/strategy/engine/superweapon_command_handlers.py,ImplodePlanetMissionCommandHandler.execute,true,false,true
game/strategy/engine/superweapon_command_handlers.py,StellerateStarMissionCommandHandler.execute,true,false,true
game/strategy/engine/superweapon_command_handlers.py,OpenWarpPointMissionCommandHandler.execute,true,false,true
game/strategy/engine/superweapon_command_handlers.py,CloseWarpPointMissionCommandHandler.execute,true,false,true
game/strategy/engine/superweapon_command_handlers.py,CreateDysonSphereMissionCommandHandler.execute,true,false,true
game/strategy/engine/superweapon_order_processor.py,SuperweaponOrderProcessor.__init__,false,true,false
game/strategy/engine/superweapon_order_processor.py,SuperweaponOrderProcessor._finalize_superweapon,true,false,false
game/strategy/engine/superweapon_order_processor.py,SuperweaponOrderProcessor.process_implode_planet,true,false,true
game/strategy/engine/superweapon_order_processor.py,SuperweaponOrderProcessor.process_stellerate_star,true,false,true
game/strategy/engine/superweapon_order_processor.py,SuperweaponOrderProcessor.process_open_warp_point,true,false,true
game/strategy/engine/superweapon_order_processor.py,SuperweaponOrderProcessor.process_close_warp_point,true,false,true
game/strategy/engine/superweapon_order_processor.py,SuperweaponOrderProcessor.process_create_dyson_sphere,true,false,true
game/strategy/engine/superweapon_order_processor.py,SuperweaponOrderProcessor.process_self_destruct,true,false,true
game/strategy/engine/superweapon_order_processor.py,SuperweaponOrderProcessor._check_blocking_stabilizer,false,false,false
game/strategy/engine/superweapon_order_processor.py,SuperweaponOrderProcessor._get_reference_planet,false,false,false
game/strategy/engine/turn_engine.py,_NullBattleResolver.resolve_battle,false,false,true
game/strategy/engine/turn_engine.py,TurnEngine.__init__,false,true,false
game/strategy/engine/turn_engine.py,TurnEngine._reset_phase_times,true,false,false
game/strategy/engine/turn_engine.py,TurnEngine._time_phase,false,false,false
game/strategy/engine/turn_engine.py,TurnEngine._log_empire_state,true,false,false
game/strategy/engine/turn_engine.py,TurnEngine.movement_engine,true,false,true
game/strategy/engine/turn_engine.py,TurnEngine.production_engine,true,false,true
game/strategy/engine/turn_engine.py,TurnEngine.order_processor,true,false,true
game/strategy/engine/turn_engine.py,TurnEngine.conflict_engine,true,false,true
game/strategy/engine/turn_engine.py,TurnEngine.resource_engine,true,false,true
game/strategy/engine/turn_engine.py,TurnEngine.population_engine,true,false,true
game/strategy/engine/turn_engine.py,TurnEngine.resupply_engine,true,false,true
game/strategy/engine/turn_engine.py,TurnEngine.harvesting_engine,true,false,true
game/strategy/engine/turn_engine.py,TurnEngine.action_engine,true,false,true
game/strategy/engine/turn_engine.py,TurnEngine.environmental_engine,true,false,true
game/strategy/engine/turn_engine.py,TurnEngine.planet_energy_engine,true,false,true
game/strategy/engine/turn_engine.py,TurnEngine.planet_action_engine,true,false,true
game/strategy/engine/turn_engine.py,TurnEngine.component_activation_engine,true,false,true
game/strategy/engine/turn_engine.py,TurnEngine.organics_consumption_engine,true,false,true
game/strategy/engine/turn_engine.py,TurnEngine.happiness_engine,true,false,true
game/strategy/engine/turn_engine.py,TurnEngine.process_turn,true,false,true
game/strategy/engine/turn_engine.py,TurnEngine.validate_colonize_order,true,false,true
game/strategy/engine/turn_engine.py,TurnEngine._process_tick,true,false,false
game/strategy/engine/turn_engine.py,create_default_turn_engine,true,false,true
game/strategy/engine/turn_state_snapshot.py,TurnStateSnapshot.capture,true,false,true
game/strategy/engine/turn_state_snapshot.py,TurnStateSnapshot.restore,true,false,true
game/strategy/engine/turn_state_snapshot.py,TurnStateSnapshot.dump_crash_snapshot,true,false,true
game/strategy/engine/water_engine.py,WaterEngine.__init__,false,true,false
game/strategy/engine/water_engine.py,WaterEngine.process_water_modification,true,false,true
game/strategy/engine/water_engine.py,WaterEngine._process_colony,true,false,false
game/strategy/engine/water_engine.py,WaterEngine._extract_water_modifier,false,false,false
game/strategy/events/event_log.py,Event.to_dict,true,false,true
game/strategy/events/event_log.py,Event.from_dict,true,false,true
game/strategy/events/event_log.py,EventLog.__init__,true,true,false
game/strategy/events/event_log.py,EventLog.append,true,false,true
game/strategy/events/event_log.py,EventLog.get_all_events,true,false,true
game/strategy/events/event_log.py,EventLog.get_events_for_turn,true,false,true
game/strategy/events/event_log.py,EventLog.get_events_by_category,true,false,true
game/strategy/events/event_log.py,EventLog.to_dict,true,false,true
game/strategy/events/event_log.py,EventLog.from_dict,true,false,true
game/strategy/facade/dto/build_queue_dto.py,BuildQueueSourceDTO.from_domain,true,false,true
game/strategy/facade/dto/colony_demographic_view.py,ColonyDemographicView.__post_init__,false,true,false
game/strategy/facade/dto/empire_dto.py,ColonySummary.from_planet,true,false,true
game/strategy/facade/dto/empire_dto.py,FleetSummary.from_fleet,true,false,true
game/strategy/facade/dto/empire_dto.py,EmpireInfo.from_empire,true,false,true
game/strategy/facade/dto/fleet_dto.py,FleetInfo.from_fleet,true,false,true
game/strategy/facade/dto/fleet_dto.py,FleetInfo._aggregate_carried_items,true,false,false
game/strategy/facade/dto/fleet_hierarchy_dto.py,ShipInfoExtended.from_ship_instance,true,false,true
game/strategy/facade/dto/fleet_hierarchy_dto.py,SquadronInfo.from_squadron,true,false,true
game/strategy/facade/dto/fleet_hierarchy_dto.py,TaskForceInfo.from_task_force,true,false,true
game/strategy/facade/dto/planet_dto.py,_dict_to_tuple,true,false,false
game/strategy/facade/dto/planet_dto.py,PlanetInfo.from_planet,true,false,true
game/strategy/facade/dto/system_dto.py,StarInfo.from_star,true,false,true
game/strategy/facade/dto/system_dto.py,SystemInfo.from_star_system,true,false,true
game/strategy/facade/strategy_session_facade.py,StrategySessionFacade.__init__,true,true,false
game/strategy/facade/strategy_session_facade.py,StrategySessionFacade.handle_command,true,false,true
game/strategy/facade/strategy_session_facade.py,StrategySessionFacade.process_turn,true,false,true
game/strategy/facade/strategy_session_facade.py,StrategySessionFacade.dispatch_issue_colonize,true,false,true
game/strategy/facade/strategy_session_facade.py,StrategySessionFacade.dispatch_issue_move,true,false,true
game/strategy/facade/strategy_session_facade.py,StrategySessionFacade.dispatch_issue_intercept,true,false,true
game/strategy/facade/strategy_session_facade.py,StrategySessionFacade.dispatch_issue_join_fleet,true,false,true
game/strategy/facade/strategy_session_facade.py,StrategySessionFacade.dispatch_queue_colonize_mission,true,false,true
game/strategy/facade/strategy_session_facade.py,StrategySessionFacade.dispatch_clear_orders,true,false,true
game/strategy/facade/strategy_session_facade.py,StrategySessionFacade.dispatch_issue_transfer,true,false,true
game/strategy/facade/strategy_session_facade.py,StrategySessionFacade.dispatch_issue_implode_planet,true,false,true
game/strategy/facade/strategy_session_facade.py,StrategySessionFacade.dispatch_issue_stellerate_star,true,false,true
game/strategy/facade/strategy_session_facade.py,StrategySessionFacade.dispatch_issue_open_warp_point,true,false,true
game/strategy/facade/strategy_session_facade.py,StrategySessionFacade.dispatch_issue_close_warp_point,true,false,true
game/strategy/facade/strategy_session_facade.py,StrategySessionFacade.dispatch_issue_create_dyson_sphere,true,false,true
game/strategy/facade/strategy_session_facade.py,StrategySessionFacade.dispatch_issue_self_destruct,true,false,true
game/strategy/facade/strategy_session_facade.py,StrategySessionFacade.dispatch_queue_implode_planet_mission,true,false,true
game/strategy/facade/strategy_session_facade.py,StrategySessionFacade.dispatch_queue_stellerate_star_mission,true,false,true
game/strategy/facade/strategy_session_facade.py,StrategySessionFacade.dispatch_queue_open_warp_point_mission,true,false,true
game/strategy/facade/strategy_session_facade.py,StrategySessionFacade.dispatch_queue_close_warp_point_mission,true,false,true
game/strategy/facade/strategy_session_facade.py,StrategySessionFacade.dispatch_queue_create_dyson_sphere_mission,true,false,true
game/strategy/facade/strategy_session_facade.py,StrategySessionFacade.dispatch_issue_warp,true,false,true
game/strategy/facade/strategy_session_facade.py,StrategySessionFacade.dispatch_issue_build_order,true,false,true
game/strategy/facade/strategy_session_facade.py,StrategySessionFacade.dispatch_remove_build_order,true,false,true
game/strategy/facade/strategy_session_facade.py,StrategySessionFacade.dispatch_split_fleet,true,false,true
game/strategy/facade/strategy_session_facade.py,StrategySessionFacade.dispatch_delete_order,true,false,true
game/strategy/facade/strategy_session_facade.py,StrategySessionFacade.dispatch_reorder_order,true,false,true
game/strategy/facade/strategy_session_facade.py,StrategySessionFacade.dispatch_add_to_construction_queue,true,false,true
game/strategy/facade/strategy_session_facade.py,StrategySessionFacade.dispatch_remove_from_construction_queue,true,false,true
game/strategy/facade/strategy_session_facade.py,StrategySessionFacade.dispatch_reorder_construction_queue,true,false,true
game/strategy/facade/strategy_session_facade.py,StrategySessionFacade.dispatch_issue_planet_order,true,false,true
game/strategy/facade/strategy_session_facade.py,StrategySessionFacade.dispatch_clear_planet_orders,true,false,true
game/strategy/facade/strategy_session_facade.py,StrategySessionFacade.dispatch_delete_planet_order,true,false,true
game/strategy/facade/strategy_session_facade.py,StrategySessionFacade.dispatch_set_atmosphere_target,true,false,true
game/strategy/facade/strategy_session_facade.py,StrategySessionFacade._get_fleet_by_id,false,false,false
game/strategy/facade/strategy_session_facade.py,StrategySessionFacade._get_empire_by_id,false,false,false
game/strategy/facade/strategy_session_facade.py,StrategySessionFacade.get_fleet,true,false,true
game/strategy/facade/strategy_session_facade.py,StrategySessionFacade._build_fleet_hex_index,true,false,false
game/strategy/facade/strategy_session_facade.py,StrategySessionFacade.get_fleets_at_hex,true,false,true
game/strategy/facade/strategy_session_facade.py,StrategySessionFacade.get_fleet_path_preview,true,false,true
game/strategy/facade/strategy_session_facade.py,StrategySessionFacade.get_fleet_path_projection,true,false,true
game/strategy/facade/strategy_session_facade.py,StrategySessionFacade.get_all_systems,true,false,true
game/strategy/facade/strategy_session_facade.py,StrategySessionFacade.get_all_stars,true,false,true
game/strategy/facade/strategy_session_facade.py,StrategySessionFacade.get_system_at_hex,true,false,true
game/strategy/facade/strategy_session_facade.py,StrategySessionFacade.get_system_containing_fleet,true,false,true
game/strategy/facade/strategy_session_facade.py,StrategySessionFacade.get_system_near_hex,true,false,true
game/strategy/facade/strategy_session_facade.py,StrategySessionFacade._build_planet_index,true,false,false
game/strategy/facade/strategy_session_facade.py,StrategySessionFacade._get_planet_by_id,false,false,false
game/strategy/facade/strategy_session_facade.py,StrategySessionFacade.get_planet,true,false,true
game/strategy/facade/strategy_session_facade.py,StrategySessionFacade.get_planets_at_hex,true,false,true
game/strategy/facade/strategy_session_facade.py,StrategySessionFacade.get_all_empires,true,false,true
game/strategy/facade/strategy_session_facade.py,StrategySessionFacade.get_empire,true,false,true
game/strategy/facade/strategy_session_facade.py,StrategySessionFacade.get_empire_colonies,true,false,true
game/strategy/facade/strategy_session_facade.py,StrategySessionFacade.get_empire_fleets,true,false,true
game/strategy/facade/strategy_session_facade.py,StrategySessionFacade.get_empire_build_queues,true,false,true
game/strategy/facade/strategy_session_facade.py,StrategySessionFacade.get_hex_build_queues,true,false,true
game/strategy/facade/strategy_session_facade.py,StrategySessionFacade.get_human_player_ids,true,false,true
game/strategy/facade/strategy_session_facade.py,StrategySessionFacade.get_turn_number,true,false,true
game/strategy/facade/strategy_session_facade.py,StrategySessionFacade.get_colony_demographic_view,true,false,true
game/strategy/facade/strategy_session_facade.py,StrategySessionFacade._resolve_economy_config,false,false,false
game/strategy/facade/strategy_session_facade.py,StrategySessionFacade.get_race_registry,true,false,true
game/strategy/facade/strategy_session_facade.py,StrategySessionFacade.get_turn_events,true,false,true
game/strategy/facade/strategy_session_facade.py,StrategySessionFacade.get_all_events,true,false,true
game/strategy/facade/strategy_session_facade.py,StrategySessionFacade.get_events_by_category,true,false,true
game/strategy/facade/strategy_session_facade.py,StrategySessionFacade.can_colonize,true,false,true
game/strategy/facade/strategy_session_facade.py,StrategySessionFacade.can_move_to,true,false,true
game/strategy/facade/strategy_session_facade.py,StrategySessionFacade.get_fleet_remaining_pods,true,false,true
game/strategy/facade/strategy_session_facade.py,StrategySessionFacade.get_save_path,true,false,true
game/strategy/facade/strategy_session_facade.py,StrategySessionFacade.get_storm_names_at_hex,true,false,true
game/strategy/formulas/colony_output.py,planet_habitability_multiplier,true,false,true
game/strategy/formulas/colony_output.py,projected_growth_rate,true,false,true
game/strategy/formulas/habitability.py,_gaussian_factor,true,false,false
game/strategy/formulas/habitability.py,calculate_habitability,true,false,true
game/strategy/formulas/habitability.py,score_planet_for_race,true,false,true
game/strategy/generation/density/density_map.py,DensityMap.add_primitive,true,false,true
game/strategy/generation/density/density_map.py,DensityMap.evaluate,true,false,true
game/strategy/generation/density/density_map.py,DensityMap.sample,true,false,true
game/strategy/generation/density/density_map.py,DensityMap.get_coverage_estimate,true,false,true
game/strategy/generation/density/density_map.py,DensityMap.from_config,true,false,true
game/strategy/generation/density/density_map.py,DensityMap.__len__,true,true,false
game/strategy/generation/density/primitives/density_primitive.py,DensityPrimitive.evaluate,true,false,true
game/strategy/generation/density/primitives/density_primitive.py,clamp_density,true,false,true
game/strategy/generation/density/primitives/geometric.py,GeometricPrimitive.evaluate,true,false,true
game/strategy/generation/density/primitives/linear.py,LinearPrimitive.evaluate,true,false,true
game/strategy/generation/density/primitives/noise.py,_hash_coord,true,false,false
game/strategy/generation/density/primitives/noise.py,_smooth_noise,true,false,false
game/strategy/generation/density/primitives/noise.py,NoisePrimitive.evaluate,true,false,true
game/strategy/generation/density/primitives/radial.py,RadialPrimitive.evaluate,true,false,true
game/strategy/generation/density/primitives/ring.py,RingPrimitive.evaluate,true,false,true
game/strategy/generation/density/primitives/spiral_arm.py,SpiralArmPrimitive.evaluate,true,false,true
game/strategy/generation/loaders/astrophysics_loader.py,AstrophysicsLoader.__init__,false,true,false
game/strategy/generation/loaders/astrophysics_loader.py,AstrophysicsLoader.load,true,false,true
game/strategy/generation/loaders/astrophysics_loader.py,AstrophysicsLoader._validate_schema,true,false,false
game/strategy/generation/loaders/galaxy_layouts_loader.py,GalaxyLayoutsLoader.load,true,false,true
game/strategy/generation/loaders/galaxy_layouts_loader.py,GalaxyLayoutsLoader.get_layout_config,true,false,true
game/strategy/generation/loaders/galaxy_layouts_loader.py,GalaxyLayoutsLoader.get_available_layouts,true,false,true
game/strategy/generation/loaders/galaxy_layouts_loader.py,GalaxyLayoutsLoader.scale_layout_for_radius,true,false,true
game/strategy/generation/loaders/galaxy_layouts_loader.py,GalaxyLayoutsLoader._scale_primitive,true,false,false
game/strategy/generation/loaders/galaxy_layouts_loader.py,GalaxyLayoutsLoader.load_and_scale,true,false,true
game/strategy/generation/loaders/system_blueprints_loader.py,SystemBlueprintsLoader.__init__,false,true,false
game/strategy/generation/loaders/system_blueprints_loader.py,SystemBlueprintsLoader.load,true,false,true
game/strategy/generation/loaders/system_blueprints_loader.py,SystemBlueprintsLoader.get_blueprint,true,false,true
game/strategy/generation/loaders/system_blueprints_loader.py,SystemBlueprintsLoader.select_random_blueprint,true,false,true
game/strategy/generation/loaders/system_blueprints_loader.py,SystemBlueprintsLoader._validate_schema,true,false,false
game/strategy/generation/loaders/system_blueprints_loader.py,SystemBlueprintsLoader._validate_blueprint,true,false,false
game/strategy/generation/placement_strategies.py,ISystemPlacementStrategy.sample_location,true,false,true
game/strategy/generation/placement_strategies.py,RandomPlacementStrategy.sample_location,true,false,true
game/strategy/generation/placement_strategies.py,DensityBasedPlacementStrategy.__init__,false,true,false
game/strategy/generation/placement_strategies.py,DensityBasedPlacementStrategy.sample_location,true,false,true
game/strategy/generation/planet_image_registry.py,PlanetImageRegistry.__init__,true,true,false
game/strategy/generation/planet_image_registry.py,PlanetImageRegistry._load_classifications,true,false,false
game/strategy/generation/planet_image_registry.py,PlanetImageRegistry.get_random_image,true,false,true
game/strategy/generation/planet_image_registry.py,PlanetImageRegistry.get_random_rotation,true,false,true
game/strategy/generation/planet_image_registry.py,PlanetImageRegistry.get_image_count,true,false,true
game/strategy/generation/planet_image_registry.py,PlanetImageRegistry.get_total_image_count,true,false,true
game/strategy/generation/region_classifier.py,RegionClassifier.__init__,false,true,false
game/strategy/generation/region_classifier.py,RegionClassifier._build_regions,true,false,false
game/strategy/generation/region_classifier.py,RegionClassifier.regions,true,false,true
game/strategy/generation/region_classifier.py,RegionClassifier.region_count,true,false,true
game/strategy/generation/region_classifier.py,RegionClassifier.classify,true,false,true
game/strategy/generation/region_classifier.py,RegionClassifier._classify_spiral,true,false,false
game/strategy/generation/region_classifier.py,RegionClassifier._classify_cluster,true,false,false
game/strategy/generation/region_classifier.py,RegionClassifier.get_region_neighbors,true,false,true
game/strategy/generation/star_image_registry.py,StarImageRegistry.__init__,true,true,false
game/strategy/generation/star_image_registry.py,StarImageRegistry._load_from_manifest,true,false,false
game/strategy/generation/star_image_registry.py,StarImageRegistry.get_random_image,true,false,true
game/strategy/generation/star_image_registry.py,StarImageRegistry.get_image_count,true,false,true
game/strategy/generation/star_image_registry.py,StarImageRegistry.get_total_image_count,true,false,true
game/strategy/generation/storm_generator.py,StormGenerator.__init__,true,true,false
game/strategy/generation/storm_generator.py,StormGenerator.generate_storms,true,false,true
game/strategy/generation/storm_generator.py,StormGenerator._collect_occupied_hexes,true,false,false
game/strategy/generation/storm_generator.py,StormGenerator._find_valid_center,true,false,false
game/strategy/interfaces/battle_resolver.py,IBattleResolver.resolve_battle,true,false,true
game/strategy/interfaces/engines.py,IMovementEngine.collect_movements,true,false,true
game/strategy/interfaces/engines.py,IMovementEngine.apply_movements,true,false,true
game/strategy/interfaces/engines.py,IMovementEngine.calculate_next_hex,true,false,true
game/strategy/interfaces/engines.py,IProductionEngine.process_construction_tick,true,false,true
game/strategy/interfaces/engines.py,IOrderProcessor.process_instant_orders,true,false,true
game/strategy/interfaces/engines.py,IOrderProcessor.execute_action_order,true,false,true
game/strategy/interfaces/engines.py,IConflictEngine.resolve_all_conflicts,true,false,true
game/strategy/interfaces/engines.py,IConsumableEngine.process_per_turn_consumption,true,false,true
game/strategy/interfaces/engines.py,IResupplyEngine.process_fuel_generation,true,false,true
game/strategy/interfaces/engines.py,IResupplyEngine.process_fleet_resupply,true,false,true
game/strategy/interfaces/engines.py,IHarvestingEngine.process_harvesting_tick,true,false,true
game/strategy/interfaces/engines.py,IPopulationEngine.process_population_growth,true,false,true
game/strategy/interfaces/engines.py,IActionExecutionEngine.process_action_ticks,true,false,true
game/strategy/interfaces/engines.py,IEnvironmentalHazardEngine.process_environmental_tick,true,false,true
game/strategy/interfaces/engines.py,IPlanetEnergyEngine.process_energy_tick,true,false,true
game/strategy/interfaces/engines.py,IPlanetActionEngine.process_planet_actions_tick,true,false,true
game/strategy/interfaces/engines.py,IOrganicsConsumptionEngine.process_consumption,true,false,true
game/strategy/interfaces/engines.py,IHappinessEngine.process_happiness,true,false,true
game/strategy/interfaces/engines.py,IComponentActivationEngine.process_activation_tick,true,false,true
game/strategy/quickstart_builder.py,get_quickstart_races_dir,true,false,true
game/strategy/quickstart_builder.py,get_quickstart_designs_dir,true,false,true
game/strategy/quickstart_builder.py,QuickstartBuilder.load_test_race,true,false,true
game/strategy/quickstart_builder.py,QuickstartBuilder.build_1p_config,true,false,true
game/strategy/quickstart_builder.py,QuickstartBuilder.build_2p_config,true,false,true
game/strategy/quickstart_builder.py,QuickstartBuilder.copy_quickstart_designs,true,false,true
game/strategy/quickstart_builder.py,QuickstartBuilder.spawn_initial_complexes,true,false,true
game/strategy/services/action_time_resolver.py,ActionTimeResolver.resolve_action_time,true,false,true
game/strategy/services/action_time_resolver.py,ActionTimeResolver._find_fleet_ability_time,true,false,false
game/strategy/services/action_time_resolver.py,ActionTimeResolver._find_planet_ability_time,true,false,false
game/strategy/services/action_time_resolver.py,ActionTimeResolver._extract_time,true,false,false
game/strategy/services/action_time_resolver.py,_get_abilities,true,false,false
game/strategy/services/area_effect_manager.py,AreaEffectManager.get_effects_at_global_hex,true,false,true
game/strategy/services/cargo_transfer_service.py,project_fleet_position,true,false,true
game/strategy/services/cargo_transfer_service.py,_extract_population_items,true,false,false
game/strategy/services/cargo_transfer_service.py,CargoTransferService.resolve_colonies,true,false,true
game/strategy/services/cargo_transfer_service.py,CargoTransferService.get_unload_items,true,false,true
game/strategy/services/cargo_transfer_service.py,CargoTransferService.get_load_items,true,false,true
game/strategy/services/cargo_transfer_service.py,CargoTransferService._label,false,false,false
game/strategy/services/cargo_transfer_service.py,CargoTransferService.get_inventory_items,true,false,true
game/strategy/services/cargo_transfer_service.py,CargoTransferService.build_transfer_command,true,false,true
game/strategy/services/combat_modifier_collector.py,collect_combat_modifiers,true,false,true
game/strategy/services/combat_modifier_collector.py,_entry_scope,true,false,false
game/strategy/services/combat_modifier_collector.py,_find_reference_planet,false,false,false
game/strategy/services/combat_modifier_collector.py,_find_empire,false,false,false
game/strategy/services/component_inspector.py,get_component_abilities,true,false,true
game/strategy/services/component_inspector.py,extract_abilities_from_component,true,false,true
game/strategy/services/component_inspector.py,_get_component_registry,true,false,false
game/strategy/services/component_inspector.py,get_component_type,true,false,true
game/strategy/services/component_inspector.py,get_component_threshold,true,false,true
game/strategy/services/component_inspector.py,iterate_design_components,true,false,true
game/strategy/services/component_inspector.py,ship_has_ability,true,false,true
game/strategy/services/component_inspector.py,find_ship_with_ability,true,false,true
game/strategy/services/component_inspector.py,count_ability,true,false,true
game/strategy/services/component_inspector.py,list_ship_abilities,true,false,true
game/strategy/services/component_inspector.py,get_ability_list,true,false,true
game/strategy/services/component_inspector.py,has_warp_capability,true,false,true
game/strategy/services/deployment_zone_calculator.py,DeploymentZoneCalculator.get_zone_center,true,false,true
game/strategy/services/deployment_zone_calculator.py,DeploymentZoneCalculator.compute_positions,true,false,true
game/strategy/services/design_cost_calculator.py,DesignCostCalculator.calculate_total_cost,true,false,true
game/strategy/services/design_cost_calculator.py,DesignCostCalculator._apply_cost_multiplier,true,false,false
game/strategy/services/design_cost_calculator.py,DesignCostCalculator._calculate_inline_cost,true,false,false
game/strategy/services/design_validator.py,DesignValidationResult.add_error,true,false,true
game/strategy/services/design_validator.py,DesignValidationResult.add_warning,true,false,true
game/strategy/services/design_validator.py,DesignValidationResult.has_issues,true,false,true
game/strategy/services/design_validator.py,DesignValidator.__init__,true,true,false
game/strategy/services/design_validator.py,DesignValidator.validate,true,false,true
game/strategy/services/design_validator.py,DesignValidator._check_layer_mass,true,false,false
game/strategy/services/design_validator.py,DesignValidator._check_components_exist,true,false,false
game/strategy/services/empire_economy_service.py,EmpireEconomyService.__init__,true,true,false
game/strategy/services/empire_economy_service.py,EmpireEconomyService.get_snapshot,true,false,true
game/strategy/services/fleet_cargo_projector.py,FleetCargoProjector.get_projected_cargo,true,false,true
game/strategy/services/fleet_navigation_service.py,NavigationState.from_fleet,true,false,true
game/strategy/services/fleet_navigation_service.py,PathSegment.to_dict,true,false,true
game/strategy/services/fleet_navigation_service.py,FleetNavigationService.get_destination,true,false,true
game/strategy/services/fleet_navigation_service.py,FleetNavigationService.compute_path,true,false,true
game/strategy/services/fleet_navigation_service.py,FleetNavigationService._needs_path_recalculation,true,false,false
game/strategy/services/fleet_navigation_service.py,FleetNavigationService.compute_path_for_warp,true,false,true
game/strategy/services/fleet_navigation_service.py,FleetNavigationService._resolve_warp_exit,true,false,false
game/strategy/services/fleet_navigation_service.py,FleetNavigationService.compute_next_step,true,false,true
game/strategy/services/fleet_navigation_service.py,FleetNavigationService.project_path,true,false,true
game/strategy/services/fleet_navigation_service.py,FleetNavigationService._consume_ticks,true,false,false
game/strategy/services/fleet_navigation_service.py,FleetNavigationService._get_action_time_for_projection,true,false,false
game/strategy/services/fleet_navigation_service.py,FleetNavigationService._project_action_order,true,false,false
game/strategy/services/fleet_navigation_service.py,FleetNavigationService._resolve_path_for_order,true,false,false
game/strategy/services/fleet_navigation_service.py,FleetNavigationService.project_path_as_dicts,true,false,true
game/strategy/services/fleet_navigation_service.py,FleetNavigationService.calculate_fleet_next_hex,true,false,true
game/strategy/services/fleet_speed_calculator.py,get_tick_interval,true,false,true
game/strategy/services/fleet_speed_calculator.py,FleetSpeedCalculator.calculate_ship_speed,true,false,true
game/strategy/services/fleet_speed_calculator.py,FleetSpeedCalculator.calculate_fleet_speed,true,false,true
game/strategy/services/fleet_speed_calculator.py,FleetSpeedCalculator.update_fleet_speed,true,false,true
game/strategy/services/fleet_speed_calculator.py,FleetSpeedCalculator.calculate_fleet_speed_with_environment,true,false,true
game/strategy/services/modifier_resolver.py,resolve_size_multiplier,true,false,true
game/strategy/services/modifier_resolver.py,resolve_stat_from_size_mount,true,false,true
game/strategy/services/planet_economy_projector.py,PlanetEconomyProjector.__init__,true,true,false
game/strategy/services/planet_economy_projector.py,PlanetEconomyProjector.project,true,false,true
game/strategy/services/planet_economy_projector.py,PlanetEconomyProjector._project_harvest,true,false,false
game/strategy/services/planet_economy_projector.py,PlanetEconomyProjector._project_upkeep,true,false,false
game/strategy/services/planet_economy_projector.py,PlanetEconomyProjector._project_yard_drain,true,false,false
game/strategy/services/planet_economy_projector.py,compute_planet_production,true,false,true
game/strategy/services/planet_economy_projector.py,_get_harvester_info,true,false,false
game/strategy/services/race_description_llm_controller.py,RaceDescriptionLLMController.__init__,true,true,false
game/strategy/services/race_description_llm_controller.py,RaceDescriptionLLMController.bio_status,true,false,true
game/strategy/services/race_description_llm_controller.py,RaceDescriptionLLMController.socio_status,true,false,true
game/strategy/services/race_description_llm_controller.py,RaceDescriptionLLMController.bio_error,true,false,true
game/strategy/services/race_description_llm_controller.py,RaceDescriptionLLMController.socio_error,true,false,true
game/strategy/services/race_description_llm_controller.py,RaceDescriptionLLMController.bio_elapsed_seconds,true,false,true
game/strategy/services/race_description_llm_controller.py,RaceDescriptionLLMController.socio_elapsed_seconds,true,false,true
game/strategy/services/race_description_llm_controller.py,RaceDescriptionLLMController.generate_bio,true,false,true
game/strategy/services/race_description_llm_controller.py,RaceDescriptionLLMController.generate_socio,true,false,true
game/strategy/services/race_description_llm_controller.py,RaceDescriptionLLMController.re_roll_bio,true,false,true
game/strategy/services/race_description_llm_controller.py,RaceDescriptionLLMController.re_roll_socio,true,false,true
game/strategy/services/race_description_llm_controller.py,RaceDescriptionLLMController.cancel_bio,true,false,true
game/strategy/services/race_description_llm_controller.py,RaceDescriptionLLMController.cancel_socio,true,false,true
game/strategy/services/race_description_llm_controller.py,RaceDescriptionLLMController.cancel_all,true,false,true
game/strategy/services/race_description_llm_controller.py,RaceDescriptionLLMController.set_race_config,true,false,true
game/strategy/services/race_description_llm_controller.py,RaceDescriptionLLMController.update,true,false,true
game/strategy/services/race_description_llm_controller.py,RaceDescriptionLLMController._start_bio,true,false,false
game/strategy/services/race_description_llm_controller.py,RaceDescriptionLLMController._start_socio,true,false,false
game/strategy/services/race_description_llm_controller.py,RaceDescriptionLLMController._gather_captions,true,false,false
game/strategy/services/race_description_llm_controller.py,RaceDescriptionLLMController._poll_field,true,false,false
game/strategy/services/race_description_llm_controller.py,RaceDescriptionLLMController._apply_bio_transition,true,false,false
game/strategy/services/race_description_llm_controller.py,RaceDescriptionLLMController._apply_socio_transition,true,false,false
game/strategy/services/race_description_llm_controller.py,RaceDescriptionLLMController._fire_on_change,true,false,false
game/strategy/services/race_description_prompt_builder.py,_aptitude_display_names,true,false,false
game/strategy/services/race_description_prompt_builder.py,build_bio_prompt,true,false,true
game/strategy/services/race_description_prompt_builder.py,build_socio_prompt,true,false,true
game/strategy/services/race_description_prompt_builder.py,_render_user_payload,true,false,false
game/strategy/services/race_description_prompt_builder.py,_render_identity,true,false,false
game/strategy/services/race_description_prompt_builder.py,_render_aptitudes,true,false,false
game/strategy/services/race_description_prompt_builder.py,_render_preferences,true,false,false
game/strategy/services/race_description_prompt_builder.py,_render_caption_or_note,true,false,false
game/strategy/services/stabilizer_registry.py,find_blocking_stabilizer,true,false,true
game/strategy/services/strategic_ability_scanner.py,find_abilities_at_planet,true,false,true
game/strategy/services/strategic_ability_scanner.py,find_abilities_in_scope,true,false,true
game/strategy/services/strategic_ability_scanner.py,aggregate_multipliers,true,false,true
game/strategy/services/strategic_ability_scanner.py,_resolve_planets_for_scope,true,false,false
game/strategy/services/strategic_ability_scanner.py,_is_component_functionally_active,true,false,false
game/strategy/services/strategic_ability_scanner.py,_extract_ability,true,false,false
game/strategy/services/system_destroyer.py,SystemDestructionPlan.fleet_count,true,false,true
game/strategy/services/system_destroyer.py,collect_system_contents,true,false,true
game/strategy/services/system_destroyer.py,destroy_system,true,false,true
game/strategy/services/system_effects_collector.py,_get_component_status,true,false,false
game/strategy/services/system_effects_collector.py,_is_activatable,true,false,false
game/strategy/services/system_effects_collector.py,_is_active_component,true,false,false
game/strategy/services/system_effects_collector.py,_make_group_key,true,false,false
game/strategy/services/system_effects_collector.py,_make_display_name,true,false,false
game/strategy/services/system_effects_collector.py,collect_system_effects,true,false,true
game/strategy/services/system_effects_collector.py,collect_sector_effects,true,false,true
game/strategy/services/system_effects_collector.py,_collect_effects,true,false,false
game/strategy/services/task_group_suggester.py,suggest_task_groups,true,false,true
game/strategy/systems/design_library.py,DesignLoadResult.success,true,false,true
game/strategy/systems/design_library.py,DesignLoadResult.ok,true,false,true
game/strategy/systems/design_library.py,DesignLoadResult.not_found,true,false,true
game/strategy/systems/design_library.py,DesignLoadResult.corrupt,true,false,true
game/strategy/systems/design_library.py,DesignLoadResult.invalid_schema,true,false,true
game/strategy/systems/design_library.py,DesignLoadResult.permission_denied,true,false,true
game/strategy/systems/design_library.py,DesignLoadResult.io_error,true,false,true
game/strategy/systems/design_library.py,DesignLibrary.__init__,false,true,false
game/strategy/systems/design_library.py,DesignLibrary.scan_designs,true,false,true
game/strategy/systems/design_library.py,DesignLibrary.save_design,true,false,true
game/strategy/systems/design_library.py,DesignLibrary.load_design_data,true,false,true
game/strategy/systems/design_library.py,DesignLibrary.mark_obsolete,true,false,true
game/strategy/systems/design_library.py,DesignLibrary.increment_built_count,true,false,true
game/strategy/systems/design_library.py,DesignLibrary.filter_designs,true,false,true
game/strategy/systems/design_library.py,DesignLibrary.search_designs,true,false,true
game/strategy/systems/design_library.py,DesignLibrary._sanitize_design_id,true,false,false
game/strategy/systems/design_library.py,DesignLibrary.get_design_path,true,false,true
game/strategy/systems/design_library.py,DesignLibrary.has_design,true,false,true
game/strategy/systems/race_library.py,RaceLibrary.__init__,false,true,false
game/strategy/systems/race_library.py,RaceLibrary._ensure_folder_exists,true,false,false
game/strategy/systems/race_library.py,RaceLibrary.get_all_races,true,false,true
game/strategy/systems/race_library.py,RaceLibrary.get_race,true,false,true
game/strategy/systems/race_library.py,RaceLibrary.save_race,true,false,true
game/strategy/systems/race_library.py,RaceLibrary.delete_race,true,false,true
game/strategy/systems/race_library.py,RaceLibrary._generate_race_id,true,false,false
game/strategy/systems/race_library.py,RaceLibrary.race_exists,true,false,true
game/strategy/systems/race_library.py,RaceLibrary.get_race_count,true,false,true
game/strategy/systems/race_library.py,CachedRaceRegistry.__init__,false,true,false
game/strategy/systems/race_library.py,CachedRaceRegistry.get_race,true,false,true
game/strategy/systems/race_library.py,CachedRaceRegistry.invalidate,true,false,true
game/strategy/systems/race_randomizer.py,_resolve_rng,true,false,false
game/strategy/systems/race_randomizer.py,RaceRandomizer._load_race_names,true,false,false
game/strategy/systems/race_randomizer.py,RaceRandomizer.randomize_identity,true,false,true
game/strategy/systems/race_randomizer.py,RaceRandomizer._pick_name_entry,true,false,false
game/strategy/systems/race_randomizer.py,RaceRandomizer._pick_leader,true,false,false
game/strategy/systems/race_randomizer.py,RaceRandomizer.randomize_flag,true,false,true
game/strategy/systems/race_randomizer.py,RaceRandomizer.randomize_portrait,true,false,true
game/strategy/systems/race_randomizer.py,RaceRandomizer.randomize_theme,true,false,true
game/strategy/systems/race_randomizer.py,RaceRandomizer.randomize_aptitudes,true,false,true
game/strategy/systems/race_randomizer.py,RaceRandomizer.total_cost,true,false,true
game/strategy/systems/race_randomizer.py,RaceRandomizer.randomize_environment,true,false,true
game/strategy/systems/race_randomizer.py,RaceRandomizer.env_cost,true,false,true
game/strategy/systems/race_randomizer.py,RaceRandomizer.randomize_all,true,false,true
game/strategy/systems/save_game_service.py,SaveGameService.save_game,true,false,true
game/strategy/systems/save_game_service.py,SaveGameService.load_game,true,false,true
game/strategy/systems/save_game_service.py,SaveGameService.list_turns,true,false,true
game/strategy/systems/save_game_service.py,SaveGameService.list_saves,true,false,true
game/strategy/systems/save_game_service.py,SaveGameService.delete_save,true,false,true
game/strategy/systems/save_game_service.py,SaveGameService._load_json_safe,true,false,false
game/strategy/systems/save_game_service.py,SaveGameService._load_save_metadata,true,false,false
game/strategy/systems/save_game_service.py,SaveGameService._load_turn_data,true,false,false
game/strategy/systems/save_game_service.py,SaveGameService._reconstruct_game_session,true,false,false
game/strategy/systems/save_game_service.py,SaveGameService._validate_save,true,false,false
game/strategy/systems/save_game_service.py,SaveGameService._is_compatible_version,true,false,false
game/strategy/systems/save_game_service.py,SaveGameService.get_save_info,true,false,true
game/strategy/validation/colonize_validator.py,ColonizeValidator.validate,true,false,true
game/strategy/validation/colonize_validator.py,ColonizeValidator.fleet_has_drop_pod,true,false,true
game/strategy/validation/colonize_validator.py,ColonizeValidator._validate_drop_pod_availability,false,false,false
game/strategy/validation/colonize_validator.py,ColonizeValidator.count_drop_pods,true,false,true
game/strategy/validation/colonize_validator.py,ColonizeValidator.find_ship_with_drop_pod,true,false,true
game/strategy/validation/colonize_validator.py,ColonizeValidator.count_committed_colonize_orders,true,false,true
game/strategy/validation/planet_order_validator.py,PlanetOrderValidator.validate_activate_ability,true,false,true
game/strategy/validation/planet_order_validator.py,PlanetOrderValidator.validate_deactivate_ability,true,false,true
game/strategy/validation/planet_order_validator.py,_facility_has_ability,true,false,false
game/strategy/validation/superweapon_validator.py,SuperweaponValidator.find_ship_with_ability,true,false,true
game/strategy/validation/superweapon_validator.py,SuperweaponValidator._require_ability,true,false,false
game/strategy/validation/superweapon_validator.py,SuperweaponValidator._require_at_star_system,true,false,false
game/strategy/validation/superweapon_validator.py,SuperweaponValidator.validate_implode_planet,true,false,true
game/strategy/validation/superweapon_validator.py,SuperweaponValidator.validate_stellerate_star,true,false,true
game/strategy/validation/superweapon_validator.py,SuperweaponValidator.validate_open_warp_point,true,false,true
game/strategy/validation/superweapon_validator.py,SuperweaponValidator.validate_close_warp_point,true,false,true
game/strategy/validation/superweapon_validator.py,SuperweaponValidator.validate_create_dyson_sphere,true,false,true
game/strategy/validation/superweapon_validator.py,SuperweaponValidator.validate_self_destruct,true,false,true
game/strategy/validation/transfer_validator.py,TransferValidator.validate,true,false,true
game/strategy/validation/transfer_validator.py,TransferValidator._validate_fleet_transfer,true,false,false
game/strategy/validation/transfer_validator.py,TransferValidator._validate_load,true,false,false
game/strategy/validation/transfer_validator.py,TransferValidator._validate_unload,true,false,false
game/ui/assets/ship_theme_manager.py,ShipThemeManager.__init__,false,true,false
game/ui/assets/ship_theme_manager.py,ShipThemeManager.clear,false,false,true
game/ui/assets/ship_theme_manager.py,ShipThemeManager.initialize,false,false,true
game/ui/assets/ship_theme_manager.py,ShipThemeManager._discover_theme,false,false,false
game/ui/assets/ship_theme_manager.py,ShipThemeManager.load_image,false,false,true
game/ui/assets/ship_theme_manager.py,ShipThemeManager._load_single_image,false,false,false
game/ui/assets/ship_theme_manager.py,ShipThemeManager.get_image_metrics,false,false,true
game/ui/assets/ship_theme_manager.py,ShipThemeManager.get_manual_scale,false,false,true
game/ui/assets/ship_theme_manager.py,ShipThemeManager._create_fallback_image,false,false,false
game/ui/assets/ship_theme_manager.py,ShipThemeManager.get_available_themes,false,false,true
game/ui/assets/ship_theme_manager.py,ShipThemeManager.get_portrait_image,false,false,true
game/ui/assets/ship_theme_manager.py,ShipThemeManager._load_portrait_image,false,false,false
game/ui/assets/ship_theme_manager.py,ShipThemeManager._ship_class_to_portrait_name,false,false,false
game/ui/assets/ship_theme_manager.py,get_default_ship_theme_manager,true,false,true
game/ui/assets/ship_theme_manager.py,set_default_ship_theme_manager,true,false,true
game/ui/components/filters/tri_state_widget.py,TriStateFilterWidget.__init__,true,true,false
game/ui/components/filters/tri_state_widget.py,TriStateFilterWidget.attribute_name,true,false,true
game/ui/components/filters/tri_state_widget.py,TriStateFilterWidget.current_state,true,false,true
game/ui/components/filters/tri_state_widget.py,TriStateFilterWidget.set_state,true,false,true
game/ui/components/filters/tri_state_widget.py,TriStateFilterWidget.check_pressed,true,false,true
game/ui/components/filters/tri_state_widget.py,TriStateFilterWidget.kill,true,false,true
game/ui/components/filters/tri_state_widget.py,TriStateFilterWidget._update_visuals,true,false,false
game/ui/components/table/column_manager.py,TableColumnManager.__init__,true,true,false
game/ui/components/table/column_manager.py,TableColumnManager.get_columns,true,false,true
game/ui/components/table/column_manager.py,TableColumnManager.get_visible_columns,true,false,true
game/ui/components/table/column_manager.py,TableColumnManager.get_column,true,false,true
game/ui/components/table/column_manager.py,TableColumnManager.toggle_column,true,false,true
game/ui/components/table/column_manager.py,TableColumnManager.swap_column,true,false,true
game/ui/components/table/column_manager.py,TableColumnManager.get_total_visible_width,true,false,true
game/ui/components/table/column_manager.py,TableColumnManager.is_column_visible,true,false,true
game/ui/components/table/column_manager.py,TableColumnManager.is_image_column,true,false,true
game/ui/components/table/column_manager.py,TableColumnManager.get_toggleable_columns,true,false,true
game/ui/components/table/column_manager.py,TableColumnManager.set_sort,true,false,true
game/ui/components/table/data_source.py,ITableDataSource.get_row_count,true,false,true
game/ui/components/table/data_source.py,ITableDataSource.get_cell_value,true,false,true
game/ui/components/table/data_source.py,ITableDataSource.get_columns,true,false,true
game/ui/components/table/data_source.py,ITableDataSource.get_visible_columns,true,false,true
game/ui/components/table/data_source.py,ITableDataSource.get_cell_image,true,false,true
game/ui/components/table/data_source.py,ITableDataSource.get_row_highlight,true,false,true
game/ui/components/table/header.py,TableHeader.__init__,true,true,false
game/ui/components/table/header.py,TableHeader.rebuild,true,false,true
game/ui/components/table/header.py,TableHeader.check_presses,true,false,true
game/ui/components/table/header.py,TableHeader.kill,true,false,true
game/ui/components/table/selection.py,ISelectionStrategy.handle_click,true,false,true
game/ui/components/table/selection.py,ISelectionStrategy.get_selected_indices,true,false,true
game/ui/components/table/selection.py,ISelectionStrategy.clear,true,false,true
game/ui/components/table/selection.py,ISelectionStrategy.set_selected,true,false,true
game/ui/components/table/selection.py,SingleSelect.__init__,true,true,false
game/ui/components/table/selection.py,SingleSelect.handle_click,true,false,true
game/ui/components/table/selection.py,SingleSelect.get_selected_indices,true,false,true
game/ui/components/table/selection.py,SingleSelect.clear,true,false,true
game/ui/components/table/selection.py,SingleSelect.set_selected,true,false,true
game/ui/components/table/selection.py,MultiSelect.__init__,true,true,false
game/ui/components/table/selection.py,MultiSelect.handle_click,true,false,true
game/ui/components/table/selection.py,MultiSelect.get_selected_indices,true,false,true
game/ui/components/table/selection.py,MultiSelect.clear,true,false,true
game/ui/components/table/selection.py,MultiSelect.set_selected,true,false,true
game/ui/components/table/selection.py,NoSelect.handle_click,true,false,true
game/ui/components/table/selection.py,NoSelect.get_selected_indices,true,false,true
game/ui/components/table/selection.py,NoSelect.clear,true,false,true
game/ui/components/table/selection.py,NoSelect.set_selected,true,false,true
game/ui/components/table/virtual_table.py,VirtualTable.__init__,true,true,false
game/ui/components/table/virtual_table.py,VirtualTable._build_containers,true,false,false
game/ui/components/table/virtual_table.py,VirtualTable._rebuild_row_pool,true,false,false
game/ui/components/table/virtual_table.py,VirtualTable.update_visible_rows,true,false,true
game/ui/components/table/virtual_table.py,VirtualTable.update_scroll_bar,true,false,true
game/ui/components/table/virtual_table.py,VirtualTable.find_clicked_row,true,false,true
game/ui/components/table/virtual_table.py,VirtualTable.handle_click,true,false,true
game/ui/components/table/virtual_table.py,VirtualTable._update_selection_highlights,true,false,false
game/ui/components/table/virtual_table.py,VirtualTable.check_action_button_press,true,false,true
game/ui/components/table/virtual_table.py,VirtualTable.check_header_presses,true,false,true
game/ui/components/table/virtual_table.py,VirtualTable.rebuild_headers,true,false,true
game/ui/components/table/virtual_table.py,VirtualTable.rebuild_row_pool,true,false,true
game/ui/components/table/virtual_table.py,VirtualTable.force_update,true,false,true
game/ui/components/table/virtual_table.py,VirtualTable.kill,true,false,true
game/ui/components/table/virtual_table.py,VirtualTable.scroll_bar,true,false,true
game/ui/components/table/virtual_table.py,VirtualTable.selection_strategy,true,false,true
game/ui/components/table/virtual_table.py,VirtualTable.data_source,true,false,true
game/ui/components/table/virtual_table.py,VirtualTable.data_source,true,false,true
game/ui/effects/hit_effects.py,HitEffect.progress,true,false,true
game/ui/effects/hit_effects.py,HitEffect.is_alive,true,false,true
game/ui/effects/hit_effects.py,HitEffect.update,true,false,true
game/ui/effects/hit_effects.py,create_hit_effect,true,false,true
game/ui/effects/hit_effects.py,update_effects,true,false,true
game/ui/effects/hit_effects.py,draw_effects,true,false,true
game/ui/effects/hit_effects.py,_draw_shield_hit,true,false,false
game/ui/effects/hit_effects.py,_draw_armor_hit,true,false,false
game/ui/effects/hit_effects.py,_draw_component_destroyed,true,false,false
game/ui/effects/hit_effects.py,_draw_ship_destroyed,true,false,false
game/ui/filters/filter_state_manager.py,FilterStateManager.__init__,true,true,false
game/ui/filters/filter_state_manager.py,FilterStateManager.get_state,true,false,true
game/ui/filters/filter_state_manager.py,FilterStateManager.set_state,true,false,true
game/ui/filters/filter_state_manager.py,FilterStateManager.get_all_states,true,false,true
game/ui/filters/filter_state_manager.py,FilterStateManager.reset_all,true,false,true
game/ui/filters/filter_state_manager.py,FilterStateManager.has_active_filters,true,false,true
game/ui/filters/filter_state_manager.py,FilterStateManager.should_include,true,false,true
game/ui/fonts.py,_ensure_cache_valid,true,false,false
game/ui/fonts.py,get_font,true,false,true
game/ui/fonts.py,get_default_font,true,false,true
game/ui/fonts.py,clear_cache,true,false,true
game/ui/interfaces/battle_ui.py,IBattleUI.get_ships,true,false,true
game/ui/interfaces/battle_ui.py,IBattleUI.get_projectiles,true,false,true
game/ui/interfaces/battle_ui.py,IBattleUI.get_recent_beams,true,false,true
game/ui/interfaces/battle_ui.py,IBattleUI.is_battle_over,true,false,true
game/ui/interfaces/battle_ui.py,IBattleUI.get_winner,true,false,true
game/ui/interfaces/battle_ui.py,IBattleUI.get_tick_count,true,false,true
game/ui/panels/base_gallery.py,BaseGallery.__init__,false,true,false
game/ui/panels/base_gallery.py,BaseGallery._get_label_text,true,false,false
game/ui/panels/base_gallery.py,BaseGallery._get_thumb_size,true,false,false
game/ui/panels/base_gallery.py,BaseGallery._get_preview_size,true,false,false
game/ui/panels/base_gallery.py,BaseGallery._get_object_id_prefix,true,false,false
game/ui/panels/base_gallery.py,BaseGallery._get_preview_panel_object_id,true,false,false
game/ui/panels/base_gallery.py,BaseGallery._discover_assets,true,false,false
game/ui/panels/base_gallery.py,BaseGallery._get_current_selection,true,false,false
game/ui/panels/base_gallery.py,BaseGallery._set_selection,true,false,false
game/ui/panels/base_gallery.py,BaseGallery._update_preview,true,false,false
game/ui/panels/base_gallery.py,BaseGallery._create_content,false,false,false
game/ui/panels/base_gallery.py,BaseGallery._populate_gallery,false,false,false
game/ui/panels/base_gallery.py,BaseGallery._sanitize_object_id,true,false,false
game/ui/panels/base_gallery.py,BaseGallery.on_asset_selected,false,false,true
game/ui/panels/base_gallery.py,BaseGallery.set_from_config,false,false,true
game/ui/panels/base_gallery.py,BaseGallery.handle_button_click,true,false,true
game/ui/panels/battle_panels.py,BattlePanel.__init__,false,true,false
game/ui/panels/battle_panels.py,BattlePanel.draw,false,false,true
game/ui/panels/battle_panels.py,BattlePanel.handle_click,false,false,true
game/ui/panels/battle_panels.py,BattlePanel.draw_stat_bar,false,false,true
game/ui/panels/battle_panels.py,BattlePanel._get_ships,false,false,false
game/ui/panels/battle_panels.py,ExpandableIdPanel.__init__,false,true,false
game/ui/panels/battle_panels.py,ExpandableIdPanel._is_id_expanded,true,false,false
game/ui/panels/battle_panels.py,ExpandableIdPanel._toggle_id_expanded,true,false,false
game/ui/panels/battle_panels.py,ShipStatsPanel.__init__,false,true,false
game/ui/panels/battle_panels.py,ShipStatsPanel._get_ship_id,true,false,false
game/ui/panels/battle_panels.py,ShipStatsPanel._is_expanded,false,false,false
game/ui/panels/battle_panels.py,ShipStatsPanel._toggle_expanded,false,false,false
game/ui/panels/battle_panels.py,ShipStatsPanel.draw,false,false,true
game/ui/panels/battle_panels.py,ShipStatsPanel.draw_ship_entry,false,false,true
game/ui/panels/battle_panels.py,ShipStatsPanel.draw_ship_details,false,false,true
game/ui/panels/battle_panels.py,ShipStatsPanel.get_expanded_height,false,false,true
game/ui/panels/battle_panels.py,ShipStatsPanel.handle_click,false,false,true
game/ui/panels/battle_panels.py,SeekerMonitorPanel.__init__,false,true,false
game/ui/panels/battle_panels.py,SeekerMonitorPanel._get_projectile_id,true,false,false
game/ui/panels/battle_panels.py,SeekerMonitorPanel._is_seeker_expanded,false,false,false
game/ui/panels/battle_panels.py,SeekerMonitorPanel._toggle_seeker_expanded,false,false,false
game/ui/panels/battle_panels.py,SeekerMonitorPanel.add_seeker,false,false,true
game/ui/panels/battle_panels.py,SeekerMonitorPanel.clear_inactive,false,false,true
game/ui/panels/battle_panels.py,SeekerMonitorPanel.draw,false,false,true
game/ui/panels/battle_panels.py,SeekerMonitorPanel.draw_seeker_entry,false,false,true
game/ui/panels/battle_panels.py,SeekerMonitorPanel.draw_seeker_details,false,false,true
game/ui/panels/battle_panels.py,SeekerMonitorPanel.handle_click,false,false,true
game/ui/panels/battle_panels.py,BattleControlPanel.__init__,false,true,false
game/ui/panels/battle_panels.py,BattleControlPanel.draw,false,false,true
game/ui/panels/battle_panels.py,BattleControlPanel.handle_click,false,false,true
game/ui/panels/build_queue_controller.py,BuildQueueController.__init__,false,true,false
game/ui/panels/build_queue_controller.py,BuildQueueController.set_active_queue,true,false,true
game/ui/panels/build_queue_controller.py,BuildQueueController.set_selected_queues,true,false,true
game/ui/panels/build_queue_controller.py,BuildQueueController.load_designs_by_category,false,false,true
game/ui/panels/build_queue_controller.py,BuildQueueController._validate_designs,true,false,false
game/ui/panels/build_queue_controller.py,BuildQueueController.set_category,false,false,true
game/ui/panels/build_queue_controller.py,BuildQueueController.set_role,false,false,true
game/ui/panels/build_queue_controller.py,BuildQueueController._get_design_cost,true,false,false
game/ui/panels/build_queue_controller.py,BuildQueueController._calculate_build_turns,true,false,false
game/ui/panels/build_queue_controller.py,BuildQueueController._build_cost_tracking,true,false,false
game/ui/panels/build_queue_controller.py,BuildQueueController.add_to_queue,false,false,true
game/ui/panels/build_queue_controller.py,BuildQueueController._source_can_build_category,true,false,false
game/ui/panels/build_queue_controller.py,BuildQueueController._needs_planet_selection,true,false,false
game/ui/panels/build_queue_controller.py,BuildQueueController._get_target_planet_id,true,false,false
game/ui/panels/build_queue_controller.py,BuildQueueController._get_entity_info,true,false,false
game/ui/panels/build_queue_controller.py,BuildQueueController._add_to_single_queue,true,false,false
game/ui/panels/build_queue_controller.py,BuildQueueController.on_planet_selected,false,false,true
game/ui/panels/build_queue_controller.py,BuildQueueController._add_item_with_target_planet,true,false,false
game/ui/panels/build_queue_controller.py,BuildQueueController._add_to_multiple_queues,true,false,false
game/ui/panels/build_queue_controller.py,BuildQueueController._add_to_fallback,true,false,false
game/ui/panels/build_queue_controller.py,BuildQueueController.refresh_design_report,false,false,true
game/ui/panels/build_queue_drag_handler.py,BuildQueueDragHandler.__init__,false,true,false
game/ui/panels/build_queue_drag_handler.py,BuildQueueDragHandler.is_dragging,true,false,true
game/ui/panels/build_queue_drag_handler.py,BuildQueueDragHandler.handle_mouse_down,true,false,true
game/ui/panels/build_queue_drag_handler.py,BuildQueueDragHandler.handle_mouse_motion,true,false,true
game/ui/panels/build_queue_drag_handler.py,BuildQueueDragHandler.handle_mouse_up,true,false,true
game/ui/panels/build_queue_drag_handler.py,BuildQueueDragHandler.draw_drag_preview,true,false,true
game/ui/panels/build_queue_portraits.py,BuildQueuePortraitLoader.__init__,false,true,false
game/ui/panels/build_queue_portraits.py,BuildQueuePortraitLoader.load_design_portrait,true,false,true
game/ui/panels/build_queue_portraits.py,BuildQueuePortraitLoader.load_queue_item_portrait,true,false,true
game/ui/panels/build_queue_portraits.py,BuildQueuePortraitLoader._create_placeholder,true,false,false
game/ui/panels/build_queue_portraits.py,BuildQueuePortraitLoader._create_type_placeholder,true,false,false
game/ui/panels/build_queue_portraits.py,BuildQueuePortraitLoader.load_resource_icons,true,false,true
game/ui/panels/builder_widgets.py,ModifierEditorPanel.__init__,false,true,false
game/ui/panels/builder_widgets.py,ModifierEditorPanel._get_modifiers,false,false,false
game/ui/panels/builder_widgets.py,ModifierEditorPanel.rebuild,false,false,true
game/ui/panels/builder_widgets.py,ModifierEditorPanel.set_panel_height,false,false,true
game/ui/panels/builder_widgets.py,ModifierEditorPanel.update,false,false,true
game/ui/panels/builder_widgets.py,ModifierEditorPanel.layout,false,false,true
game/ui/panels/builder_widgets.py,ModifierEditorPanel._clear_scroll_container,false,false,false
game/ui/panels/builder_widgets.py,ModifierEditorPanel._clear_all_rows,false,false,false
game/ui/panels/builder_widgets.py,ModifierEditorPanel._ensure_row,false,false,false
game/ui/panels/builder_widgets.py,ModifierEditorPanel._clear_extra_ui,false,false,false
game/ui/panels/builder_widgets.py,ModifierEditorPanel._on_row_change,false,false,false
game/ui/panels/builder_widgets.py,ModifierEditorPanel.handle_event,false,false,true
game/ui/panels/component_modifier_grid_panel.py,ComponentModifierGridPanel.__init__,false,true,false
game/ui/panels/component_modifier_grid_panel.py,ComponentModifierGridPanel._on_selection_changed,false,false,false
game/ui/panels/component_modifier_grid_panel.py,ComponentModifierGridPanel._on_ship_updated,false,false,false
game/ui/panels/component_modifier_grid_panel.py,ComponentModifierGridPanel.update_component,false,false,true
game/ui/panels/component_modifier_grid_panel.py,ComponentModifierGridPanel.draw,false,false,true
game/ui/panels/component_modifier_grid_panel.py,ComponentModifierGridPanel.handle_event,true,false,true
game/ui/panels/component_modifier_grid_panel.py,ComponentModifierGridPanel.show,false,false,true
game/ui/panels/component_modifier_grid_panel.py,ComponentModifierGridPanel.hide,false,false,true
game/ui/panels/component_modifier_grid_panel.py,ComponentModifierGridPanel.kill,false,false,true
game/ui/panels/design_report_panel.py,DesignReportPanel.__init__,false,true,false
game/ui/panels/design_report_panel.py,DesignReportPanel.show_placeholder,false,false,true
game/ui/panels/design_report_panel.py,DesignReportPanel.update_design,false,false,true
game/ui/panels/design_report_panel.py,DesignReportPanel._update_portrait,false,false,false
game/ui/panels/design_report_panel.py,DesignReportPanel.get_width_required,true,false,true
game/ui/panels/design_report_panel.py,DesignReportPanel.kill,false,false,true
game/ui/panels/design_stats_panel.py,StatRow.__init__,false,true,false
game/ui/panels/design_stats_panel.py,StatRow.update,true,false,true
game/ui/panels/design_stats_panel.py,StatRow.set_visible,true,false,true
game/ui/panels/design_stats_panel.py,DesignStatsPanel.__init__,false,true,false
game/ui/panels/design_stats_panel.py,DesignStatsPanel._build_layout,true,false,false
game/ui/panels/design_stats_panel.py,DesignStatsPanel._build_sections,true,false,false
game/ui/panels/design_stats_panel.py,DesignStatsPanel._build_section,true,false,false
game/ui/panels/design_stats_panel.py,DesignStatsPanel.handle_event,true,false,true
game/ui/panels/design_stats_panel.py,DesignStatsPanel.update_stats,true,false,true
game/ui/panels/design_stats_panel.py,DesignStatsPanel._update_requirements,true,false,false
game/ui/panels/design_stats_panel.py,DesignStatsPanel.needs_rebuild,true,false,true
game/ui/panels/design_stats_panel.py,DesignStatsPanel.rebuild,true,false,true
game/ui/panels/design_stats_panel.py,DesignStatsPanel.kill,true,false,true
game/ui/panels/empire_treasury_panel.py,EmpireTreasuryPanel.__init__,false,true,false
game/ui/panels/empire_treasury_panel.py,EmpireTreasuryPanel._build_ui,false,false,false
game/ui/panels/empire_treasury_panel.py,EmpireTreasuryPanel._build_resource_header,true,false,false
game/ui/panels/empire_treasury_panel.py,EmpireTreasuryPanel._build_section,true,false,false
game/ui/panels/empire_treasury_panel.py,EmpireTreasuryPanel._build_row,true,false,false
game/ui/panels/empire_treasury_panel.py,EmpireTreasuryPanel._format_value,true,false,false
game/ui/panels/empire_treasury_panel.py,EmpireTreasuryPanel._get_production_rows,true,false,false
game/ui/panels/empire_treasury_panel.py,EmpireTreasuryPanel._get_expense_rows,true,false,false
game/ui/panels/empire_treasury_panel.py,EmpireTreasuryPanel._get_treasury_rows,true,false,false
game/ui/panels/empire_treasury_panel.py,EmpireTreasuryPanel.refresh,false,false,true
game/ui/panels/empire_treasury_panel.py,load_resource_icons,true,false,true
game/ui/panels/modifier_impact_grid.py,ModifierImpactGrid.__init__,false,true,false
game/ui/panels/modifier_impact_grid.py,ModifierImpactGrid.update,false,false,true
game/ui/panels/modifier_impact_grid.py,ModifierImpactGrid._get_component_consumed_stats,true,false,false
game/ui/panels/modifier_impact_grid.py,ModifierImpactGrid._get_affected_stats,true,false,false
game/ui/panels/modifier_impact_grid.py,ModifierImpactGrid._format_stat_name,true,false,false
game/ui/panels/modifier_impact_grid.py,ModifierImpactGrid._format_value,true,false,false
game/ui/panels/modifier_impact_grid.py,ModifierImpactGrid._format_sig_digits,true,false,false
game/ui/panels/modifier_impact_grid.py,ModifierImpactGrid._get_value_color,true,false,false
game/ui/panels/modifier_impact_grid.py,ModifierImpactGrid._get_rotated_header,true,false,false
game/ui/panels/modifier_impact_grid.py,ModifierImpactGrid._build_ui,false,false,false
game/ui/panels/modifier_impact_grid.py,ModifierImpactGrid.draw,false,false,true
game/ui/panels/modifier_impact_grid.py,ModifierImpactGrid.handle_event,true,false,true
game/ui/panels/modifier_impact_grid.py,ModifierImpactGrid._clear_ui,false,false,false
game/ui/panels/modifier_impact_grid.py,ModifierImpactGrid.kill,false,false,true
game/ui/panels/modifier_impact_grid.py,ModifierImpactGrid.set_position,false,false,true
game/ui/panels/planet_report_panel.py,_projection_grid_rows,true,false,false
game/ui/panels/planet_report_panel.py,_qty_cell,true,false,false
game/ui/panels/planet_report_panel.py,_qual_cell,true,false,false
game/ui/panels/planet_report_panel.py,_flow_cell,true,false,false
game/ui/panels/planet_report_panel.py,_stockpile_cell,true,false,false
game/ui/panels/planet_report_panel.py,_net_cell_color,false,false,false
game/ui/panels/planet_report_panel.py,PlanetReportPanel.__init__,false,true,false
game/ui/panels/planet_report_panel.py,PlanetReportPanel.update_planet,false,false,true
game/ui/panels/planet_report_panel.py,PlanetReportPanel._update_portrait,false,false,false
game/ui/panels/planet_report_panel.py,PlanetReportPanel._update_graph,false,false,false
game/ui/panels/planet_report_panel.py,PlanetReportPanel._update_complexes_list,false,false,false
game/ui/panels/planet_report_panel.py,PlanetReportPanel._build_resource_grid,true,false,false
game/ui/panels/planet_report_panel.py,PlanetReportPanel._update_resource_grid,true,false,false
game/ui/panels/planet_report_panel.py,PlanetReportPanel._load_resource_icons,true,false,false
game/ui/panels/planet_report_panel.py,PlanetReportPanel.get_height_required,false,false,true
game/ui/panels/planet_report_panel.py,PlanetReportPanel.kill,false,false,true
game/ui/panels/race_aptitudes_panel.py,RaceAptitudesPanel.__init__,false,true,false
game/ui/panels/race_aptitudes_panel.py,RaceAptitudesPanel._create_content,false,false,false
game/ui/panels/race_aptitudes_panel.py,RaceAptitudesPanel._create_budget_section,true,false,false
game/ui/panels/race_aptitudes_panel.py,RaceAptitudesPanel._create_aptitude_section,true,false,false
game/ui/panels/race_aptitudes_panel.py,RaceAptitudesPanel._create_cost_breakdown_section,true,false,false
game/ui/panels/race_aptitudes_panel.py,RaceAptitudesPanel._get_aptitude_value,true,false,false
game/ui/panels/race_aptitudes_panel.py,RaceAptitudesPanel._set_aptitude_value,false,false,false
game/ui/panels/race_aptitudes_panel.py,RaceAptitudesPanel._format_cost,true,false,false
game/ui/panels/race_aptitudes_panel.py,RaceAptitudesPanel.update_config,false,false,true
game/ui/panels/race_aptitudes_panel.py,RaceAptitudesPanel.set_from_config,false,false,true
game/ui/panels/race_aptitudes_panel.py,RaceAptitudesPanel.update_labels,false,false,true
game/ui/panels/race_aptitudes_panel.py,RaceAptitudesPanel.update_budget_display,false,false,true
game/ui/panels/race_description_panel.py,RaceDescriptionPanel.__init__,false,true,false
game/ui/panels/race_description_panel.py,RaceDescriptionPanel._create_content,false,false,false
game/ui/panels/race_description_panel.py,RaceDescriptionPanel.update_char_counts,false,false,true
game/ui/panels/race_description_panel.py,RaceDescriptionPanel.update_config,false,false,true
game/ui/panels/race_description_panel.py,RaceDescriptionPanel.set_from_config,false,false,true
game/ui/panels/race_description_panel.py,RaceDescriptionPanel.attach_controller,true,false,true
game/ui/panels/race_description_panel.py,RaceDescriptionPanel._btn_x,true,false,false
game/ui/panels/race_description_panel.py,RaceDescriptionPanel.set_state,true,false,true
game/ui/panels/race_description_panel.py,RaceDescriptionPanel._apply_field_state,true,false,false
game/ui/panels/race_environment_panel.py,RaceEnvironmentPanel.__init__,true,true,false
game/ui/panels/race_environment_panel.py,RaceEnvironmentPanel._create_content,true,false,false
game/ui/panels/race_environment_panel.py,RaceEnvironmentPanel._create_points_label,true,false,false
game/ui/panels/race_environment_panel.py,RaceEnvironmentPanel._create_homeworld_dropdown,true,false,false
game/ui/panels/race_environment_panel.py,RaceEnvironmentPanel._create_repro_and_happiness,true,false,false
game/ui/panels/race_environment_panel.py,RaceEnvironmentPanel._create_factor_rows,true,false,false
game/ui/panels/race_environment_panel.py,RaceEnvironmentPanel.update_config,true,false,true
game/ui/panels/race_environment_panel.py,RaceEnvironmentPanel.update_labels,true,false,true
game/ui/panels/race_environment_panel.py,RaceEnvironmentPanel.set_from_config,true,false,true
game/ui/panels/race_environment_panel.py,RaceEnvironmentPanel._on_row_change,true,false,false
game/ui/panels/race_environment_panel.py,RaceEnvironmentPanel.apply_homeworld_preset,true,false,true
game/ui/panels/race_environment_panel.py,RaceEnvironmentPanel.handle_dropdown_change,true,false,true
game/ui/panels/race_environment_panel.py,RaceEnvironmentPanel._update_points_display,true,false,false
game/ui/panels/race_environment_panel.py,RaceEnvironmentPanel._format_reproduction,true,false,false
game/ui/panels/race_flag_gallery.py,RaceFlagGallery.__init__,false,true,false
game/ui/panels/race_flag_gallery.py,RaceFlagGallery._get_label_text,true,false,false
game/ui/panels/race_flag_gallery.py,RaceFlagGallery._get_thumb_size,true,false,false
game/ui/panels/race_flag_gallery.py,RaceFlagGallery._get_preview_size,true,false,false
game/ui/panels/race_flag_gallery.py,RaceFlagGallery._get_object_id_prefix,true,false,false
game/ui/panels/race_flag_gallery.py,RaceFlagGallery._get_preview_panel_object_id,true,false,false
game/ui/panels/race_flag_gallery.py,RaceFlagGallery._get_current_selection,true,false,false
game/ui/panels/race_flag_gallery.py,RaceFlagGallery._set_selection,true,false,false
game/ui/panels/race_flag_gallery.py,RaceFlagGallery._discover_assets,true,false,false
game/ui/panels/race_flag_gallery.py,RaceFlagGallery._update_preview,true,false,false
game/ui/panels/race_identity_panel.py,RaceIdentityPanel.__init__,false,true,false
game/ui/panels/race_identity_panel.py,RaceIdentityPanel._init_empty_refs,false,false,false
game/ui/panels/race_identity_panel.py,RaceIdentityPanel._create_content,false,false,false
game/ui/panels/race_identity_panel.py,RaceIdentityPanel._create_race_section,true,false,false
game/ui/panels/race_identity_panel.py,RaceIdentityPanel._create_government_section,true,false,false
game/ui/panels/race_identity_panel.py,RaceIdentityPanel._create_faction_section,true,false,false
game/ui/panels/race_identity_panel.py,RaceIdentityPanel._auto_generate_faction_name,true,false,false
game/ui/panels/race_identity_panel.py,RaceIdentityPanel._update_faction_if_not_overridden,false,false,false
game/ui/panels/race_identity_panel.py,RaceIdentityPanel._get_dropdown_value,true,false,false
game/ui/panels/race_identity_panel.py,RaceIdentityPanel.update_config,false,false,true
game/ui/panels/race_identity_panel.py,RaceIdentityPanel.set_from_config,false,false,true
game/ui/panels/race_identity_panel.py,RaceIdentityPanel._recreate_dropdown,false,false,false
game/ui/panels/race_identity_panel.py,RaceIdentityPanel.update_labels,false,false,true
game/ui/panels/race_identity_panel.py,RaceIdentityPanel.handle_event,true,false,true
game/ui/panels/race_portrait_gallery.py,RacePortraitGallery.__init__,false,true,false
game/ui/panels/race_portrait_gallery.py,RacePortraitGallery._get_label_text,true,false,false
game/ui/panels/race_portrait_gallery.py,RacePortraitGallery._get_thumb_size,true,false,false
game/ui/panels/race_portrait_gallery.py,RacePortraitGallery._get_preview_size,true,false,false
game/ui/panels/race_portrait_gallery.py,RacePortraitGallery._get_object_id_prefix,true,false,false
game/ui/panels/race_portrait_gallery.py,RacePortraitGallery._get_preview_panel_object_id,true,false,false
game/ui/panels/race_portrait_gallery.py,RacePortraitGallery._get_current_selection,true,false,false
game/ui/panels/race_portrait_gallery.py,RacePortraitGallery._set_selection,true,false,false
game/ui/panels/race_portrait_gallery.py,RacePortraitGallery._discover_assets,true,false,false
game/ui/panels/race_portrait_gallery.py,RacePortraitGallery._update_preview,true,false,false
game/ui/panels/race_summary_panel.py,RaceSummaryPanel.__init__,false,true,false
game/ui/panels/race_summary_panel.py,RaceSummaryPanel._create_content,false,false,false
game/ui/panels/race_summary_panel.py,RaceSummaryPanel._create_column1_content,true,false,false
game/ui/panels/race_summary_panel.py,RaceSummaryPanel._create_column2_content,false,false,false
game/ui/panels/race_summary_panel.py,RaceSummaryPanel._create_column3_content,false,false,false
game/ui/panels/race_summary_panel.py,RaceSummaryPanel._format_gravity_summary,true,false,false
game/ui/panels/race_summary_panel.py,RaceSummaryPanel._format_temperature_summary,true,false,false
game/ui/panels/race_summary_panel.py,RaceSummaryPanel._format_radiation_summary,true,false,false
game/ui/panels/race_summary_panel.py,RaceSummaryPanel._format_atmosphere_summary,true,false,false
game/ui/panels/race_summary_panel.py,RaceSummaryPanel._format_bio_status,true,false,false
game/ui/panels/race_summary_panel.py,RaceSummaryPanel._format_socio_status,true,false,false
game/ui/panels/race_summary_panel.py,RaceSummaryPanel._format_faction_summary,true,false,false
game/ui/panels/race_summary_panel.py,RaceSummaryPanel._format_race_summary,true,false,false
game/ui/panels/race_summary_panel.py,RaceSummaryPanel._format_government_summary,true,false,false
game/ui/panels/race_summary_panel.py,RaceSummaryPanel._format_physical_summary,true,false,false
game/ui/panels/race_summary_panel.py,RaceSummaryPanel._format_society_summary,true,false,false
game/ui/panels/race_summary_panel.py,RaceSummaryPanel._format_homeworld_summary,true,false,false
game/ui/panels/race_summary_panel.py,RaceSummaryPanel._format_water_summary,true,false,false
game/ui/panels/race_summary_panel.py,RaceSummaryPanel._format_budget_summary,true,false,false
game/ui/panels/race_summary_panel.py,RaceSummaryPanel._format_aptitudes_summary,true,false,false
game/ui/panels/race_summary_panel.py,RaceSummaryPanel.refresh,false,false,true
game/ui/panels/race_summary_panel.py,RaceSummaryPanel._refresh_flag_preview,false,false,false
game/ui/panels/race_summary_panel.py,RaceSummaryPanel._refresh_portrait_preview,false,false,false
game/ui/panels/race_summary_panel.py,RaceSummaryPanel._refresh_ship_preview,false,false,false
game/ui/panels/race_summary_panel.py,RaceSummaryPanel.handle_button_click,true,false,true
game/ui/panels/race_theme_gallery.py,RaceThemeGallery.__init__,false,true,false
game/ui/panels/race_theme_gallery.py,RaceThemeGallery._get_label_text,true,false,false
game/ui/panels/race_theme_gallery.py,RaceThemeGallery._get_thumb_size,true,false,false
game/ui/panels/race_theme_gallery.py,RaceThemeGallery._get_preview_size,true,false,false
game/ui/panels/race_theme_gallery.py,RaceThemeGallery._get_object_id_prefix,true,false,false
game/ui/panels/race_theme_gallery.py,RaceThemeGallery._get_preview_panel_object_id,true,false,false
game/ui/panels/race_theme_gallery.py,RaceThemeGallery._get_current_selection,true,false,false
game/ui/panels/race_theme_gallery.py,RaceThemeGallery._set_selection,true,false,false
game/ui/panels/race_theme_gallery.py,RaceThemeGallery._update_preview,true,false,false
game/ui/panels/race_theme_gallery.py,RaceThemeGallery._discover_assets,true,false,false
game/ui/panels/race_theme_gallery.py,RaceThemeGallery._create_content,false,false,false
game/ui/panels/race_theme_gallery.py,RaceThemeGallery._populate_gallery,false,false,false
game/ui/panels/ship_detail_panel.py,ShipDetailPanel.__init__,false,true,false
game/ui/panels/ship_detail_panel.py,ShipDetailPanel._show_placeholder,false,false,false
game/ui/panels/ship_detail_panel.py,ShipDetailPanel._clear_elements,false,false,false
game/ui/panels/ship_detail_panel.py,ShipDetailPanel._get_scaled_image,true,false,false
game/ui/panels/ship_detail_panel.py,ShipDetailPanel.update_ship,false,false,true
game/ui/panels/ship_detail_panel.py,ShipDetailPanel._build_ship_display,false,false,false
game/ui/panels/ship_detail_panel.py,ShipDetailPanel._add_section_header,true,false,false
game/ui/panels/ship_detail_panel.py,ShipDetailPanel._build_damage_section,true,false,false
game/ui/panels/ship_detail_panel.py,ShipDetailPanel.toggle_layer,false,false,true
game/ui/panels/ship_detail_panel.py,ShipDetailPanel.process_event,true,false,true
game/ui/panels/ship_detail_panel.py,ShipDetailPanel.kill,false,false,true
game/ui/panels/ship_stats_renderer.py,draw_stat_bar,false,false,true
game/ui/panels/ship_stats_renderer.py,get_component_status_display,false,false,true
game/ui/panels/ship_stats_renderer.py,get_hp_bar_color,false,false,true
game/ui/panels/ship_stats_renderer.py,draw_ship_resources,false,false,true
game/ui/panels/ship_stats_renderer.py,draw_weapon_entry,false,false,true
game/ui/panels/ship_stats_renderer.py,draw_component_entry,false,false,true
game/ui/panels/ship_stats_renderer.py,draw_ship_info_header,false,false,true
game/ui/panels/ship_stats_renderer.py,draw_ship_vitals,false,false,true
game/ui/panels/ship_stats_renderer.py,draw_ship_combat_stats,false,false,true
game/ui/panels/ship_stats_renderer.py,draw_fleet_bonuses,false,false,true
game/ui/panels/ship_stats_renderer.py,draw_ship_weapons,false,false,true
game/ui/panels/ship_stats_renderer.py,draw_ship_components,false,false,true
game/ui/panels/strategy_widgets.py,DataGraph.__init__,false,true,false
game/ui/panels/strategy_widgets.py,DataGraph.clear,false,false,true
game/ui/panels/strategy_widgets.py,SpectrumGraph.render,false,false,true
game/ui/panels/strategy_widgets.py,AtmosphereGraph.render,false,false,true
game/ui/panels/system_tree_panel.py,SystemTreeItem.__init__,false,true,false
game/ui/panels/system_tree_panel.py,SystemTreeItem.add_child,false,false,true
game/ui/panels/system_tree_panel.py,SystemTreeItem.set_expanded,false,false,true
game/ui/panels/system_tree_panel.py,SystemTreeItem.set_position,false,false,true
game/ui/panels/system_tree_panel.py,SystemTreeItem.show,false,false,true
game/ui/panels/system_tree_panel.py,SystemTreeItem.hide,false,false,true
game/ui/panels/system_tree_panel.py,SystemTreeItem.kill,false,false,true
game/ui/panels/system_tree_panel.py,SystemTreePanel.__init__,false,true,false
game/ui/panels/system_tree_panel.py,SystemTreePanel.set_items,false,false,true
game/ui/panels/system_tree_panel.py,SystemTreePanel.create_planet_nodes,false,false,true
game/ui/panels/system_tree_panel.py,SystemTreePanel._get_empire_context,false,false,false
game/ui/panels/system_tree_panel.py,SystemTreePanel._add_system_effects,false,false,false
game/ui/panels/system_tree_panel.py,SystemTreePanel._add_sector_effects,false,false,false
game/ui/panels/system_tree_panel.py,SystemTreePanel._add_effects_group,false,false,false
game/ui/panels/system_tree_panel.py,SystemTreePanel._format_effect_value,true,false,false
game/ui/panels/system_tree_panel.py,SystemTreePanel._format_provider_value,true,false,false
game/ui/panels/system_tree_panel.py,SystemTreePanel.layout,false,false,true
game/ui/panels/system_tree_panel.py,SystemTreePanel.process_item,false,false,true
game/ui/panels/system_tree_panel.py,SystemTreePanel._hide_recursive,false,false,false
game/ui/panels/system_tree_panel.py,SystemTreePanel.process_event,false,false,true
game/ui/panels/system_tree_panel.py,SystemTreePanel.on_click,false,false,true
game/ui/panels/system_tree_panel.py,SystemTreePanel.set_selection_callback,false,false,true
game/ui/panels/system_tree_panel.py,SystemTreePanel.set_dimensions,false,false,true
game/ui/renderer/camera.py,Camera.__init__,true,true,false
game/ui/renderer/camera.py,Camera.update,true,false,true
game/ui/renderer/camera.py,Camera.update_input,true,false,true
game/ui/renderer/camera.py,Camera.world_to_screen,true,false,true
game/ui/renderer/camera.py,Camera.screen_to_world,true,false,true
game/ui/renderer/camera.py,Camera.fit_objects,true,false,true
game/ui/renderer/game_renderer.py,draw_ship,false,false,true
game/ui/renderer/game_renderer.py,scale,false,false,true
game/ui/renderer/sprites.py,SpriteManager.__init__,false,true,false
game/ui/renderer/sprites.py,SpriteManager.load_sprites,true,false,true
game/ui/renderer/sprites.py,SpriteManager._load_from_directory,true,false,false
game/ui/renderer/sprites.py,SpriteManager.get_sprite,true,false,true
game/ui/renderer/sprites.py,get_default_sprite_manager,true,false,true
game/ui/renderer/sprites.py,set_default_sprite_manager,true,false,true
game/ui/research/research_controls.py,ResearchControlPanel.__init__,false,true,false
game/ui/research/research_controls.py,ResearchControlPanel._create_ui,false,false,false
game/ui/research/research_controls.py,ResearchControlPanel.handle_event,true,false,true
game/ui/research/research_controls.py,ResearchControlPanel.update_selected_node,false,false,true
game/ui/research/research_controls.py,ResearchControlPanel.clear_selection,false,false,true
game/ui/research/research_controls.py,ResearchControlPanel.update_budget_display,false,false,true
game/ui/research/research_controls.py,ResearchControlPanel._toggle_auto_spread,false,false,false
game/ui/research/research_controls.py,ResearchControlPanel._update_auto_spread_button,false,false,false
game/ui/research/research_controls.py,ResearchControlPanel._update_allocation_slider_range,false,false,false
game/ui/research/research_controls.py,ResearchControlPanel.update_turn_log,false,false,true
game/ui/research/research_controls.py,ResearchControlPanel.clear_log,false,false,true
game/ui/research/research_controls.py,ResearchControlPanel.reset,false,false,true
game/ui/research/research_renderer.py,ResearchRenderer.__init__,false,true,false
game/ui/research/research_renderer.py,ResearchRenderer._get_font,true,false,false
game/ui/research/research_renderer.py,ResearchRenderer.draw,false,false,true
game/ui/research/research_renderer.py,ResearchRenderer._draw_dependency_lines,false,false,false
game/ui/research/research_renderer.py,ResearchRenderer._draw_dashed_line,false,false,false
game/ui/research/research_renderer.py,ResearchRenderer._draw_nodes,false,false,false
game/ui/research/research_renderer.py,ResearchRenderer._draw_node_text,true,false,false
game/ui/research/research_renderer.py,ResearchRenderer._is_visible,true,false,false
game/ui/research/research_scene.py,ResearchTreeScene.__init__,false,true,false
game/ui/research/research_scene.py,ResearchTreeScene._calculate_layout,false,false,false
game/ui/research/research_scene.py,ResearchTreeScene._center_camera,false,false,false
game/ui/research/research_scene.py,ResearchTreeScene.update,false,false,true
game/ui/research/research_scene.py,ResearchTreeScene.draw,false,false,true
game/ui/research/research_scene.py,ResearchTreeScene.handle_event,false,false,true
game/ui/research/research_scene.py,ResearchTreeScene.handle_resize,false,false,true
game/ui/research/research_scene.py,ResearchTreeScene._handle_click,false,false,false
game/ui/research/research_scene.py,ResearchTreeScene._get_node_at_position,true,false,false
game/ui/research/research_scene.py,ResearchTreeScene._on_next_turn,false,false,false
game/ui/research/research_scene.py,ResearchTreeScene._on_close,false,false,false
game/ui/research/research_scene.py,ResearchTreeScene._on_reset,false,false,false
game/ui/research/research_scene.py,ResearchTreeScene._on_auto_spread_changed,false,false,false
game/ui/research/research_scene.py,ResearchTreeScene.handle_input,false,false,true
game/ui/screens/atmosphere_target_editor.py,AtmosphereTargetEditor.__init__,false,true,false
game/ui/screens/atmosphere_target_editor.py,AtmosphereTargetEditor._build_ui,false,false,false
game/ui/screens/atmosphere_target_editor.py,AtmosphereTargetEditor.update,false,false,true
game/ui/screens/atmosphere_target_editor.py,AtmosphereTargetEditor.process_event,true,false,true
game/ui/screens/atmosphere_target_editor.py,AtmosphereTargetEditor._on_apply,false,false,false
game/ui/screens/atmosphere_target_editor.py,AtmosphereTargetEditor._set_species_ideal,false,false,false
game/ui/screens/atmosphere_target_editor.py,AtmosphereTargetEditor._set_match_current,false,false,false
game/ui/screens/atmosphere_target_editor.py,AtmosphereTargetEditor._clear_target,false,false,false
game/ui/screens/atmosphere_target_editor.py,AtmosphereTargetEditor._get_active_race_config,false,false,false
game/ui/screens/battle_results_data.py,extract_battle_results,true,false,true
game/ui/screens/battle_results_data.py,_build_team_summary,true,false,false
game/ui/screens/battle_results_data.py,_derive_winner,true,false,false
game/ui/screens/battle_results_screen.py,_hp_color,false,false,false
game/ui/screens/battle_results_screen.py,BattleResultsScreen.__init__,false,true,false
game/ui/screens/battle_results_screen.py,BattleResultsScreen.handle_event,false,false,true
game/ui/screens/battle_results_screen.py,BattleResultsScreen._handle_scroll,false,false,false
game/ui/screens/battle_results_screen.py,BattleResultsScreen._trigger_return,false,false,false
game/ui/screens/battle_results_screen.py,BattleResultsScreen.update,false,false,true
game/ui/screens/battle_results_screen.py,BattleResultsScreen.handle_resize,false,false,true
game/ui/screens/battle_results_screen.py,BattleResultsScreen.draw,false,false,true
game/ui/screens/battle_results_screen.py,BattleResultsScreen._draw_header,false,false,false
game/ui/screens/battle_results_screen.py,BattleResultsScreen._draw_team_column,false,false,false
game/ui/screens/battle_results_screen.py,BattleResultsScreen._draw_ship_card,false,false,false
game/ui/screens/battle_results_screen.py,BattleResultsScreen._draw_footer,false,false,false
game/ui/screens/battle_screen.py,BattleScreen.__init__,false,true,false
game/ui/screens/battle_screen.py,BattleScreen.start_battle,true,false,true
game/ui/screens/battle_screen.py,BattleScreen.get_controller,true,false,true
game/ui/screens/battle_screen.py,BattleScreen.engine,false,false,true
game/ui/screens/battle_screen.py,BattleScreen.ui_service,true,false,true
game/ui/screens/battle_screen.py,BattleScreen.handle_resize,false,false,true
game/ui/screens/battle_screen.py,BattleScreen.show_overlay,false,false,true
game/ui/screens/battle_screen.py,BattleScreen.show_overlay,false,false,true
game/ui/screens/battle_screen.py,BattleScreen.stats_panel_width,false,false,true
game/ui/screens/battle_screen.py,BattleScreen.ships,false,false,true
game/ui/screens/battle_screen.py,BattleScreen.projectiles,false,false,true
game/ui/screens/battle_screen.py,BattleScreen.ai_controllers,false,false,true
game/ui/screens/battle_screen.py,BattleScreen.handle_event,false,false,true
game/ui/screens/battle_screen.py,BattleScreen._resolve_focus_target,false,false,false
game/ui/screens/battle_screen.py,BattleScreen._handle_keydown,false,false,false
game/ui/screens/battle_screen.py,BattleScreen.update,false,false,true
game/ui/screens/battle_screen.py,BattleScreen._update_headless,false,false,false
game/ui/screens/battle_screen.py,BattleScreen._update_visual,false,false,false
game/ui/screens/battle_screen.py,BattleScreen._run_single_tick,false,false,false
game/ui/screens/battle_screen.py,BattleScreen._update_visual_effects,false,false,false
game/ui/screens/battle_screen.py,BattleScreen._update_tick_rate,false,false,false
game/ui/screens/battle_screen.py,BattleScreen._on_battle_ended,false,false,false
game/ui/screens/battle_screen.py,BattleScreen._cycle_focus_ship,false,false,false
game/ui/screens/battle_screen.py,BattleScreen._subscribe_combat_events,false,false,false
game/ui/screens/battle_screen.py,BattleScreen._add_hit_effect,false,false,false
game/ui/screens/battle_screen.py,BattleScreen._on_shield_hit,false,false,false
game/ui/screens/battle_screen.py,BattleScreen._on_component_hit,false,false,false
game/ui/screens/battle_screen.py,BattleScreen._on_component_destroyed,false,false,false
game/ui/screens/battle_screen.py,BattleScreen._on_ship_destroyed,false,false,false
game/ui/screens/battle_screen.py,BattleScreen.is_battle_over,false,false,true
game/ui/screens/battle_screen.py,BattleScreen.get_winner,false,false,true
game/ui/screens/battle_screen.py,BattleScreen.draw,false,false,true
game/ui/screens/battle_screen.py,BattleScreen.draw_hud,false,false,true
game/ui/screens/battle_screen.py,BattleScreen.get_active_modifier_labels,true,false,true
game/ui/screens/battle_screen.py,BattleScreen.print_headless_summary,false,false,true
game/ui/screens/battle_setup/controller.py,_get_registries,false,false,false
game/ui/screens/battle_setup/controller.py,BattleSetupController.__init__,true,true,false
game/ui/screens/battle_setup/controller.py,BattleSetupController.start,true,false,true
game/ui/screens/battle_setup/controller.py,BattleSetupController.scan_designs,true,false,true
game/ui/screens/battle_setup/controller.py,BattleSetupController.set_active_side,true,false,true
game/ui/screens/battle_setup/controller.py,BattleSetupController.add_side,true,false,true
game/ui/screens/battle_setup/controller.py,BattleSetupController.remove_side,true,false,true
game/ui/screens/battle_setup/controller.py,BattleSetupController.add_fleet,true,false,true
game/ui/screens/battle_setup/controller.py,BattleSetupController.remove_fleet,true,false,true
game/ui/screens/battle_setup/controller.py,BattleSetupController._get_active_fleet,false,false,false
game/ui/screens/battle_setup/controller.py,BattleSetupController.add_ship_from_design,true,false,true
game/ui/screens/battle_setup/controller.py,BattleSetupController.remove_ship,true,false,true
game/ui/screens/battle_setup/controller.py,BattleSetupController.add_task_force,true,false,true
game/ui/screens/battle_setup/controller.py,BattleSetupController.add_squadron,true,false,true
game/ui/screens/battle_setup/controller.py,BattleSetupController.duplicate_task_force,true,false,true
game/ui/screens/battle_setup/controller.py,BattleSetupController.delete_task_force,true,false,true
game/ui/screens/battle_setup/controller.py,BattleSetupController.duplicate_squadron,true,false,true
game/ui/screens/battle_setup/controller.py,BattleSetupController.delete_squadron,true,false,true
game/ui/screens/battle_setup/controller.py,BattleSetupController.set_fleet_battle_role,true,false,true
game/ui/screens/battle_setup/controller.py,BattleSetupController.set_ship_policy,true,false,true
game/ui/screens/battle_setup/controller.py,BattleSetupController.set_selected_policy,true,false,true
game/ui/screens/battle_setup/controller.py,BattleSetupController._toggle_dict_for,true,false,false
game/ui/screens/battle_setup/controller.py,BattleSetupController.get_complex_toggle,true,false,true
game/ui/screens/battle_setup/controller.py,BattleSetupController.toggle_complex,true,false,true
game/ui/screens/battle_setup/controller.py,BattleSetupController.toggle_end_destroyed,true,false,true
game/ui/screens/battle_setup/controller.py,BattleSetupController.toggle_end_derelict,true,false,true
game/ui/screens/battle_setup/controller.py,BattleSetupController.toggle_end_mass_ratio,true,false,true
game/ui/screens/battle_setup/controller.py,BattleSetupController.set_tick_limit_from_text,true,false,true
game/ui/screens/battle_setup/controller.py,BattleSetupController._build_end_condition,false,false,false
game/ui/screens/battle_setup/controller.py,BattleSetupController._sync_complex_toggles_to_state,true,false,false
game/ui/screens/battle_setup/controller.py,BattleSetupController._materialize,true,false,false
game/ui/screens/battle_setup/controller.py,BattleSetupController.start_battle,true,false,true
game/ui/screens/battle_setup/controller.py,BattleSetupController._total_ships,true,false,false
game/ui/screens/battle_setup/controller.py,BattleSetupController.return_to_menu,true,false,true
game/ui/screens/battle_setup/controller.py,BattleSetupController.save_setup,true,false,true
game/ui/screens/battle_setup/controller.py,BattleSetupController._save_to_path,true,false,false
game/ui/screens/battle_setup/controller.py,BattleSetupController.load_setup,true,false,true
game/ui/screens/battle_setup/controller.py,BattleSetupController._load_from_path,true,false,false
game/ui/screens/battle_setup/controller.py,BattleSetupController.state,true,false,true
game/ui/screens/battle_setup/fleet_hierarchy_editor.py,FleetHierarchyEditor.create_task_force,true,false,true
game/ui/screens/battle_setup/fleet_hierarchy_editor.py,FleetHierarchyEditor.create_squadron,true,false,true
game/ui/screens/battle_setup/fleet_hierarchy_editor.py,FleetHierarchyEditor.duplicate_squadron,true,false,true
game/ui/screens/battle_setup/fleet_hierarchy_editor.py,FleetHierarchyEditor.duplicate_task_force,true,false,true
game/ui/screens/battle_setup/fleet_hierarchy_editor.py,FleetHierarchyEditor.delete_task_force,true,false,true
game/ui/screens/battle_setup/fleet_hierarchy_editor.py,FleetHierarchyEditor.delete_squadron,true,false,true
game/ui/screens/battle_setup/fleet_hierarchy_editor.py,FleetHierarchyEditor._clone_ship,true,false,false
game/ui/screens/battle_setup/fleet_hierarchy_editor.py,_get_registries,false,false,false
game/ui/screens/battle_setup/input_handler.py,BattleSetupInputHandler.__init__,true,true,false
game/ui/screens/battle_setup/input_handler.py,BattleSetupInputHandler.handle_event,true,false,true
game/ui/screens/battle_setup/input_handler.py,BattleSetupInputHandler._handle_button,true,false,false
game/ui/screens/battle_setup/input_handler.py,BattleSetupInputHandler._push_tick_limit_to_controller,true,false,false
game/ui/screens/battle_setup/input_handler.py,BattleSetupInputHandler._handle_dropdown,true,false,false
game/ui/screens/battle_setup/panels/center_panel.py,build,true,false,true
game/ui/screens/battle_setup/panels/center_panel.py,_build_policy_controls,true,false,false
game/ui/screens/battle_setup/panels/left_panel.py,build,true,false,true
game/ui/screens/battle_setup/panels/right_panel.py,build,true,false,true
game/ui/screens/battle_setup/renderer.py,BattleSetupRenderer.rebuild,true,false,true
game/ui/screens/battle_setup/renderer.py,BattleSetupRenderer._build_bottom_bar,true,false,false
game/ui/screens/battle_setup/screen.py,FleetBattleSetupScreen.__init__,false,true,false
game/ui/screens/battle_setup/screen.py,FleetBattleSetupScreen.handle_event,false,false,true
game/ui/screens/battle_setup/screen.py,FleetBattleSetupScreen.update,false,false,true
game/ui/screens/battle_setup/screen.py,FleetBattleSetupScreen.draw,false,false,true
game/ui/screens/battle_setup/screen.py,FleetBattleSetupScreen.handle_resize,false,false,true
game/ui/screens/battle_setup/screen.py,FleetBattleSetupScreen.start,true,false,true
game/ui/screens/battle_setup/screen.py,FleetBattleSetupScreen._rebuild_ui,true,false,false
game/ui/screens/battle_setup/screen.py,FleetBattleSetupScreen.active_side,true,false,true
game/ui/screens/battle_setup/screen.py,FleetBattleSetupScreen.active_side,true,false,true
game/ui/screens/battle_setup/screen.py,FleetBattleSetupScreen.active_fleet_index,true,false,true
game/ui/screens/battle_setup/screen.py,FleetBattleSetupScreen.active_fleet_index,true,false,true
game/ui/screens/battle_setup/screen.py,FleetBattleSetupScreen.selected_tf_index,false,false,true
game/ui/screens/battle_setup/screen.py,FleetBattleSetupScreen.selected_tf_index,true,false,true
game/ui/screens/battle_setup/screen.py,FleetBattleSetupScreen.selected_sq_index,false,false,true
game/ui/screens/battle_setup/screen.py,FleetBattleSetupScreen.selected_sq_index,true,false,true
game/ui/screens/battle_setup/screen.py,FleetBattleSetupScreen.selected_ship_index,false,false,true
game/ui/screens/battle_setup/screen.py,FleetBattleSetupScreen.selected_ship_index,true,false,true
game/ui/screens/battle_setup/screen.py,FleetBattleSetupScreen.available_designs,true,false,true
game/ui/screens/battle_setup/screen.py,FleetBattleSetupScreen.available_designs,true,false,true
game/ui/screens/battle_setup/screen.py,FleetBattleSetupScreen.tick_limit,true,false,true
game/ui/screens/battle_setup/screen.py,FleetBattleSetupScreen.tick_limit,true,false,true
game/ui/screens/battle_setup/screen.py,FleetBattleSetupScreen.end_all_destroyed,true,false,true
game/ui/screens/battle_setup/screen.py,FleetBattleSetupScreen.end_all_destroyed,true,false,true
game/ui/screens/battle_setup/screen.py,FleetBattleSetupScreen.end_all_derelict,true,false,true
game/ui/screens/battle_setup/screen.py,FleetBattleSetupScreen.end_all_derelict,true,false,true
game/ui/screens/battle_setup/screen.py,FleetBattleSetupScreen.end_mass_ratio,true,false,true
game/ui/screens/battle_setup/screen.py,FleetBattleSetupScreen.end_mass_ratio,true,false,true
game/ui/screens/battle_setup/screen.py,FleetBattleSetupScreen.mass_ratio_threshold,true,false,true
game/ui/screens/battle_setup/screen.py,FleetBattleSetupScreen.mass_ratio_threshold,true,false,true
game/ui/screens/battle_setup/screen.py,FleetBattleSetupScreen._get_toggle,true,false,false
game/ui/screens/battle_setup/spec_compiler.py,build_manual_battle_spec,true,false,true
game/ui/screens/battle_setup/spec_compiler.py,_build_team_spec,true,false,false
game/ui/screens/battle_setup/spec_compiler.py,_task_force_for_fleet,true,false,false
game/ui/screens/battle_setup/spec_compiler.py,_pick_formation_for_fleet,true,false,false
game/ui/screens/battle_setup/spec_compiler.py,_ship_spec_from_instance,true,false,false
game/ui/screens/battle_setup/spec_compiler.py,_build_modifier_stack,true,false,false
game/ui/screens/battle_setup/spec_compiler.py,_complex_to_entries,true,false,false
game/ui/screens/battle_setup/spec_compiler.py,_load_complex_design,true,false,false
game/ui/screens/battle_setup/spec_compiler.py,_iter_components,false,false,false
game/ui/screens/battle_setup/spec_compiler.py,_extract_scope,true,false,false
game/ui/screens/battle_setup/view_model.py,BattleSetupViewModel.clear_selection,true,false,true
game/ui/screens/battle_setup/view_model.py,BattleSetupViewModel.has_tf_selection,true,false,true
game/ui/screens/battle_setup/view_model.py,BattleSetupViewModel.has_sq_selection,true,false,true
game/ui/screens/battle_setup_state.py,_generate_fleet_id,true,false,false
game/ui/screens/battle_setup_state.py,BattleSetupSide.__init__,false,true,false
game/ui/screens/battle_setup_state.py,BattleSetupSide.create_fleet,true,false,true
game/ui/screens/battle_setup_state.py,BattleSetupSide.add_fleet,true,false,true
game/ui/screens/battle_setup_state.py,BattleSetupSide.remove_fleet,true,false,true
game/ui/screens/battle_setup_state.py,BattleSetupSide.all_ships,true,false,true
game/ui/screens/battle_setup_state.py,BattleSetupSide.ship_count,true,false,true
game/ui/screens/battle_setup_state.py,BattleSetupSide.to_dict,true,false,true
game/ui/screens/battle_setup_state.py,BattleSetupSide.from_dict,true,false,true
game/ui/screens/battle_setup_state.py,BattleSetupState.__init__,false,true,false
game/ui/screens/battle_setup_state.py,BattleSetupState.side_0,true,false,true
game/ui/screens/battle_setup_state.py,BattleSetupState.side_0,true,false,true
game/ui/screens/battle_setup_state.py,BattleSetupState.side_1,true,false,true
game/ui/screens/battle_setup_state.py,BattleSetupState.side_1,true,false,true
game/ui/screens/battle_setup_state.py,BattleSetupState.get_side,true,false,true
game/ui/screens/battle_setup_state.py,BattleSetupState.add_side,true,false,true
game/ui/screens/battle_setup_state.py,BattleSetupState.remove_side,true,false,true
game/ui/screens/battle_setup_state.py,BattleSetupState.add_ship_from_design,true,false,true
game/ui/screens/battle_setup_state.py,BattleSetupState.clear,true,false,true
game/ui/screens/battle_setup_state.py,BattleSetupState.to_dict,true,false,true
game/ui/screens/battle_setup_state.py,BattleSetupState.from_dict,true,false,true
game/ui/screens/battle_state_viewer.py,BattleStateViewer.__init__,false,true,false
game/ui/screens/battle_state_viewer.py,BattleStateViewer.show,false,false,true
game/ui/screens/battle_state_viewer.py,BattleStateViewer.hide,false,false,true
game/ui/screens/battle_state_viewer.py,BattleStateViewer.handle_resize,false,false,true
game/ui/screens/battle_state_viewer.py,BattleStateViewer.handle_event,true,false,true
game/ui/screens/battle_state_viewer.py,BattleStateViewer.draw,false,false,true
game/ui/screens/battle_state_viewer.py,BattleStateViewer._draw_legend,false,false,false
game/ui/screens/battle_ui.py,BattleUI.__init__,false,true,false
game/ui/screens/battle_ui.py,BattleUI.track_projectile,false,false,true
game/ui/screens/battle_ui.py,BattleUI.handle_resize,false,false,true
game/ui/screens/battle_ui.py,BattleUI.draw,false,false,true
game/ui/screens/battle_ui.py,BattleUI.handle_click,false,false,true
game/ui/screens/battle_ui.py,BattleUI.handle_scroll,false,false,true
game/ui/screens/battle_ui.py,BattleUI.draw_grid,false,false,true
game/ui/screens/battle_ui.py,BattleUI.draw_debug_overlay,false,false,true
game/ui/screens/build_queue_helpers.py,format_empire_resources,true,false,true
game/ui/screens/build_queue_helpers.py,calculate_per_turn_spend,true,false,true
game/ui/screens/build_queue_helpers.py,calculate_queue_turn_spend,true,false,true
game/ui/screens/build_queue_helpers.py,format_resource_cost,true,false,true
game/ui/screens/build_queue_list_window.py,BuildQueueListWindow.__init__,false,true,false
game/ui/screens/build_queue_list_window.py,BuildQueueListWindow._build_list,false,false,false
game/ui/screens/build_queue_list_window.py,BuildQueueListWindow._handle_keydown,true,false,false
game/ui/screens/build_queue_list_window.py,BuildQueueListWindow.process_event,false,false,true
game/ui/screens/build_queue_list_window.py,BuildQueueListWindow.kill,false,false,true
game/ui/screens/build_queue_panel_factory.py,BuildQueuePanelFactory.__init__,false,true,false
game/ui/screens/build_queue_panel_factory.py,BuildQueuePanelFactory.create_all_panels,true,false,true
game/ui/screens/build_queue_panel_factory.py,BuildQueuePanelFactory._create_background,true,false,false
game/ui/screens/build_queue_panel_factory.py,BuildQueuePanelFactory._create_context_report_panel,false,false,false
game/ui/screens/build_queue_panel_factory.py,BuildQueuePanelFactory._create_fleet_info_panel,true,false,false
game/ui/screens/build_queue_panel_factory.py,BuildQueuePanelFactory._create_queue_selector_panel,true,false,false
game/ui/screens/build_queue_panel_factory.py,BuildQueuePanelFactory._create_design_report_panel,true,false,false
game/ui/screens/build_queue_panel_factory.py,BuildQueuePanelFactory._create_items_list_panel,false,false,false
game/ui/screens/build_queue_panel_factory.py,BuildQueuePanelFactory._create_build_queue_panel,false,false,false
game/ui/screens/build_queue_panel_factory.py,BuildQueuePanelFactory._create_filter_panel,false,false,false
game/ui/screens/build_queue_panel_factory.py,BuildQueuePanelFactory._create_bottom_bar,false,false,false
game/ui/screens/build_queue_queue_data_source.py,_format_int,true,false,false
game/ui/screens/build_queue_queue_data_source.py,BuildQueueQueueDataSource.__init__,true,true,false
game/ui/screens/build_queue_queue_data_source.py,BuildQueueQueueDataSource.set_queue,true,false,true
game/ui/screens/build_queue_queue_data_source.py,BuildQueueQueueDataSource.get_row_count,true,false,true
game/ui/screens/build_queue_queue_data_source.py,BuildQueueQueueDataSource.get_columns,true,false,true
game/ui/screens/build_queue_queue_data_source.py,BuildQueueQueueDataSource.get_cell_value,true,false,true
game/ui/screens/build_queue_queue_data_source.py,BuildQueueQueueDataSource.get_cell_image,true,false,true
game/ui/screens/build_queue_renderer.py,BuildQueueRenderer.__init__,false,true,false
game/ui/screens/build_queue_renderer.py,BuildQueueRenderer.refresh_items_list,true,false,true
game/ui/screens/build_queue_renderer.py,BuildQueueRenderer.refresh_queue_display,true,false,true
game/ui/screens/build_queue_renderer.py,BuildQueueRenderer.refresh_roles_list,true,false,true
game/ui/screens/build_queue_renderer.py,BuildQueueRenderer.update_queue_header,true,false,true
game/ui/screens/build_queue_screen.py,BuildQueueScreen.__init__,false,true,false
game/ui/screens/build_queue_screen.py,BuildQueueScreen._validate_params,false,false,false
game/ui/screens/build_queue_screen.py,BuildQueueScreen._on_queue_selection_changed,true,false,false
game/ui/screens/build_queue_screen.py,BuildQueueScreen._get_active_queue,true,false,false
game/ui/screens/build_queue_screen.py,BuildQueueScreen._dispatch_add_to_queue_command,true,false,false
game/ui/screens/build_queue_screen.py,BuildQueueScreen._dispatch_remove_from_queue_command,true,false,false
game/ui/screens/build_queue_screen.py,BuildQueueScreen._refresh_items_list,false,false,false
game/ui/screens/build_queue_screen.py,BuildQueueScreen._refresh_queue_display,false,false,false
game/ui/screens/build_queue_screen.py,BuildQueueScreen._refresh_queue_selector,false,false,false
game/ui/screens/build_queue_screen.py,BuildQueueScreen.handle_event,false,false,true
game/ui/screens/build_queue_screen.py,BuildQueueScreen._handle_button_press,true,false,false
game/ui/screens/build_queue_screen.py,BuildQueueScreen._handle_virtual_table_action,true,false,false
game/ui/screens/build_queue_screen.py,BuildQueueScreen._handle_remove,false,false,false
game/ui/screens/build_queue_screen.py,BuildQueueScreen._handle_drag_operations,true,false,false
game/ui/screens/build_queue_screen.py,BuildQueueScreen._handle_keyboard_input,true,false,false
game/ui/screens/build_queue_screen.py,BuildQueueScreen._handle_keydown,true,false,false
game/ui/screens/build_queue_screen.py,BuildQueueScreen._apply_tooltips,true,false,false
game/ui/screens/build_queue_screen.py,BuildQueueScreen._prompt_target_planet,false,false,false
game/ui/screens/build_queue_screen.py,BuildQueueScreen._close,false,false,false
game/ui/screens/build_queue_screen.py,BuildQueueScreen.update,false,false,true
game/ui/screens/build_queue_screen.py,BuildQueueScreen.draw,false,false,true
game/ui/screens/build_queue_selector.py,BuildQueueSelector.__init__,false,true,false
game/ui/screens/build_queue_selector.py,BuildQueueSelector.refresh,true,false,true
game/ui/screens/build_queue_selector.py,BuildQueueSelector.handle_button_click,true,false,true
game/ui/screens/build_queue_selector.py,BuildQueueSelector._on_queue_selected,true,false,false
game/ui/screens/build_queue_selector.py,BuildQueueSelector._on_queue_toggled,true,false,false
game/ui/screens/build_queue_selector.py,BuildQueueSelector.get_selected_sources,true,false,true
game/ui/screens/build_queue_viewmodel.py,BuildQueueScreenViewModel.__init__,true,true,false
game/ui/screens/build_queue_viewmodel.py,BuildQueueScreenViewModel.queue_sources,true,false,true
game/ui/screens/build_queue_viewmodel.py,BuildQueueScreenViewModel.queue_source_count,true,false,true
game/ui/screens/build_queue_viewmodel.py,BuildQueueScreenViewModel.active_queue_source,true,false,true
game/ui/screens/build_queue_viewmodel.py,BuildQueueScreenViewModel.selected_queue_indices,true,false,true
game/ui/screens/build_queue_viewmodel.py,BuildQueueScreenViewModel.is_multi_select,true,false,true
game/ui/screens/build_queue_viewmodel.py,BuildQueueScreenViewModel.selected_queue_index,true,false,true
game/ui/screens/build_queue_viewmodel.py,BuildQueueScreenViewModel.selected_category,true,false,true
game/ui/screens/build_queue_viewmodel.py,BuildQueueScreenViewModel.select_queue_source,true,false,true
game/ui/screens/build_queue_viewmodel.py,BuildQueueScreenViewModel.get_selected_sources,true,false,true
game/ui/screens/build_queue_viewmodel.py,BuildQueueScreenViewModel.select_queue_item,true,false,true
game/ui/screens/build_queue_viewmodel.py,BuildQueueScreenViewModel.clear_item_selection,true,false,true
game/ui/screens/build_queue_viewmodel.py,BuildQueueScreenViewModel.set_category,true,false,true
game/ui/screens/build_queue_viewmodel.py,BuildQueueScreenViewModel.get_active_queue,true,false,true
game/ui/screens/build_queue_viewmodel.py,BuildQueueScreenViewModel.get_queue_item,true,false,true
game/ui/screens/build_queue_viewmodel.py,BuildQueueScreenViewModel.get_selected_queue_item,true,false,true
game/ui/screens/build_queue_viewmodel.py,BuildQueueScreenViewModel.notify_queue_refreshed,true,false,true
game/ui/screens/builder/components.py,ComponentListItem.__init__,true,true,false
game/ui/screens/builder/components.py,ComponentListItem.MockShip.__init__,false,true,false
game/ui/screens/builder/components.py,ComponentListItem._generate_tooltip,true,false,false
game/ui/screens/builder/components.py,ComponentListItem.set_selected,true,false,true
game/ui/screens/builder/components.py,ComponentListItem.set_hovered,true,false,true
game/ui/screens/builder/components.py,ComponentListItem.get_abs_rect,true,false,true
game/ui/screens/builder/components.py,ComponentListItem.kill,true,false,true
game/ui/screens/builder/detail_panel.py,ComponentDetailPanel.__init__,false,true,false
game/ui/screens/builder/detail_panel.py,ComponentDetailPanel.on_selection_changed,false,false,true
game/ui/screens/builder/detail_panel.py,ComponentDetailPanel.show_component,false,false,true
game/ui/screens/builder/detail_panel.py,ComponentDetailPanel.add_line,false,false,true
game/ui/screens/builder/detail_panel.py,ComponentDetailPanel.show_details_popup,false,false,true
game/ui/screens/builder/detail_panel.py,ComponentDetailPanel._clear_display,false,false,false
game/ui/screens/builder/detail_panel.py,ComponentDetailPanel._update_image,false,false,false
game/ui/screens/builder/detail_panel.py,ComponentDetailPanel.set_position,false,false,true
game/ui/screens/builder/detail_panel.py,ComponentDetailPanel.handle_event,false,false,true
game/ui/screens/builder/detail_panel.py,ComponentDetailPanel.draw,false,false,true
game/ui/screens/builder/drop_target.py,DropTarget.can_accept_drop,true,false,true
game/ui/screens/builder/drop_target.py,DropTarget.accept_drop,true,false,true
game/ui/screens/builder/drop_target.py,DropTarget.suppress_toggle,true,false,true
game/ui/screens/builder/event_bus.py,EventBus.__init__,false,true,false
game/ui/screens/builder/event_bus.py,EventBus.subscribe,false,false,true
game/ui/screens/builder/event_bus.py,EventBus.unsubscribe,false,false,true
game/ui/screens/builder/event_bus.py,EventBus.emit,false,false,true
game/ui/screens/builder/grouping_strategies.py,GroupingStrategy.group_components,true,false,true
game/ui/screens/builder/grouping_strategies.py,DefaultGroupingStrategy.group_components,true,false,true
game/ui/screens/builder/grouping_strategies.py,get_component_group_key,false,false,true
game/ui/screens/builder/grouping_strategies.py,TypeGroupingStrategy.group_components,true,false,true
game/ui/screens/builder/grouping_strategies.py,FlatGroupingStrategy.group_components,true,false,true
game/ui/screens/builder/interaction_controller.py,InteractionController.__init__,false,true,false
game/ui/screens/builder/interaction_controller.py,InteractionController.register_drop_target,false,false,true
game/ui/screens/builder/interaction_controller.py,InteractionController.handle_event,false,false,true
game/ui/screens/builder/interaction_controller.py,InteractionController.update,false,false,true
game/ui/screens/builder/interaction_controller.py,InteractionController._handle_drop,false,false,false
game/ui/screens/builder/layer_panel.py,LayerPanel.__init__,false,true,false
game/ui/screens/builder/layer_panel.py,LayerPanel.rebuild,false,false,true
game/ui/screens/builder/layer_panel.py,LayerPanel.handle_item_action,false,false,true
game/ui/screens/builder/layer_panel.py,LayerPanel.handle_event,false,false,true
game/ui/screens/builder/layer_panel.py,LayerPanel.update,false,false,true
game/ui/screens/builder/layer_panel.py,LayerPanel.suppress_toggle,false,false,true
game/ui/screens/builder/layer_panel.py,LayerPanel.draw,false,false,true
game/ui/screens/builder/layer_panel.py,LayerPanel.can_accept_drop,false,false,true
game/ui/screens/builder/layer_panel.py,LayerPanel.accept_drop,false,false,true
game/ui/screens/builder/layer_panel.py,LayerPanel.get_target_layer_at,false,false,true
game/ui/screens/builder/layer_panel.py,LayerPanel.get_range_selection,false,false,true
game/ui/screens/builder/left_panel.py,BuilderLeftPanel.__init__,false,true,false
game/ui/screens/builder/left_panel.py,BuilderLeftPanel.on_registry_reloaded,false,false,true
game/ui/screens/builder/left_panel.py,BuilderLeftPanel.update,false,false,true
game/ui/screens/builder/left_panel.py,BuilderLeftPanel.is_dropdown_expanded,true,false,true
game/ui/screens/builder/left_panel.py,BuilderLeftPanel.get_hovered_list_item,false,false,true
game/ui/screens/builder/left_panel.py,BuilderLeftPanel.deselect_all,false,false,true
game/ui/screens/builder/left_panel.py,BuilderLeftPanel.update_component_list,false,false,true
game/ui/screens/builder/left_panel.py,BuilderLeftPanel.draw,false,false,true
game/ui/screens/builder/left_panel.py,BuilderLeftPanel.handle_event,false,false,true
game/ui/screens/builder/left_panel.py,BuilderLeftPanel.get_add_count,false,false,true
game/ui/screens/builder/left_panel.py,BuilderLeftPanel._get_selected_layer,false,false,false
game/ui/screens/builder/left_panel.py,BuilderLeftPanel.get_hovered_component,false,false,true
game/ui/screens/builder/modifier_logic.py,ModifierLogicService.__init__,false,true,false
game/ui/screens/builder/modifier_logic.py,ModifierLogicService.is_modifier_allowed,true,false,true
game/ui/screens/builder/modifier_logic.py,ModifierLogicService.get_mandatory_modifiers,true,false,true
game/ui/screens/builder/modifier_logic.py,ModifierLogicService.is_modifier_mandatory,true,false,true
game/ui/screens/builder/modifier_logic.py,ModifierLogicService.get_initial_value,true,false,true
game/ui/screens/builder/modifier_logic.py,ModifierLogicService.get_local_min_max,true,false,true
game/ui/screens/builder/modifier_logic.py,ModifierLogicService.ensure_mandatory_modifiers,true,false,true
game/ui/screens/builder/modifier_logic.py,ModifierLogicService._get_base_firing_arc,true,false,false
game/ui/screens/builder/modifier_logic.py,ModifierLogicService.calculate_snap_value,false,false,true
game/ui/screens/builder/modifier_logic.py,ModifierLogic.init_service,true,false,true
game/ui/screens/builder/modifier_logic.py,ModifierLogic._get_service,true,false,false
game/ui/screens/builder/modifier_logic.py,ModifierLogic.set_service,false,false,true
game/ui/screens/builder/modifier_logic.py,ModifierLogic.is_modifier_allowed,false,false,true
game/ui/screens/builder/modifier_logic.py,ModifierLogic.get_mandatory_modifiers,false,false,true
game/ui/screens/builder/modifier_logic.py,ModifierLogic.is_modifier_mandatory,false,false,true
game/ui/screens/builder/modifier_logic.py,ModifierLogic.get_initial_value,false,false,true
game/ui/screens/builder/modifier_logic.py,ModifierLogic.ensure_mandatory_modifiers,false,false,true
game/ui/screens/builder/modifier_logic.py,ModifierLogic.get_local_min_max,false,false,true
game/ui/screens/builder/modifier_logic.py,ModifierLogic.calculate_snap_value,false,false,true
game/ui/screens/builder/modifier_row.py,ModifierControlRow.__init__,false,true,false
game/ui/screens/builder/modifier_row.py,ModifierControlRow._get_local_bounds,false,false,false
game/ui/screens/builder/modifier_row.py,ModifierControlRow._set_controls_enabled,false,false,false
game/ui/screens/builder/modifier_row.py,ModifierControlRow.build_ui,false,false,true
game/ui/screens/builder/modifier_row.py,ModifierControlRow._build_linear_controls,false,false,false
game/ui/screens/builder/modifier_row.py,ModifierControlRow._clear_ui,false,false,false
game/ui/screens/builder/modifier_row.py,ModifierControlRow.update,false,false,true
game/ui/screens/builder/modifier_row.py,ModifierControlRow.handle_event,false,false,true
game/ui/screens/builder/modifier_row.py,ModifierControlRow.kill,false,false,true
game/ui/screens/builder/modifier_utils.py,copy_modifiers,false,false,true
game/ui/screens/builder/panel_layout_config.py,ComponentItemContext.__post_init__,false,true,false
game/ui/screens/builder/panel_layout_config.py,StructurePanelLayoutConfig.__post_init__,false,true,false
game/ui/screens/builder/right_panel.py,BuilderRightPanel.__init__,false,true,false
game/ui/screens/builder/right_panel.py,BuilderRightPanel.on_registry_reloaded,false,false,true
game/ui/screens/builder/right_panel.py,BuilderRightPanel.on_ship_updated,false,false,true
game/ui/screens/builder/right_panel.py,BuilderRightPanel.setup_controls,false,false,true
game/ui/screens/builder/right_panel.py,BuilderRightPanel.refresh_controls,false,false,true
game/ui/screens/builder/right_panel.py,BuilderRightPanel.update_portrait_image,false,false,true
game/ui/screens/builder/right_panel.py,BuilderRightPanel.setup_stats,false,false,true
game/ui/screens/builder/right_panel.py,BuilderRightPanel._sync_from_stats_panel,false,false,false
game/ui/screens/builder/right_panel.py,BuilderRightPanel.rebuild_stats,false,false,true
game/ui/screens/builder/right_panel.py,BuilderRightPanel.update_class_dropdown,false,false,true
game/ui/screens/builder/right_panel.py,BuilderRightPanel.update_vehicle_type_dropdown,false,false,true
game/ui/screens/builder/right_panel.py,BuilderRightPanel.update_role_dropdown,false,false,true
game/ui/screens/builder/right_panel.py,BuilderRightPanel._get_role_dropdown_data,false,false,false
game/ui/screens/builder/right_panel.py,BuilderRightPanel.update_dropdowns_for_data_reload,false,false,true
game/ui/screens/builder/right_panel.py,BuilderRightPanel.update_stats_display,false,false,true
game/ui/screens/builder/schematic_view.py,SchematicView.__init__,false,true,false
game/ui/screens/builder/schematic_view.py,SchematicView.update_rect,false,false,true
game/ui/screens/builder/schematic_view.py,SchematicView.invalidate_cache,false,false,true
game/ui/screens/builder/schematic_view.py,SchematicView._calculate_max_r,false,false,false
game/ui/screens/builder/schematic_view.py,SchematicView.draw,false,false,true
game/ui/screens/builder/schematic_view.py,SchematicView.draw_all_firing_arcs,false,false,true
game/ui/screens/builder/schematic_view.py,SchematicView.draw_component_firing_arc,false,false,true
game/ui/screens/builder/schematic_view.py,SchematicView._get_cached_arc,false,false,false
game/ui/screens/builder/schematic_view.py,SchematicView.draw_weapon_arc,false,false,true
game/ui/screens/builder/stat_definitions.py,StatDefinition.__init__,false,true,false
game/ui/screens/builder/stat_definitions.py,StatDefinition.get_value,false,false,true
game/ui/screens/builder/stat_definitions.py,StatDefinition.format_value,false,false,true
game/ui/screens/builder/stat_definitions.py,StatDefinition.get_display_unit,false,false,true
game/ui/screens/builder/stat_definitions.py,StatDefinition.get_status,false,false,true
game/ui/screens/builder/stat_getters.py,fmt_time,false,false,true
game/ui/screens/builder/stat_getters.py,fmt_multiply,false,false,true
game/ui/screens/builder/stat_getters.py,fmt_decimal,false,false,true
game/ui/screens/builder/stat_getters.py,fmt_score,false,false,true
game/ui/screens/builder/stat_getters.py,fmt_targeting,false,false,true
game/ui/screens/builder/stat_getters.py,_get_total_crew_requirement,false,false,false
game/ui/screens/builder/stat_getters.py,mass_validator,false,false,true
game/ui/screens/builder/stat_getters.py,crew_validator,false,false,true
game/ui/screens/builder/stat_getters.py,life_support_validator,false,false,true
game/ui/screens/builder/stat_getters.py,get_mass_display,false,false,true
game/ui/screens/builder/stat_getters.py,get_crew_required,false,false,true
game/ui/screens/builder/stat_getters.py,get_crew_capacity,false,false,true
game/ui/screens/builder/stat_getters.py,get_life_support,false,false,true
game/ui/screens/builder/stat_getters.py,get_max_targets,false,false,true
game/ui/screens/builder/stat_getters.py,get_armor_hp,false,false,true
game/ui/screens/builder/stat_getters.py,get_maneuver_points,false,false,true
game/ui/screens/builder/stat_getters.py,get_strategic_speed,false,false,true
game/ui/screens/builder/stat_getters.py,get_fuel_consumption,false,false,true
game/ui/screens/builder/stat_getters.py,get_ammo_consumption,false,false,true
game/ui/screens/builder/stat_getters.py,get_energy_consumption,false,false,true
game/ui/screens/builder/stat_getters.py,get_resource_storage,false,false,true
game/ui/screens/builder/stat_getters.py,get_resource_current,false,false,true
game/ui/screens/builder/stat_getters.py,get_resource_generation,false,false,true
game/ui/screens/builder/stat_getters.py,get_resource_consumption,false,false,true
game/ui/screens/builder/stat_getters.py,get_resource_endurance,false,false,true
game/ui/screens/builder/stat_getters.py,get_resource_replenish,false,false,true
game/ui/screens/builder/stat_getters.py,get_resource_max_usage,false,false,true
game/ui/screens/builder/stat_getters.py,get_weapon_count,false,false,true
game/ui/screens/builder/stat_getters.py,get_total_dps,false,false,true
game/ui/screens/builder/stat_getters.py,get_dps_duration,false,false,true
game/ui/screens/builder/stat_getters.py,get_max_range,false,false,true
game/ui/screens/builder/stat_getters.py,get_warp_capable,false,false,true
game/ui/screens/builder/stat_getters.py,get_warp_tonnage,false,false,true
game/ui/screens/builder/stat_getters.py,get_warp_cost,false,false,true
game/ui/screens/builder/stat_getters.py,get_warp_jumps,false,false,true
game/ui/screens/builder/stat_getters.py,get_fuel_per_hex,false,false,true
game/ui/screens/builder/stat_getters.py,get_hex_range,false,false,true
game/ui/screens/builder/stat_getters.py,get_cargo_capacity,false,false,true
game/ui/screens/builder/stat_getters.py,get_passenger_capacity,false,false,true
game/ui/screens/builder/stat_getters.py,get_pod_storage,false,false,true
game/ui/screens/builder/stat_getters.py,get_colony_types,false,false,true
game/ui/screens/builder/stat_getters.py,get_superweapon_summary,false,false,true
game/ui/screens/builder/stat_getters.py,has_superweapons,false,false,true
game/ui/screens/builder/stat_getters.py,get_repair_rate,false,false,true
game/ui/screens/builder/stat_getters.py,get_command_status,false,false,true
game/ui/screens/builder/stat_getters.py,fmt_yes_no,false,false,true
game/ui/screens/builder/stat_getters.py,fmt_int,false,false,true
game/ui/screens/builder/stat_getters.py,fmt_text,false,false,true
game/ui/screens/builder/stat_getters.py,mass_unit_func,false,false,true
game/ui/screens/builder/stat_rows_dynamic.py,_get_constant_consumption,false,false,false
game/ui/screens/builder/stat_rows_dynamic.py,_get_max_endurance,false,false,false
game/ui/screens/builder/stat_rows_dynamic.py,_discover_resources,false,false,false
game/ui/screens/builder/stat_rows_dynamic.py,sort_key,false,false,true
game/ui/screens/builder/stat_rows_dynamic.py,_build_resource_rows,false,false,false
game/ui/screens/builder/stat_rows_dynamic.py,get_logistics_rows,false,false,true
game/ui/screens/builder/stat_rows_dynamic.py,get_construction_rows,false,false,true
game/ui/screens/builder/stat_rows_dynamic.py,res_getter,false,false,true
game/ui/screens/builder/stat_rows_dynamic.py,_get_strategic_abilities,false,false,false
game/ui/screens/builder/stat_rows_dynamic.py,get_strategic_rows,false,false,true
game/ui/screens/builder/stat_rows_dynamic.py,rate_getter,false,false,true
game/ui/screens/builder/stat_rows_dynamic.py,cap_getter,false,false,true
game/ui/screens/builder/stat_rows_dynamic.py,yard_getter,false,false,true
game/ui/screens/builder/stat_rows_dynamic.py,shipyard_getter,false,false,true
game/ui/screens/builder/stat_rows_dynamic.py,max_mass_getter,false,false,true
game/ui/screens/builder/stat_rows_dynamic.py,staging_getter,false,false,true
game/ui/screens/builder/stat_rows_dynamic.py,has_strategic_abilities,true,false,true
game/ui/screens/builder/stat_rows_dynamic.py,get_cargo_rows,false,false,true
game/ui/screens/builder/stat_rows_dynamic.py,cap_getter,false,false,true
game/ui/screens/builder/stat_rows_dynamic.py,has_cargo_abilities,true,false,true
game/ui/screens/builder/stat_rows_dynamic.py,get_planetary_engineering_rows,false,false,true
game/ui/screens/builder/stat_rows_dynamic.py,rate_getter,false,false,true
game/ui/screens/builder/stat_rows_dynamic.py,get_planetary_defense_rows,false,false,true
game/ui/screens/builder/stat_rows_dynamic.py,drain_getter,false,false,true
game/ui/screens/builder/stat_rows_dynamic.py,get_strategic_modifier_rows,false,false,true
game/ui/screens/builder/stat_rows_dynamic.py,mult_getter,false,false,true
game/ui/screens/builder/stat_rows_dynamic.py,get_superweapon_rows,false,false,true
game/ui/screens/builder/stat_rows_dynamic.py,count_getter,false,false,true
game/ui/screens/builder/stats_config.py,load_stats_config,false,false,true
game/ui/screens/builder/stats_config.py,load_sections_config,true,false,true
game/ui/screens/builder/stats_config.py,resolve_section_visibility,true,false,true
game/ui/screens/builder/structure_list_items.py,IndividualComponentItem.__init__,false,true,false
game/ui/screens/builder/structure_list_items.py,IndividualComponentItem.update,false,false,true
game/ui/screens/builder/structure_list_items.py,IndividualComponentItem._rebuild_modifier_icons,false,false,false
game/ui/screens/builder/structure_list_items.py,IndividualComponentItem._create_tree_line,false,false,false
game/ui/screens/builder/structure_list_items.py,IndividualComponentItem.get_abs_rect,false,false,true
game/ui/screens/builder/structure_list_items.py,IndividualComponentItem.handle_event,false,false,true
game/ui/screens/builder/structure_list_items.py,IndividualComponentItem.set_move_buttons_enabled,false,false,true
game/ui/screens/builder/structure_list_items.py,IndividualComponentItem.kill,false,false,true
game/ui/screens/builder/structure_list_items.py,LayerComponentItem.__init__,false,true,false
game/ui/screens/builder/structure_list_items.py,LayerComponentItem.update,false,false,true
game/ui/screens/builder/structure_list_items.py,LayerComponentItem._rebuild_modifier_icons,false,false,false
game/ui/screens/builder/structure_list_items.py,LayerComponentItem.handle_event,false,false,true
game/ui/screens/builder/structure_list_items.py,LayerComponentItem.set_move_buttons_enabled,false,false,true
game/ui/screens/builder/structure_list_items.py,LayerComponentItem.get_abs_rect,false,false,true
game/ui/screens/builder/structure_list_items.py,LayerComponentItem.kill,false,false,true
game/ui/screens/builder/structure_list_items.py,LayerHeaderItem.__init__,false,true,false
game/ui/screens/builder/structure_list_items.py,LayerHeaderItem.update,false,false,true
game/ui/screens/builder/structure_list_items.py,LayerHeaderItem.handle_event,false,false,true
game/ui/screens/builder/structure_list_items.py,LayerHeaderItem.kill,false,false,true
game/ui/screens/builder/weapons_input_handler.py,WeaponsInputHandler.detect_tooltip_hover,true,false,true
game/ui/screens/builder/weapons_panel.py,WeaponsReportPanel.__init__,false,true,false
game/ui/screens/builder/weapons_panel.py,WeaponsReportPanel._setup_filter_buttons,false,false,false
game/ui/screens/builder/weapons_panel.py,WeaponsReportPanel._update_button_colors,false,false,false
game/ui/screens/builder/weapons_panel.py,WeaponsReportPanel.set_text,false,false,true
game/ui/screens/builder/weapons_panel.py,WeaponsReportPanel._on_weapons_updated,false,false,false
game/ui/screens/builder/weapons_panel.py,WeaponsReportPanel._on_filter_changed,false,false,false
game/ui/screens/builder/weapons_panel.py,WeaponsReportPanel._update_scrollbar,false,false,false
game/ui/screens/builder/weapons_panel.py,WeaponsReportPanel.hovered_weapon,false,false,true
game/ui/screens/builder/weapons_panel.py,WeaponsReportPanel.verbose_tooltip,true,false,true
game/ui/screens/builder/weapons_panel.py,WeaponsReportPanel.verbose_tooltip,false,false,true
game/ui/screens/builder/weapons_panel.py,WeaponsReportPanel.set_target,false,false,true
game/ui/screens/builder/weapons_panel.py,WeaponsReportPanel.clear_target,false,false,true
game/ui/screens/builder/weapons_panel.py,WeaponsReportPanel.update,false,false,true
game/ui/screens/builder/weapons_panel.py,WeaponsReportPanel.handle_event,false,false,true
game/ui/screens/builder/weapons_panel.py,WeaponsReportPanel.draw,false,false,true
game/ui/screens/builder/weapons_renderer.py,WeaponsRenderer.__init__,false,true,false
game/ui/screens/builder/weapons_renderer.py,WeaponsRenderer.clear_caches,true,false,true
game/ui/screens/builder/weapons_renderer.py,WeaponsRenderer.invalidate_icon_cache,true,false,true
game/ui/screens/builder/weapons_renderer.py,WeaponsRenderer.invalidate_name_cache,true,false,true
game/ui/screens/builder/weapons_renderer.py,WeaponsRenderer._get_scaled_icon,true,false,false
game/ui/screens/builder/weapons_renderer.py,WeaponsRenderer._get_weapon_name_surface,true,false,false
game/ui/screens/builder/weapons_renderer.py,WeaponsRenderer._get_accuracy_color,true,false,false
game/ui/screens/builder/weapons_renderer.py,WeaponsRenderer.draw_direction_indicator,true,false,true
game/ui/screens/builder/weapons_renderer.py,WeaponsRenderer.draw_scale_markers,true,false,true
game/ui/screens/builder/weapons_renderer.py,WeaponsRenderer.draw_unified_weapon_bar,true,false,true
game/ui/screens/builder/weapons_renderer.py,WeaponsRenderer.can_draw_at,false,false,true
game/ui/screens/builder/weapons_renderer.py,WeaponsRenderer.draw_tooltip,true,false,true
game/ui/screens/builder/weapons_renderer.py,WeaponsRenderer.draw_target_info,true,false,true
game/ui/screens/builder/weapons_renderer.py,WeaponsRenderer.draw_no_weapons_message,true,false,true
game/ui/screens/builder/weapons_renderer.py,WeaponsRenderer.draw_weapon_row,true,false,true
game/ui/screens/builder/weapons_viewmodel.py,WeaponsViewModel.__init__,false,true,false
game/ui/screens/builder/weapons_viewmodel.py,WeaponsViewModel.filter_states,true,false,true
game/ui/screens/builder/weapons_viewmodel.py,WeaponsViewModel.target_name,true,false,true
game/ui/screens/builder/weapons_viewmodel.py,WeaponsViewModel.target_defense_mod,true,false,true
game/ui/screens/builder/weapons_viewmodel.py,WeaponsViewModel.weapon_groups,true,false,true
game/ui/screens/builder/weapons_viewmodel.py,WeaponsViewModel.max_range,true,false,true
game/ui/screens/builder/weapons_viewmodel.py,WeaponsViewModel.hovered_weapon,false,false,true
game/ui/screens/builder/weapons_viewmodel.py,WeaponsViewModel.toggle_filter,true,false,true
game/ui/screens/builder/weapons_viewmodel.py,WeaponsViewModel.enable_all_filters,true,false,true
game/ui/screens/builder/weapons_viewmodel.py,WeaponsViewModel.set_target,true,false,true
game/ui/screens/builder/weapons_viewmodel.py,WeaponsViewModel.clear_target,true,false,true
game/ui/screens/builder/weapons_viewmodel.py,WeaponsViewModel.set_hovered_weapon,true,false,true
game/ui/screens/builder/weapons_viewmodel.py,WeaponsViewModel.load_weapons,true,false,true
game/ui/screens/builder/weapons_viewmodel.py,WeaponsViewModel._get_all_weapons,true,false,false
game/ui/screens/builder/weapons_viewmodel.py,WeaponsViewModel.group_weapons,true,false,true
game/ui/screens/builder/weapons_viewmodel.py,WeaponsViewModel.get_key,false,false,true
game/ui/screens/builder/weapons_viewmodel.py,WeaponsViewModel.calculate_threshold_ranges,true,false,true
game/ui/screens/builder/weapons_viewmodel.py,WeaponsViewModel.get_points_of_interest,true,false,true
game/ui/screens/builder/weapons_viewmodel.py,WeaponsViewModel.calc_accuracy_at_range,false,false,true
game/ui/screens/builder/weapons_viewmodel.py,WeaponsViewModel.calc_damage_at_range,false,false,true
game/ui/screens/builder/weapons_viewmodel.py,WeaponsViewModel.calculate_tooltip_data,true,false,true
game/ui/screens/builder_selection.py,_is_component_like,true,false,false
game/ui/screens/builder_selection.py,normalize_selection,false,false,true
game/ui/screens/builder_selection.py,process_selection_change,false,false,true
game/ui/screens/builder_selection.py,get_primary_selection,false,false,true
game/ui/screens/builder_utils.py,calculate_center_width,true,false,true
game/ui/screens/builder_utils.py,calculate_dynamic_layer_width,true,false,true
game/ui/screens/builder_utils.py,calculate_bottom_panel_height,true,false,true
game/ui/screens/cargo_quick_dialog.py,CargoQuickDialog.__init__,false,true,false
game/ui/screens/cargo_quick_dialog.py,CargoQuickDialog._setup_ui,false,false,false
game/ui/screens/cargo_quick_dialog.py,CargoQuickDialog._populate_items,false,false,false
game/ui/screens/cargo_quick_dialog.py,CargoQuickDialog._populate_unload_items,false,false,false
game/ui/screens/cargo_quick_dialog.py,CargoQuickDialog._populate_load_items,false,false,false
game/ui/screens/cargo_quick_dialog.py,CargoQuickDialog._add_cargo_row,false,false,false
game/ui/screens/cargo_quick_dialog.py,CargoQuickDialog._apply_tooltips,true,false,false
game/ui/screens/cargo_quick_dialog.py,CargoQuickDialog._handle_keydown,true,false,false
game/ui/screens/cargo_quick_dialog.py,CargoQuickDialog.process_event,false,false,true
game/ui/screens/cargo_quick_dialog.py,CargoQuickDialog._issue_orders,false,false,false
game/ui/screens/design_image_helper.py,load_portrait_thumbnail,true,false,true
game/ui/screens/design_image_helper.py,_load_portrait_thumbnail_uncached,true,false,false
game/ui/screens/design_image_helper.py,load_topdown_thumbnail,true,false,true
game/ui/screens/design_image_helper.py,_load_topdown_thumbnail_uncached,true,false,false
game/ui/screens/design_image_helper.py,clear_thumbnail_cache,false,false,true
game/ui/screens/design_selector_window.py,DesignSelectorWindow.__init__,false,true,false
game/ui/screens/design_selector_window.py,DesignSelectorWindow._create_sidebar,false,false,false
game/ui/screens/design_selector_window.py,DesignSelectorWindow._create_main_list,false,false,false
game/ui/screens/design_selector_window.py,DesignSelectorWindow._create_bottom_buttons,false,false,false
game/ui/screens/design_selector_window.py,DesignSelectorWindow._refresh_designs,false,false,false
game/ui/screens/design_selector_window.py,DesignSelectorWindow._get_role_filter_options,false,false,false
game/ui/screens/design_selector_window.py,DesignSelectorWindow._rebuild_design_list,false,false,false
game/ui/screens/design_selector_window.py,DesignSelectorWindow._sanitize_object_id,true,false,false
game/ui/screens/design_selector_window.py,DesignSelectorWindow._create_design_row,true,false,false
game/ui/screens/design_selector_window.py,DesignSelectorWindow._load_portrait_thumbnail,true,false,false
game/ui/screens/design_selector_window.py,DesignSelectorWindow._load_topdown_thumbnail,true,false,false
game/ui/screens/design_selector_window.py,DesignSelectorWindow.process_event,true,false,true
game/ui/screens/design_selector_window.py,DesignSelectorWindow._on_apply_filters,false,false,false
game/ui/screens/design_selector_window.py,DesignSelectorWindow._toggle_obsolete,false,false,false
game/ui/screens/design_selector_window.py,DesignSelectorWindow._on_toggle_obsolete,false,false,false
game/ui/screens/design_selector_window.py,DesignSelectorWindow._on_design_selected,false,false,false
game/ui/screens/design_selector_window.py,DesignSelectorWindow._on_select,false,false,false
game/ui/screens/design_selector_window.py,DesignSelectorWindow.update,false,false,true
game/ui/screens/empire_build_queue_data_source.py,BuildQueueDataSource.__init__,true,true,false
game/ui/screens/empire_build_queue_data_source.py,BuildQueueDataSource.get_row_count,true,false,true
game/ui/screens/empire_build_queue_data_source.py,BuildQueueDataSource.get_columns,true,false,true
game/ui/screens/empire_build_queue_data_source.py,BuildQueueDataSource.get_cell_value,true,false,true
game/ui/screens/empire_build_queue_data_source.py,BuildQueueDataSource.get_source_at_index,true,false,true
game/ui/screens/empire_build_queue_data_source.py,BuildQueueDataSource._get_column_value,true,false,false
game/ui/screens/empire_build_queue_filter_manager.py,BuildQueueFilterManager.__init__,true,true,false
game/ui/screens/empire_build_queue_filter_manager.py,BuildQueueFilterManager.filter_manager,true,false,true
game/ui/screens/empire_build_queue_filter_manager.py,BuildQueueFilterManager.get_filter_state,true,false,true
game/ui/screens/empire_build_queue_filter_manager.py,BuildQueueFilterManager.set_filter_state,true,false,true
game/ui/screens/empire_build_queue_filter_manager.py,BuildQueueFilterManager.get_visible_columns,true,false,true
game/ui/screens/empire_build_queue_filter_manager.py,BuildQueueFilterManager.toggle_column_visibility,true,false,true
game/ui/screens/empire_build_queue_filter_manager.py,BuildQueueFilterManager.filter_sources,true,false,true
game/ui/screens/empire_build_queue_filter_manager.py,BuildQueueFilterManager.reset_selection_state,true,false,true
game/ui/screens/empire_build_queue_filter_manager.py,BuildQueueFilterManager.sort_sources,true,false,true
game/ui/screens/empire_build_queue_filter_manager.py,BuildQueueFilterManager.sort_key,true,false,true
game/ui/screens/empire_build_queue_formatter.py,get_queue_summary,true,false,true
game/ui/screens/empire_build_queue_formatter.py,get_first_item_text,true,false,true
game/ui/screens/empire_build_queue_formatter.py,get_capabilities_text,true,false,true
game/ui/screens/empire_build_queue_formatter.py,get_system_name,true,false,true
game/ui/screens/empire_build_queue_formatter.py,get_sector_text,true,false,true
game/ui/screens/empire_build_queue_formatter.py,format_turns_remaining,true,false,true
game/ui/screens/empire_build_queue_formatter.py,get_turns_left_text,true,false,true
game/ui/screens/empire_build_queue_formatter.py,get_resource_rate_text,true,false,true
game/ui/screens/empire_build_queue_formatter.py,get_resource_total_text,true,false,true
game/ui/screens/empire_build_queue_sidebar.py,EmpireBuildQueueSidebar.__init__,true,true,false
game/ui/screens/empire_build_queue_sidebar.py,EmpireBuildQueueSidebar._build_column_toggles,true,false,false
game/ui/screens/empire_build_queue_sidebar.py,EmpireBuildQueueSidebar._build_filters,true,false,false
game/ui/screens/empire_build_queue_sidebar.py,EmpireBuildQueueSidebar.handle_button_click,true,false,true
game/ui/screens/empire_build_queue_sidebar.py,EmpireBuildQueueSidebar.check_tri_state_presses,true,false,true
game/ui/screens/empire_build_queue_sidebar.py,EmpireBuildQueueSidebar._handle_column_toggle,true,false,false
game/ui/screens/empire_build_queue_sidebar.py,EmpireBuildQueueSidebar._handle_apply_click,true,false,false
game/ui/screens/empire_build_queue_viewmodel.py,EmpireBuildQueueViewModel.__init__,true,true,false
game/ui/screens/empire_build_queue_viewmodel.py,EmpireBuildQueueViewModel.all_sources,true,false,true
game/ui/screens/empire_build_queue_viewmodel.py,EmpireBuildQueueViewModel.filtered_sources,true,false,true
game/ui/screens/empire_build_queue_viewmodel.py,EmpireBuildQueueViewModel.selected_indices,true,false,true
game/ui/screens/empire_build_queue_viewmodel.py,EmpireBuildQueueViewModel.selected_indices,true,false,true
game/ui/screens/empire_build_queue_viewmodel.py,EmpireBuildQueueViewModel.search_text,true,false,true
game/ui/screens/empire_build_queue_viewmodel.py,EmpireBuildQueueViewModel.get_filter_state,true,false,true
game/ui/screens/empire_build_queue_viewmodel.py,EmpireBuildQueueViewModel.set_filter_state,true,false,true
game/ui/screens/empire_build_queue_viewmodel.py,EmpireBuildQueueViewModel.update_sources,true,false,true
game/ui/screens/empire_build_queue_viewmodel.py,EmpireBuildQueueViewModel.select_source,true,false,true
game/ui/screens/empire_build_queue_viewmodel.py,EmpireBuildQueueViewModel.get_selected_sources,true,false,true
game/ui/screens/empire_build_queue_viewmodel.py,EmpireBuildQueueViewModel.get_selection_summary,true,false,true
game/ui/screens/empire_build_queue_viewmodel.py,EmpireBuildQueueViewModel._clear_selection,true,false,false
game/ui/screens/empire_build_queue_viewmodel.py,EmpireBuildQueueViewModel.set_search_text,true,false,true
game/ui/screens/empire_build_queue_viewmodel.py,EmpireBuildQueueViewModel.apply_filters,true,false,true
game/ui/screens/empire_build_queue_viewmodel.py,EmpireBuildQueueViewModel.get_column_value,true,false,true
game/ui/screens/empire_build_queue_viewmodel.py,EmpireBuildQueueViewModel._refresh,true,false,false
game/ui/screens/empire_build_queue_window.py,EmpireBuildQueueWindow.__init__,true,true,false
game/ui/screens/empire_build_queue_window.py,EmpireBuildQueueWindow.all_sources,true,false,true
game/ui/screens/empire_build_queue_window.py,EmpireBuildQueueWindow.filtered_sources,true,false,true
game/ui/screens/empire_build_queue_window.py,EmpireBuildQueueWindow.selected_source,true,false,true
game/ui/screens/empire_build_queue_window.py,EmpireBuildQueueWindow.selected_index,true,false,true
game/ui/screens/empire_build_queue_window.py,EmpireBuildQueueWindow.selected_indices,true,false,true
game/ui/screens/empire_build_queue_window.py,EmpireBuildQueueWindow.selected_indices,true,false,true
game/ui/screens/empire_build_queue_window.py,EmpireBuildQueueWindow.search_text,true,false,true
game/ui/screens/empire_build_queue_window.py,EmpireBuildQueueWindow.search_text,true,false,true
game/ui/screens/empire_build_queue_window.py,EmpireBuildQueueWindow.columns,true,false,true
game/ui/screens/empire_build_queue_window.py,EmpireBuildQueueWindow.column_toggle_buttons,true,false,true
game/ui/screens/empire_build_queue_window.py,EmpireBuildQueueWindow.search_entry,true,false,true
game/ui/screens/empire_build_queue_window.py,EmpireBuildQueueWindow.btn_apply_filters,true,false,true
game/ui/screens/empire_build_queue_window.py,EmpireBuildQueueWindow._on_filters_applied,true,false,false
game/ui/screens/empire_build_queue_window.py,EmpireBuildQueueWindow._on_selection_changed,true,false,false
game/ui/screens/empire_build_queue_window.py,EmpireBuildQueueWindow._refresh_list,true,false,false
game/ui/screens/empire_build_queue_window.py,EmpireBuildQueueWindow._select_source,true,false,false
game/ui/screens/empire_build_queue_window.py,EmpireBuildQueueWindow.handle_row_click,true,false,true
game/ui/screens/empire_build_queue_window.py,EmpireBuildQueueWindow.get_selected_sources,true,false,true
game/ui/screens/empire_build_queue_window.py,EmpireBuildQueueWindow.get_selection_summary,true,false,true
game/ui/screens/empire_build_queue_window.py,EmpireBuildQueueWindow.get_hex_for_source,true,false,true
game/ui/screens/empire_build_queue_window.py,EmpireBuildQueueWindow.navigate_to_source,true,false,true
game/ui/screens/empire_build_queue_window.py,EmpireBuildQueueWindow.batch_add_to_selected,true,false,true
game/ui/screens/empire_build_queue_window.py,EmpireBuildQueueWindow._add_item_to_source,true,false,false
game/ui/screens/empire_build_queue_window.py,EmpireBuildQueueWindow._source_can_build_type,true,false,false
game/ui/screens/empire_build_queue_window.py,EmpireBuildQueueWindow.process_event,true,false,true
game/ui/screens/empire_build_queue_window.py,EmpireBuildQueueWindow.update,true,false,true
game/ui/screens/empire_build_queue_window.py,EmpireBuildQueueWindow._get_visible_columns,true,false,false
game/ui/screens/empire_build_queue_window.py,EmpireBuildQueueWindow._get_column_value,true,false,false
game/ui/screens/empire_build_queue_window.py,EmpireBuildQueueWindow.toggle_column_visibility,true,false,true
game/ui/screens/empire_build_queue_window.py,EmpireBuildQueueWindow.apply_filters,true,false,true
game/ui/screens/empire_build_queue_window.py,EmpireBuildQueueWindow._apply_sort_and_refresh,true,false,false
game/ui/screens/empire_build_queue_window.py,EmpireBuildQueueWindow._get_queue_summary,true,false,false
game/ui/screens/empire_build_queue_window.py,EmpireBuildQueueWindow._get_first_item_text,true,false,false
game/ui/screens/empire_build_queue_window.py,EmpireBuildQueueWindow._get_capabilities_text,true,false,false
game/ui/screens/empire_build_queue_window.py,EmpireBuildQueueWindow._get_system_name,true,false,false
game/ui/screens/empire_build_queue_window.py,EmpireBuildQueueWindow._get_sector_text,true,false,false
game/ui/screens/empire_build_queue_window.py,EmpireBuildQueueWindow._get_turns_left_text,true,false,false
game/ui/screens/empire_build_queue_window.py,EmpireBuildQueueWindow.kill,true,false,true
game/ui/screens/empire_panel_window.py,EmpirePanelWindow.__init__,false,true,false
game/ui/screens/empire_panel_window.py,EmpirePanelWindow._create_ui,false,false,false
game/ui/screens/empire_panel_window.py,EmpirePanelWindow._create_tab_buttons,false,false,false
game/ui/screens/empire_panel_window.py,EmpirePanelWindow._create_tab_panels,false,false,false
game/ui/screens/empire_panel_window.py,EmpirePanelWindow._show_tab,false,false,false
game/ui/screens/empire_panel_window.py,EmpirePanelWindow._build_treasury_tab,false,false,false
game/ui/screens/empire_panel_window.py,EmpirePanelWindow._build_population_tab,false,false,false
game/ui/screens/empire_panel_window.py,EmpirePanelWindow._render_species_card,true,false,false
game/ui/screens/empire_panel_window.py,EmpirePanelWindow._render_portrait_flag_row,true,false,false
game/ui/screens/empire_panel_window.py,EmpirePanelWindow._render_identity_section,true,false,false
game/ui/screens/empire_panel_window.py,EmpirePanelWindow._render_aptitudes_section,true,false,false
game/ui/screens/empire_panel_window.py,EmpirePanelWindow._render_environment_section,true,false,false
game/ui/screens/empire_panel_window.py,EmpirePanelWindow._render_descriptions_section,true,false,false
game/ui/screens/empire_panel_window.py,EmpirePanelWindow._build_placeholder_tab,false,false,false
game/ui/screens/empire_panel_window.py,EmpirePanelWindow.process_event,true,false,true
game/ui/screens/empire_panel_window.py,EmpirePanelWindow.kill,false,false,true
game/ui/screens/event_log_data_source.py,EventLogDataSource.__init__,true,true,false
game/ui/screens/event_log_data_source.py,EventLogDataSource.get_row_count,true,false,true
game/ui/screens/event_log_data_source.py,EventLogDataSource.get_columns,true,false,true
game/ui/screens/event_log_data_source.py,EventLogDataSource.get_cell_value,true,false,true
game/ui/screens/event_log_data_source.py,EventLogDataSource.get_event_at_index,true,false,true
game/ui/screens/event_log_data_source.py,EventLogDataSource.set_filter,true,false,true
game/ui/screens/event_log_data_source.py,EventLogDataSource.update_events,true,false,true
game/ui/screens/event_log_data_source.py,EventLogDataSource._recompute_filtered,true,false,false
game/ui/screens/event_log_sidebar.py,EventLogSidebar.__init__,false,true,false
game/ui/screens/event_log_sidebar.py,EventLogSidebar._build_widgets,true,false,false
game/ui/screens/event_log_sidebar.py,EventLogSidebar._build_column_section,true,false,false
game/ui/screens/event_log_sidebar.py,EventLogSidebar.handle_button_click,true,false,true
game/ui/screens/event_log_sidebar.py,EventLogSidebar.refresh_button_labels,true,false,true
game/ui/screens/event_log_window.py,EventLogWindow.__init__,true,true,false
game/ui/screens/event_log_window.py,EventLogWindow._init_layout,true,false,false
game/ui/screens/event_log_window.py,EventLogWindow._create_filter_buttons,true,false,false
game/ui/screens/event_log_window.py,EventLogWindow.get_filtered_events,true,false,true
game/ui/screens/event_log_window.py,EventLogWindow.set_filter,true,false,true
game/ui/screens/event_log_window.py,EventLogWindow._rebuild_list,true,false,false
game/ui/screens/event_log_window.py,EventLogWindow._update_filter_buttons,true,false,false
game/ui/screens/event_log_window.py,EventLogWindow.update,true,false,true
game/ui/screens/event_log_window.py,EventLogWindow.process_event,true,false,true
game/ui/screens/event_log_window.py,EventLogWindow._handle_row_navigate,true,false,false
game/ui/screens/event_log_window.py,EventLogWindow.kill,true,false,true
game/ui/screens/fleet_data_source.py,FleetDataSource.__init__,true,true,false
game/ui/screens/fleet_data_source.py,FleetDataSource.get_row_count,true,false,true
game/ui/screens/fleet_data_source.py,FleetDataSource.get_columns,true,false,true
game/ui/screens/fleet_data_source.py,FleetDataSource.get_cell_value,true,false,true
game/ui/screens/fleet_data_source.py,FleetDataSource.get_cell_image,true,false,true
game/ui/screens/fleet_data_source.py,FleetDataSource.get_ship_at_index,true,false,true
game/ui/screens/fleet_data_source.py,FleetDataSource._get_column_handlers,true,false,false
game/ui/screens/fleet_data_source.py,FleetDataSource._get_column_value,true,false,false
game/ui/screens/fleet_data_source.py,FleetDataSource._format_status,true,false,false
game/ui/screens/fleet_data_source.py,FleetDataSource._format_resources,true,false,false
game/ui/screens/fleet_data_source.py,FleetDataSource._format_serial,true,false,false
game/ui/screens/fleet_data_source.py,FleetDataSource._format_design,true,false,false
game/ui/screens/fleet_data_source.py,FleetDataSource._format_name,true,false,false
game/ui/screens/fleet_data_source.py,FleetDataSource._format_hp_pct,true,false,false
game/ui/screens/fleet_data_source.py,FleetDataSource._format_tonnage,true,false,false
game/ui/screens/fleet_data_source.py,FleetDataSource._format_speed,true,false,false
game/ui/screens/fleet_data_source.py,FleetDataSource._format_warp,true,false,false
game/ui/screens/fleet_data_source.py,FleetDataSource._format_spaceyard,true,false,false
game/ui/screens/fleet_data_source.py,FleetDataSource._format_transport,true,false,false
game/ui/screens/fleet_data_source.py,FleetDataSource._format_cargo,true,false,false
game/ui/screens/fleet_data_source.py,FleetDataSource._format_capability,true,false,false
game/ui/screens/fleet_data_source.py,FleetDataSource._get_ship_image,true,false,false
game/ui/screens/fleet_data_source.py,FleetDataSource._create_placeholder,true,false,false
game/ui/screens/fleet_report_filters.py,calculate_fleet_stats,true,false,true
game/ui/screens/fleet_report_filters.py,_check_tri_state,true,false,false
game/ui/screens/fleet_report_filters.py,_should_exclude_by_warp,true,false,false
game/ui/screens/fleet_report_filters.py,_should_exclude_by_spaceyard,true,false,false
game/ui/screens/fleet_report_filters.py,_should_exclude_by_cargo,true,false,false
game/ui/screens/fleet_report_filters.py,_should_exclude_by_special_capabilities,true,false,false
game/ui/screens/fleet_report_filters.py,_should_exclude_by_status,true,false,false
game/ui/screens/fleet_report_filters.py,filter_ships,true,false,true
game/ui/screens/fleet_report_filters.py,sort_ships,true,false,true
game/ui/screens/fleet_report_filters.py,get_sort_key,false,false,true
game/ui/screens/fleet_report_sidebar.py,FleetReportSidebar.__init__,false,true,false
game/ui/screens/fleet_report_sidebar.py,FleetReportSidebar._build_widgets,false,false,false
game/ui/screens/fleet_report_sidebar.py,FleetReportSidebar._build_filter_section,true,false,false
game/ui/screens/fleet_report_sidebar.py,FleetReportSidebar._create_status_filter_button,true,false,false
game/ui/screens/fleet_report_sidebar.py,FleetReportSidebar._build_column_section,true,false,false
game/ui/screens/fleet_report_sidebar.py,FleetReportSidebar._build_actions_section,false,false,false
game/ui/screens/fleet_report_sidebar.py,FleetReportSidebar.update_summary,false,false,true
game/ui/screens/fleet_report_sidebar.py,FleetReportSidebar.update_remove_button,false,false,true
game/ui/screens/fleet_report_sidebar.py,FleetReportSidebar.update_filter_button,false,false,true
game/ui/screens/fleet_report_sidebar.py,FleetReportSidebar.update_column_button,false,false,true
game/ui/screens/fleet_report_sidebar.py,FleetReportSidebar.check_button_presses,false,false,true
game/ui/screens/fleet_report_view_model.py,FleetListViewModel.__init__,false,true,false
game/ui/screens/fleet_report_view_model.py,FleetListViewModel.filter_manager,true,false,true
game/ui/screens/fleet_report_view_model.py,FleetListViewModel.update_ships,true,false,true
game/ui/screens/fleet_report_view_model.py,FleetListViewModel.toggle_filter,true,false,true
game/ui/screens/fleet_report_view_model.py,FleetListViewModel.set_filter_state,true,false,true
game/ui/screens/fleet_report_view_model.py,FleetListViewModel.get_tri_state,true,false,true
game/ui/screens/fleet_report_view_model.py,FleetListViewModel.set_sort,true,false,true
game/ui/screens/fleet_report_view_model.py,FleetListViewModel.get_filter_state,true,false,true
game/ui/screens/fleet_report_view_model.py,FleetListViewModel.get_filtered_ships,true,false,true
game/ui/screens/fleet_report_view_model.py,FleetListViewModel._refresh,true,false,false
game/ui/screens/fleet_report_view_model.py,FleetListViewModel.get_ship_count,true,false,true
game/ui/screens/fleet_report_view_model.py,FleetListViewModel.get_total_ship_count,true,false,true
game/ui/screens/fleet_report_view_model.py,FleetListViewModel.get_filter_label,true,false,true
game/ui/screens/fleet_report_window.py,FleetReportWindow.__init__,false,true,false
game/ui/screens/fleet_report_window.py,FleetReportWindow._init_layout,false,false,false
game/ui/screens/fleet_report_window.py,FleetReportWindow._init_detail_panel,false,false,false
game/ui/screens/fleet_report_window.py,FleetReportWindow._swap_columns,false,false,false
game/ui/screens/fleet_report_window.py,FleetReportWindow.refresh_list,false,false,true
game/ui/screens/fleet_report_window.py,FleetReportWindow.process_event,false,false,true
game/ui/screens/fleet_report_window.py,FleetReportWindow._handle_row_click,false,false,false
game/ui/screens/fleet_report_window.py,FleetReportWindow.select_ship,false,false,true
game/ui/screens/fleet_report_window.py,FleetReportWindow._update_detail_panel,false,false,false
game/ui/screens/fleet_report_window.py,FleetReportWindow._on_remove_ship,false,false,false
game/ui/screens/fleet_report_window.py,FleetReportWindow._on_remove_selected_ships,false,false,false
game/ui/screens/fleet_report_window.py,FleetReportWindow._post_removal_refresh,false,false,false
game/ui/screens/fleet_report_window.py,FleetReportWindow.update,false,false,true
game/ui/screens/fleet_report_window.py,FleetReportWindow._toggle_filter,false,false,false
game/ui/screens/fleet_report_window.py,FleetReportWindow._apply_tri_state_filter,false,false,false
game/ui/screens/fleet_report_window.py,FleetReportWindow._toggle_column,false,false,false
game/ui/screens/fleet_report_window.py,FleetReportWindow.kill,false,false,true
game/ui/screens/fleet_selection_window.py,_fleet_display_label,true,false,false
game/ui/screens/fleet_selection_window.py,FleetSelectionWindow.__init__,false,true,false
game/ui/screens/fleet_selection_window.py,FleetSelectionWindow.update,false,false,true
game/ui/screens/food_allocation_editor.py,gather_rows,true,false,true
game/ui/screens/food_allocation_editor.py,resolve_food_resource_name,true,false,true
game/ui/screens/food_allocation_editor.py,compute_consumption_preview,true,false,true
game/ui/screens/food_allocation_editor.py,apply_allocations,true,false,true
game/ui/screens/food_allocation_editor.py,FoodAllocationEditor.__init__,true,true,false
game/ui/screens/food_allocation_editor.py,FoodAllocationEditor._build_ui,true,false,false
game/ui/screens/food_allocation_editor.py,FoodAllocationEditor._build_row,true,false,false
game/ui/screens/food_allocation_editor.py,FoodAllocationEditor._preview_text,true,false,false
game/ui/screens/food_allocation_editor.py,FoodAllocationEditor.collect_allocations,true,false,true
game/ui/screens/food_allocation_editor.py,FoodAllocationEditor.update,true,false,true
game/ui/screens/food_allocation_editor.py,FoodAllocationEditor.process_event,true,false,true
game/ui/screens/food_allocation_editor.py,FoodAllocationEditor._on_apply,true,false,false
game/ui/screens/food_allocation_editor.py,FoodAllocationEditor._on_cancel,true,false,false
game/ui/screens/galaxy_test/galaxy_mode.py,GalaxyModeHelper.__init__,false,true,false
game/ui/screens/galaxy_test/galaxy_mode.py,GalaxyModeHelper.create_ui,false,false,true
game/ui/screens/galaxy_test/galaxy_mode.py,GalaxyModeHelper.generate,false,false,true
game/ui/screens/galaxy_test/galaxy_mode.py,GalaxyModeHelper._center_camera,false,false,false
game/ui/screens/galaxy_test/galaxy_mode.py,GalaxyModeHelper.update_slider_displays,false,false,true
game/ui/screens/galaxy_test/galaxy_mode.py,GalaxyModeHelper.draw,false,false,true
game/ui/screens/galaxy_test/galaxy_mode.py,GalaxyModeHelper._draw_warp_lanes,false,false,false
game/ui/screens/galaxy_test/screen.py,GalaxyTestScreen.__init__,false,true,false
game/ui/screens/galaxy_test/screen.py,GalaxyTestScreen._clear_ui,false,false,false
game/ui/screens/galaxy_test/screen.py,GalaxyTestScreen._create_menu_ui,false,false,false
game/ui/screens/galaxy_test/screen.py,GalaxyTestScreen._create_galaxy_ui,false,false,false
game/ui/screens/galaxy_test/screen.py,GalaxyTestScreen._create_system_ui,false,false,false
game/ui/screens/galaxy_test/screen.py,GalaxyTestScreen.update,false,false,true
game/ui/screens/galaxy_test/screen.py,GalaxyTestScreen.draw,false,false,true
game/ui/screens/galaxy_test/screen.py,GalaxyTestScreen.handle_event,false,false,true
game/ui/screens/galaxy_test/screen.py,GalaxyTestScreen._handle_button_click,false,false,false
game/ui/screens/galaxy_test/screen.py,GalaxyTestScreen._go_to_menu,false,false,false
game/ui/screens/galaxy_test/screen.py,GalaxyTestScreen._go_to_galaxy_mode,false,false,false
game/ui/screens/galaxy_test/screen.py,GalaxyTestScreen._go_to_system_mode,false,false,false
game/ui/screens/galaxy_test/screen.py,GalaxyTestScreen._on_close,false,false,false
game/ui/screens/galaxy_test/screen.py,GalaxyTestScreen.handle_resize,false,false,true
game/ui/screens/galaxy_test/screen.py,GalaxyTestScreen.handle_input,false,false,true
game/ui/screens/galaxy_test/system_mode.py,SystemModeHelper.__init__,false,true,false
game/ui/screens/galaxy_test/system_mode.py,SystemModeHelper.create_ui,true,false,true
game/ui/screens/galaxy_test/system_mode.py,SystemModeHelper._get_blueprint_options,true,false,false
game/ui/screens/galaxy_test/system_mode.py,SystemModeHelper.generate,false,false,true
game/ui/screens/galaxy_test/system_mode.py,SystemModeHelper._center_camera,false,false,false
game/ui/screens/galaxy_test/system_mode.py,SystemModeHelper.handle_click,false,false,true
game/ui/screens/galaxy_test/system_mode.py,SystemModeHelper._update_inspector_panel,false,false,false
game/ui/screens/galaxy_test/system_mode.py,SystemModeHelper._format_star_info,true,false,false
game/ui/screens/galaxy_test/system_mode.py,SystemModeHelper._format_planet_info,true,false,false
game/ui/screens/galaxy_test/system_mode.py,SystemModeHelper._get_classification_reason,true,false,false
game/ui/screens/galaxy_test/system_mode.py,SystemModeHelper.draw,false,false,true
game/ui/screens/galaxy_test/system_mode.py,SystemModeHelper.update_fps_display,false,false,true
game/ui/screens/gravity_target_editor.py,GravityTargetEditor.__init__,false,true,false
game/ui/screens/gravity_target_editor.py,GravityTargetEditor._build_ui,false,false,false
game/ui/screens/gravity_target_editor.py,GravityTargetEditor.update,false,false,true
game/ui/screens/gravity_target_editor.py,GravityTargetEditor.process_event,true,false,true
game/ui/screens/gravity_target_editor.py,GravityTargetEditor._on_apply,false,false,false
game/ui/screens/gravity_target_editor.py,GravityTargetEditor._set_species_ideal,false,false,false
game/ui/screens/gravity_target_editor.py,GravityTargetEditor._get_active_race_config,false,false,false
game/ui/screens/gravity_target_editor.py,GravityTargetEditor._set_match_current,false,false,false
game/ui/screens/gravity_target_editor.py,GravityTargetEditor._clear_target,false,false,false
game/ui/screens/keybindings_scene.py,_build_key_name_map,true,false,false
game/ui/screens/keybindings_scene.py,KeybindingsScene.__init__,true,true,false
game/ui/screens/keybindings_scene.py,KeybindingsScene._build_ui,true,false,false
game/ui/screens/keybindings_scene.py,KeybindingsScene._build_action_rows,true,false,false
game/ui/screens/keybindings_scene.py,KeybindingsScene.group_height,false,false,true
game/ui/screens/keybindings_scene.py,KeybindingsScene._build_action_row,true,false,false
game/ui/screens/keybindings_scene.py,KeybindingsScene._build_footer,true,false,false
game/ui/screens/keybindings_scene.py,KeybindingsScene._clear_ui,true,false,false
game/ui/screens/keybindings_scene.py,KeybindingsScene.handle_event,true,false,true
game/ui/screens/keybindings_scene.py,KeybindingsScene.update,true,false,true
game/ui/screens/keybindings_scene.py,KeybindingsScene.draw,true,false,true
game/ui/screens/keybindings_scene.py,KeybindingsScene.handle_resize,true,false,true
game/ui/screens/keybindings_scene.py,KeybindingsScene._start_capture,true,false,false
game/ui/screens/keybindings_scene.py,KeybindingsScene._handle_key_capture,true,false,false
game/ui/screens/keybindings_scene.py,KeybindingsScene._apply_binding,true,false,false
game/ui/screens/keybindings_scene.py,KeybindingsScene._refresh_action_row,true,false,false
game/ui/screens/keybindings_scene.py,KeybindingsScene._draw_capture_overlay,true,false,false
game/ui/screens/keybindings_scene.py,KeybindingsScene._handle_button_press,true,false,false
game/ui/screens/keybindings_scene.py,KeybindingsScene._handle_dialog_confirmed,true,false,false
game/ui/screens/keybindings_scene.py,KeybindingsScene._on_save_and_close,true,false,false
game/ui/screens/keybindings_scene.py,KeybindingsScene._on_reset_all_clicked,true,false,false
game/ui/screens/keybindings_scene.py,KeybindingsScene._on_reset_confirmed,true,false,false
game/ui/screens/keybindings_scene.py,KeybindingsScene._on_close,true,false,false
game/ui/screens/keybindings_scene.py,KeybindingsScene._reset_single_action,true,false,false
game/ui/screens/keybindings_scene.py,KeybindingsScene._refresh_all_rows,true,false,false
game/ui/screens/menu_scene.py,MenuScene.__init__,false,true,false
game/ui/screens/menu_scene.py,MenuScene._create_buttons,true,false,false
game/ui/screens/menu_scene.py,MenuScene.handle_event,true,false,true
game/ui/screens/menu_scene.py,MenuScene.update,true,false,true
game/ui/screens/menu_scene.py,MenuScene.draw,true,false,true
game/ui/screens/menu_scene.py,MenuScene.handle_resize,true,false,true
game/ui/screens/menu_scene.py,MenuScene.get_ui_manager,true,false,true
game/ui/screens/new_game_setup_screen.py,NewGameSetupScreen.__init__,false,true,false
game/ui/screens/new_game_setup_screen.py,NewGameSetupScreen._create_ui,false,false,false
game/ui/screens/new_game_setup_screen.py,NewGameSetupScreen._create_empire_inputs,false,false,false
game/ui/screens/new_game_setup_screen.py,NewGameSetupScreen._update_empire_visibility,false,false,false
game/ui/screens/new_game_setup_screen.py,NewGameSetupScreen._update_race_display,false,false,false
game/ui/screens/new_game_setup_screen.py,NewGameSetupScreen.process_event,true,false,true
game/ui/screens/new_game_setup_screen.py,NewGameSetupScreen._on_load_race_clicked,false,false,false
game/ui/screens/new_game_setup_screen.py,NewGameSetupScreen._on_setup_race_clicked,false,false,false
game/ui/screens/new_game_setup_screen.py,NewGameSetupScreen._on_race_selected,false,false,false
game/ui/screens/new_game_setup_screen.py,NewGameSetupScreen._on_race_created,false,false,false
game/ui/screens/new_game_setup_screen.py,NewGameSetupScreen._on_race_dialog_cancelled,false,false,false
game/ui/screens/new_game_setup_screen.py,NewGameSetupScreen._on_start_clicked,false,false,false
game/ui/screens/new_game_setup_screen.py,NewGameSetupScreen._on_cancel_clicked,false,false,false
game/ui/screens/new_game_setup_screen.py,NewGameSetupScreen.validate_save_name,true,false,true
game/ui/screens/new_game_setup_screen.py,NewGameSetupScreen.generate_default_save_name,true,false,true
game/ui/screens/new_game_setup_screen.py,NewGameSetupScreen.get_player_count_options,true,false,true
game/ui/screens/new_game_setup_screen.py,NewGameSetupScreen.build_game_config,true,false,true
game/ui/screens/orders_window.py,OrdersWindow.__init__,false,true,false
game/ui/screens/orders_window.py,OrdersWindow.update,false,false,true
game/ui/screens/orders_window.py,OrdersWindow.rebuild_list,false,false,true
game/ui/screens/orders_window.py,OrdersWindow._get_order_description,false,false,false
game/ui/screens/orders_window.py,OrdersWindow._apply_tooltips,true,false,false
game/ui/screens/orders_window.py,OrdersWindow._handle_keydown,true,false,false
game/ui/screens/orders_window.py,OrdersWindow.process_event,false,false,true
game/ui/screens/orders_window.py,OrdersWindow.move_order,false,false,true
game/ui/screens/orders_window.py,OrdersWindow.edit_order,false,false,true
game/ui/screens/orders_window.py,OrdersWindow.delete_order,false,false,true
game/ui/screens/orders_window.py,OrdersWindow.show_clear_confirmation,false,false,true
game/ui/screens/orders_window.py,OrdersWindow.handle_global_event,false,false,true
game/ui/screens/planet_abilities_window.py,PlanetAbilitiesWindow.__init__,false,true,false
game/ui/screens/planet_abilities_window.py,PlanetAbilitiesWindow._build_ui,false,false,false
game/ui/screens/planet_abilities_window.py,PlanetAbilitiesWindow._should_show_food_editor,true,false,false
game/ui/screens/planet_abilities_window.py,PlanetAbilitiesWindow._get_available_editors,true,false,false
game/ui/screens/planet_abilities_window.py,PlanetAbilitiesWindow._scan_abilities,true,false,false
game/ui/screens/planet_abilities_window.py,PlanetAbilitiesWindow._get_component_status,true,false,false
game/ui/screens/planet_abilities_window.py,PlanetAbilitiesWindow.process_event,true,false,true
game/ui/screens/planet_data_source.py,PlanetDataSource.__init__,true,true,false
game/ui/screens/planet_data_source.py,PlanetDataSource.get_row_count,true,false,true
game/ui/screens/planet_data_source.py,PlanetDataSource.get_columns,true,false,true
game/ui/screens/planet_data_source.py,PlanetDataSource.get_cell_value,true,false,true
game/ui/screens/planet_data_source.py,PlanetDataSource.get_cell_image,true,false,true
game/ui/screens/planet_data_source.py,PlanetDataSource.get_planet_at_index,true,false,true
game/ui/screens/planet_data_source.py,PlanetDataSource.update_data,true,false,true
game/ui/screens/planet_data_source.py,PlanetDataSource._get_column,true,false,false
game/ui/screens/planet_data_source.py,PlanetDataSource._extract_value,true,false,false
game/ui/screens/planet_data_source.py,PlanetDataSource._get_planet_icon,true,false,false
game/ui/screens/planet_data_source.py,PlanetDataSource._get_blank_icon,true,false,false
game/ui/screens/planet_list_filter_manager.py,PlanetListFilterManager.__init__,true,true,false
game/ui/screens/planet_list_filter_manager.py,PlanetListFilterManager.tri_state_manager,true,false,true
game/ui/screens/planet_list_filter_manager.py,PlanetListFilterManager.toggle_type,true,false,true
game/ui/screens/planet_list_filter_manager.py,PlanetListFilterManager.toggle_owner,true,false,true
game/ui/screens/planet_list_filter_manager.py,PlanetListFilterManager.set_all_types,true,false,true
game/ui/screens/planet_list_filter_manager.py,PlanetListFilterManager.set_all_owners,true,false,true
game/ui/screens/planet_list_filter_manager.py,PlanetListFilterManager.get_filter_state,true,false,true
game/ui/screens/planet_list_filters.py,gather_planets,false,false,true
game/ui/screens/planet_list_filters.py,filter_planets,false,false,true
game/ui/screens/planet_list_filters.py,matches_filter,false,false,true
game/ui/screens/planet_list_filters.py,sort_planets,false,false,true
game/ui/screens/planet_list_filters.py,sort_key,false,false,true
game/ui/screens/planet_list_filters.py,get_column_value,false,false,true
game/ui/screens/planet_list_filters.py,compute_planet_ranges,false,false,true
game/ui/screens/planet_list_filters.py,get_system_name,false,false,true
game/ui/screens/planet_list_filters.py,get_owner_name,false,false,true
game/ui/screens/planet_list_filters.py,get_mass_earth,false,false,true
game/ui/screens/planet_list_filters.py,get_resource_str,false,false,true
game/ui/screens/planet_list_presets.py,PresetManager.__init__,false,true,false
game/ui/screens/planet_list_presets.py,PresetManager._load_from_disk,false,false,false
game/ui/screens/planet_list_presets.py,PresetManager.save_to_disk,false,false,true
game/ui/screens/planet_list_presets.py,PresetManager.get_preset_names,false,false,true
game/ui/screens/planet_list_presets.py,PresetManager.save_preset,false,false,true
game/ui/screens/planet_list_presets.py,PresetManager.get_preset,false,false,true
game/ui/screens/planet_list_presets.py,PresetManager.has_preset,false,false,true
game/ui/screens/planet_list_presets.py,PresetManager.get_all_presets,false,false,true
game/ui/screens/planet_list_presets.py,PresetManager.delete_preset,false,false,true
game/ui/screens/planet_list_presets.py,capture_planet_list_state,false,false,true
game/ui/screens/planet_list_presets.py,apply_planet_list_state,false,false,true
game/ui/screens/planet_list_sidebar.py,build_sidebar,false,false,true
game/ui/screens/planet_list_sidebar.py,add_range,false,false,true
game/ui/screens/planet_list_window.py,_format_population,true,false,false
game/ui/screens/planet_list_window.py,PlanetListWindow.__init__,false,true,false
game/ui/screens/planet_list_window.py,PlanetListWindow.filter_types,false,false,true
game/ui/screens/planet_list_window.py,PlanetListWindow.filter_types,false,false,true
game/ui/screens/planet_list_window.py,PlanetListWindow.filter_owner,false,false,true
game/ui/screens/planet_list_window.py,PlanetListWindow.filter_owner,false,false,true
game/ui/screens/planet_list_window.py,PlanetListWindow.filter_ranges,false,false,true
game/ui/screens/planet_list_window.py,PlanetListWindow.filter_ranges,false,false,true
game/ui/screens/planet_list_window.py,PlanetListWindow.refresh_list,false,false,true
game/ui/screens/planet_list_window.py,PlanetListWindow.process_event,false,false,true
game/ui/screens/planet_list_window.py,PlanetListWindow.update,false,false,true
game/ui/screens/planet_list_window.py,PlanetListWindow._set_all_filters,false,false,false
game/ui/screens/planet_list_window.py,PlanetListWindow._toggle_filter,false,false,false
game/ui/screens/planet_list_window.py,PlanetListWindow._toggle_column,false,false,false
game/ui/screens/planet_list_window.py,PlanetListWindow._save_preset,false,false,false
game/ui/screens/planet_list_window.py,PlanetListWindow._capture_current_state,false,false,false
game/ui/screens/planet_list_window.py,PlanetListWindow._apply_state,false,false,false
game/ui/screens/planet_list_window.py,PlanetListWindow._navigate_to_selected,false,false,false
game/ui/screens/planet_list_window.py,PlanetListWindow._on_planet_selected,false,false,false
game/ui/screens/planet_list_window.py,PlanetListWindow._detail_panel_geometry,false,false,false
game/ui/screens/planet_list_window.py,PlanetListWindow.set_dimensions,false,false,true
game/ui/screens/planet_list_window.py,PlanetListWindow.kill,false,false,true
game/ui/screens/planet_selection_window.py,PlanetSelectionWindow.__init__,false,true,false
game/ui/screens/planet_selection_window.py,PlanetSelectionWindow.update,false,false,true
game/ui/screens/planet_selection_window.py,PlanetSelectionWindow.kill,false,false,true
game/ui/screens/race_asset_loader.py,RaceAssetLoader.__init__,false,true,false
game/ui/screens/race_asset_loader.py,RaceAssetLoader.load_flag_full,true,false,true
game/ui/screens/race_asset_loader.py,RaceAssetLoader.load_portrait_full,true,false,true
game/ui/screens/race_asset_loader.py,RaceAssetLoader.create_placeholder,true,false,true
game/ui/screens/race_asset_loader.py,RaceAssetLoader.load_portrait_preview,true,false,true
game/ui/screens/race_asset_loader.py,RaceAssetLoader.load_flag_preview,true,false,true
game/ui/screens/race_asset_loader.py,RaceAssetLoader.load_empire_race_assets,true,false,true
game/ui/screens/race_asset_loader.py,RaceAssetLoader.load_empire_theme_assets,true,false,true
game/ui/screens/race_asset_loader.py,RaceAssetLoader.load_all_empire_assets,true,false,true
game/ui/screens/race_browser_dialog.py,RaceBrowserDialog.__init__,false,true,false
game/ui/screens/race_browser_dialog.py,RaceBrowserDialog._create_ui,false,false,false
game/ui/screens/race_browser_dialog.py,RaceBrowserDialog._load_races,false,false,false
game/ui/screens/race_browser_dialog.py,RaceBrowserDialog._create_race_row,true,false,false
game/ui/screens/race_browser_dialog.py,RaceBrowserDialog._render_row_surface,true,false,false
game/ui/screens/race_browser_dialog.py,RaceBrowserDialog._load_portrait_preview,true,false,false
game/ui/screens/race_browser_dialog.py,RaceBrowserDialog._load_flag_preview,true,false,false
game/ui/screens/race_browser_dialog.py,RaceBrowserDialog._select_row,false,false,false
game/ui/screens/race_browser_dialog.py,RaceBrowserDialog.process_event,true,false,true
game/ui/screens/race_setup_screen.py,RaceSetupScreen.__init__,false,true,false
game/ui/screens/race_setup_screen.py,RaceSetupScreen._create_ui,false,false,false
game/ui/screens/race_setup_screen.py,RaceSetupScreen._create_tab_buttons,false,false,false
game/ui/screens/race_setup_screen.py,RaceSetupScreen._create_step_panels,false,false,false
game/ui/screens/race_setup_screen.py,RaceSetupScreen._create_identity_panel_content,false,false,false
game/ui/screens/race_setup_screen.py,RaceSetupScreen._create_visuals_panel_content,false,false,false
game/ui/screens/race_setup_screen.py,RaceSetupScreen._on_theme_selected,false,false,false
game/ui/screens/race_setup_screen.py,RaceSetupScreen._create_ships_panel_content,false,false,false
game/ui/screens/race_setup_screen.py,RaceSetupScreen._refresh_ship_preview,false,false,false
game/ui/screens/race_setup_screen.py,RaceSetupScreen._create_environment_panel_content,false,false,false
game/ui/screens/race_setup_screen.py,RaceSetupScreen._create_aptitudes_panel_content,false,false,false
game/ui/screens/race_setup_screen.py,RaceSetupScreen._create_descriptions_panel_content,false,false,false
game/ui/screens/race_setup_screen.py,RaceSetupScreen._on_description_controller_change,true,false,false
game/ui/screens/race_setup_screen.py,RaceSetupScreen._check_llm_dialog_thresholds,true,false,false
game/ui/screens/race_setup_screen.py,RaceSetupScreen._show_llm_dialog,true,false,false
game/ui/screens/race_setup_screen.py,RaceSetupScreen._close_llm_dialog,true,false,false
game/ui/screens/race_setup_screen.py,RaceSetupScreen._llm_error_message,true,false,false
game/ui/screens/race_setup_screen.py,RaceSetupScreen._check_llm_error_popups,true,false,false
game/ui/screens/race_setup_screen.py,RaceSetupScreen._show_llm_error_popup,true,false,false
game/ui/screens/race_setup_screen.py,RaceSetupScreen._close_llm_error_popup,true,false,false
game/ui/screens/race_setup_screen.py,RaceSetupScreen._update_description_char_counts,false,false,false
game/ui/screens/race_setup_screen.py,RaceSetupScreen._update_descriptions_from_text,false,false,false
game/ui/screens/race_setup_screen.py,RaceSetupScreen._create_summary_panel_content,false,false,false
game/ui/screens/race_setup_screen.py,RaceSetupScreen._refresh_summary,false,false,false
game/ui/screens/race_setup_screen.py,RaceSetupScreen._create_navigation_buttons,false,false,false
game/ui/screens/race_setup_screen.py,RaceSetupScreen._show_step,false,false,false
game/ui/screens/race_setup_screen.py,RaceSetupScreen._update_navigation_buttons,false,false,false
game/ui/screens/race_setup_screen.py,RaceSetupScreen._update_tab_highlighting,false,false,false
game/ui/screens/race_setup_screen.py,RaceSetupScreen._validate_for_save,true,false,false
game/ui/screens/race_setup_screen.py,RaceSetupScreen._on_tab_clicked,false,false,false
game/ui/screens/race_setup_screen.py,RaceSetupScreen._on_load_race,false,false,false
game/ui/screens/race_setup_screen.py,RaceSetupScreen._on_race_selected,false,false,false
game/ui/screens/race_setup_screen.py,RaceSetupScreen._on_race_browser_cancelled,false,false,false
game/ui/screens/race_setup_screen.py,RaceSetupScreen._populate_ui_from_config,false,false,false
game/ui/screens/race_setup_screen.py,RaceSetupScreen._on_randomize,false,false,false
game/ui/screens/race_setup_screen.py,RaceSetupScreen._randomize_identity,false,false,false
game/ui/screens/race_setup_screen.py,RaceSetupScreen._randomize_visuals,false,false,false
game/ui/screens/race_setup_screen.py,RaceSetupScreen._randomize_ships,false,false,false
game/ui/screens/race_setup_screen.py,RaceSetupScreen._randomize_environment,false,false,false
game/ui/screens/race_setup_screen.py,RaceSetupScreen._randomize_aptitudes,false,false,false
game/ui/screens/race_setup_screen.py,RaceSetupScreen._randomize_all,false,false,false
game/ui/screens/race_setup_screen.py,RaceSetupScreen._on_cancel,false,false,false
game/ui/screens/race_setup_screen.py,RaceSetupScreen._on_save,false,false,false
game/ui/screens/race_setup_screen.py,RaceSetupScreen._do_save,false,false,false
game/ui/screens/race_setup_screen.py,RaceSetupScreen._show_save_update_dialog,false,false,false
game/ui/screens/race_setup_screen.py,RaceSetupScreen._on_overwrite_save,false,false,false
game/ui/screens/race_setup_screen.py,RaceSetupScreen._on_save_as_new,false,false,false
game/ui/screens/race_setup_screen.py,RaceSetupScreen._on_save_dialog_cancel,false,false,false
game/ui/screens/race_setup_screen.py,RaceSetupScreen.update,true,false,true
game/ui/screens/race_setup_screen.py,RaceSetupScreen.kill,true,false,true
game/ui/screens/race_setup_screen.py,RaceSetupScreen.process_event,true,false,true
game/ui/screens/race_validator.py,RaceValidator.__init__,false,true,false
game/ui/screens/race_validator.py,RaceValidator.validate,true,false,true
game/ui/screens/radiation_shield_editor.py,RadiationShieldEditor.__init__,false,true,false
game/ui/screens/radiation_shield_editor.py,RadiationShieldEditor._build_ui,false,false,false
game/ui/screens/radiation_shield_editor.py,RadiationShieldEditor.update,false,false,true
game/ui/screens/radiation_shield_editor.py,RadiationShieldEditor.process_event,true,false,true
game/ui/screens/radiation_shield_editor.py,RadiationShieldEditor._on_apply,false,false,false
game/ui/screens/radiation_shield_editor.py,RadiationShieldEditor._set_auto,false,false,false
game/ui/screens/radiation_shield_editor.py,RadiationShieldEditor._get_active_race_config,false,false,false
game/ui/screens/radiation_shield_editor.py,RadiationShieldEditor._clear_target,false,false,false
game/ui/screens/save_selection_window.py,SaveSelectionWindow.__init__,false,true,false
game/ui/screens/save_selection_window.py,SaveSelectionWindow._create_ui,false,false,false
game/ui/screens/save_selection_window.py,SaveSelectionWindow._load_saves,false,false,false
game/ui/screens/save_selection_window.py,SaveSelectionWindow._refresh_list_display,false,false,false
game/ui/screens/save_selection_window.py,SaveSelectionWindow.process_event,true,false,true
game/ui/screens/save_selection_window.py,SaveSelectionWindow._handle_selection_change,false,false,false
game/ui/screens/save_selection_window.py,SaveSelectionWindow._on_load_clicked,false,false,false
game/ui/screens/save_selection_window.py,SaveSelectionWindow._on_expand_clicked,false,false,false
game/ui/screens/save_selection_window.py,SaveSelectionWindow._on_delete_clicked,false,false,false
game/ui/screens/save_selection_window.py,SaveSelectionWindow._on_cancel_clicked,false,false,false
game/ui/screens/save_selection_window.py,SaveSelectionWindow._handle_delete_confirmation,false,false,false
game/ui/screens/save_selection_window.py,SaveSelectionWindow.update,false,false,true
game/ui/screens/settings_window.py,SettingsWindow.__init__,false,true,false
game/ui/screens/settings_window.py,SettingsWindow.process_event,false,false,true
game/ui/screens/settings_window.py,SettingsWindow.update,false,false,true
game/ui/screens/settings_window.py,SettingsWindow.kill,false,false,true
game/ui/screens/setup_data_io.py,_get_ship_factory,true,false,false
game/ui/screens/setup_data_io.py,get_base_path,false,false,true
game/ui/screens/setup_data_io.py,scan_ship_designs,false,false,true
game/ui/screens/setup_data_io.py,load_ships_from_entries,false,false,true
game/ui/screens/setup_data_io.py,save_battle_setup,false,false,true
game/ui/screens/setup_data_io.py,serialize_team,false,false,true
game/ui/screens/setup_data_io.py,load_battle_setup,false,false,true
game/ui/screens/setup_data_io.py,find_design,false,false,true
game/ui/screens/setup_data_io.py,load_team,false,false,true
game/ui/screens/setup_renderer.py,draw_title,false,false,true
game/ui/screens/setup_renderer.py,draw_available_ships,false,false,true
game/ui/screens/setup_renderer.py,draw_load_save_buttons,false,false,true
game/ui/screens/setup_renderer.py,draw_team,false,false,true
game/ui/screens/setup_renderer.py,draw_action_buttons,false,false,true
game/ui/screens/setup_renderer.py,draw_ai_dropdown,false,false,true
game/ui/screens/setup_screen.py,_get_ship_factory,true,false,false
game/ui/screens/setup_screen.py,BattleSetupScreen.__init__,false,true,false
game/ui/screens/setup_screen.py,BattleSetupScreen.start,false,false,true
game/ui/screens/setup_screen.py,BattleSetupScreen.get_ships,false,false,true
game/ui/screens/setup_screen.py,BattleSetupScreen.save_setup,false,false,true
game/ui/screens/setup_screen.py,BattleSetupScreen.load_setup,false,false,true
game/ui/screens/setup_screen.py,BattleSetupScreen.get_team_display_groups,false,false,true
game/ui/screens/setup_screen.py,BattleSetupScreen.handle_event,false,false,true
game/ui/screens/setup_screen.py,BattleSetupScreen.update,false,false,true
game/ui/screens/setup_screen.py,BattleSetupScreen.handle_resize,false,false,true
game/ui/screens/setup_screen.py,BattleSetupScreen._handle_click,false,false,false
game/ui/screens/setup_screen.py,BattleSetupScreen._handle_ships_click,false,false,false
game/ui/screens/setup_screen.py,BattleSetupScreen._handle_action_buttons,false,false,false
game/ui/screens/setup_screen.py,BattleSetupScreen._trigger_start_battle,false,false,false
game/ui/screens/setup_screen.py,BattleSetupScreen._trigger_return_to_menu,false,false,false
game/ui/screens/setup_screen.py,BattleSetupScreen._handle_team_click,false,false,false
game/ui/screens/setup_screen.py,BattleSetupScreen._handle_dropdown_click,false,false,false
game/ui/screens/setup_screen.py,BattleSetupScreen.draw,false,false,true
game/ui/screens/species_selector_mixin.py,build_species_selector,true,false,true
game/ui/screens/species_selector_mixin.py,get_selected_race_id,true,false,true
game/ui/screens/species_selector_mixin.py,load_race_config,false,false,true
game/ui/screens/star_data_source.py,StarDataSource.__init__,true,true,false
game/ui/screens/star_data_source.py,StarDataSource.get_row_count,true,false,true
game/ui/screens/star_data_source.py,StarDataSource.get_columns,true,false,true
game/ui/screens/star_data_source.py,StarDataSource.get_cell_value,true,false,true
game/ui/screens/star_data_source.py,StarDataSource.get_cell_image,true,false,true
game/ui/screens/star_data_source.py,StarDataSource.get_star_at_index,true,false,true
game/ui/screens/star_data_source.py,StarDataSource.update_data,true,false,true
game/ui/screens/star_data_source.py,StarDataSource._get_column,true,false,false
game/ui/screens/star_data_source.py,StarDataSource._extract_value,true,false,false
game/ui/screens/star_data_source.py,StarDataSource._get_star_icon,true,false,false
game/ui/screens/star_data_source.py,StarDataSource._make_circle_icon,true,false,false
game/ui/screens/star_list_filter_manager.py,StarListFilterManager.__init__,true,true,false
game/ui/screens/star_list_filter_manager.py,StarListFilterManager.toggle_type,true,false,true
game/ui/screens/star_list_filter_manager.py,StarListFilterManager.set_all_types,true,false,true
game/ui/screens/star_list_filter_manager.py,StarListFilterManager.get_filter_state,true,false,true
game/ui/screens/star_list_filters.py,gather_stars,false,false,true
game/ui/screens/star_list_filters.py,filter_stars,false,false,true
game/ui/screens/star_list_filters.py,matches_filter,false,false,true
game/ui/screens/star_list_filters.py,sort_stars,false,false,true
game/ui/screens/star_list_filters.py,sort_key,false,false,true
game/ui/screens/star_list_filters.py,compute_star_ranges,false,false,true
game/ui/screens/star_list_filters.py,padded_range,false,false,true
game/ui/screens/star_list_filters.py,get_system_name,false,false,true
game/ui/screens/star_list_filters.py,get_star_type_display,false,false,true
game/ui/screens/star_list_presets.py,capture_star_list_state,false,false,true
game/ui/screens/star_list_presets.py,apply_star_list_state,false,false,true
game/ui/screens/star_list_sidebar.py,build_sidebar,false,false,true
game/ui/screens/star_list_sidebar.py,add_range,false,false,true
game/ui/screens/star_list_window.py,StarListWindow.__init__,false,true,false
game/ui/screens/star_list_window.py,StarListWindow.filter_types,false,false,true
game/ui/screens/star_list_window.py,StarListWindow.filter_types,false,false,true
game/ui/screens/star_list_window.py,StarListWindow.filter_ranges,false,false,true
game/ui/screens/star_list_window.py,StarListWindow.filter_ranges,false,false,true
game/ui/screens/star_list_window.py,StarListWindow.refresh_list,false,false,true
game/ui/screens/star_list_window.py,StarListWindow.process_event,false,false,true
game/ui/screens/star_list_window.py,StarListWindow.update,false,false,true
game/ui/screens/star_list_window.py,StarListWindow._set_all_type_filters,false,false,false
game/ui/screens/star_list_window.py,StarListWindow._toggle_type_filter,false,false,false
game/ui/screens/star_list_window.py,StarListWindow._toggle_column,false,false,false
game/ui/screens/star_list_window.py,StarListWindow._save_preset,false,false,false
game/ui/screens/star_list_window.py,StarListWindow._capture_current_state,false,false,false
game/ui/screens/star_list_window.py,StarListWindow._apply_state,false,false,false
game/ui/screens/star_list_window.py,StarListWindow._navigate_to_selected,false,false,false
game/ui/screens/star_list_window.py,StarListWindow.set_dimensions,false,false,true
game/ui/screens/star_list_window.py,StarListWindow.kill,false,false,true
game/ui/screens/strategy_build_queue_manager.py,_get_registries,true,false,false
game/ui/screens/strategy_build_queue_manager.py,StrategyBuildQueueManager.__init__,true,true,false
game/ui/screens/strategy_build_queue_manager.py,StrategyBuildQueueManager.on_build_yard_click,true,false,true
game/ui/screens/strategy_build_queue_manager.py,StrategyBuildQueueManager._on_build_queue_close,true,false,false
game/ui/screens/strategy_build_queue_manager.py,StrategyBuildQueueManager._handle_fleet_build_queue_close,true,false,false
game/ui/screens/strategy_build_queue_manager.py,StrategyBuildQueueManager.on_navigate_to_hex_build,true,false,true
game/ui/screens/strategy_build_queue_manager.py,StrategyBuildQueueManager.on_fleet_build_click,true,false,true
game/ui/screens/strategy_camera_nav.py,CameraNavigator.__init__,false,true,false
game/ui/screens/strategy_camera_nav.py,CameraNavigator.camera,false,false,true
game/ui/screens/strategy_camera_nav.py,CameraNavigator.systems,false,false,true
game/ui/screens/strategy_camera_nav.py,CameraNavigator.hex_size,false,false,true
game/ui/screens/strategy_camera_nav.py,CameraNavigator.center_on,false,false,true
game/ui/screens/strategy_camera_nav.py,CameraNavigator.center_on_hex,false,false,true
game/ui/screens/strategy_camera_nav.py,CameraNavigator._resolve_global_hex,false,false,false
game/ui/screens/strategy_camera_nav.py,CameraNavigator.zoom_to_galaxy,false,false,true
game/ui/screens/strategy_camera_nav.py,CameraNavigator.zoom_to_system,false,false,true
game/ui/screens/strategy_camera_nav.py,CameraNavigator.cycle_selection,false,false,true
game/ui/screens/strategy_click_dispatcher.py,ClickModeDispatcher.__init__,true,true,false
game/ui/screens/strategy_click_dispatcher.py,ClickModeDispatcher.scene,false,false,true
game/ui/screens/strategy_click_dispatcher.py,ClickModeDispatcher.input_mode,true,false,true
game/ui/screens/strategy_click_dispatcher.py,ClickModeDispatcher.input_mode,true,false,true
game/ui/screens/strategy_click_dispatcher.py,ClickModeDispatcher.dispatch_click,true,false,true
game/ui/screens/strategy_click_dispatcher.py,ClickModeDispatcher._handle_move_mode_click,true,false,false
game/ui/screens/strategy_click_dispatcher.py,ClickModeDispatcher.on_move,false,false,true
game/ui/screens/strategy_click_dispatcher.py,ClickModeDispatcher.on_intercept,false,false,true
game/ui/screens/strategy_click_dispatcher.py,ClickModeDispatcher._handle_join_mode_click,true,false,false
game/ui/screens/strategy_click_dispatcher.py,ClickModeDispatcher.on_fleet_selected,false,false,true
game/ui/screens/strategy_click_dispatcher.py,ClickModeDispatcher._handle_colonize_mode_click,true,false,false
game/ui/screens/strategy_click_dispatcher.py,ClickModeDispatcher.on_planet_selected,false,false,true
game/ui/screens/strategy_click_dispatcher.py,ClickModeDispatcher._handle_transfer_mode_click,true,false,false
game/ui/screens/strategy_click_dispatcher.py,ClickModeDispatcher._handle_edit_move_click,true,false,false
game/ui/screens/strategy_click_dispatcher.py,ClickModeDispatcher._handle_drop_cargo_mode_click,true,false,false
game/ui/screens/strategy_click_dispatcher.py,ClickModeDispatcher._handle_load_cargo_mode_click,true,false,false
game/ui/screens/strategy_click_dispatcher.py,ClickModeDispatcher._handle_warp_target_click,true,false,false
game/ui/screens/strategy_click_dispatcher.py,ClickModeDispatcher._handle_implode_planet_click,true,false,false
game/ui/screens/strategy_click_dispatcher.py,ClickModeDispatcher._handle_stellerate_star_click,true,false,false
game/ui/screens/strategy_click_dispatcher.py,ClickModeDispatcher._handle_open_warp_click,true,false,false
game/ui/screens/strategy_click_dispatcher.py,ClickModeDispatcher._handle_close_warp_click,true,false,false
game/ui/screens/strategy_click_dispatcher.py,ClickModeDispatcher._handle_dyson_sphere_click,true,false,false
game/ui/screens/strategy_click_dispatcher.py,ClickModeDispatcher._handle_select_mode_click,true,false,false
game/ui/screens/strategy_click_dispatcher.py,ClickModeDispatcher.on_move,false,false,true
game/ui/screens/strategy_click_dispatcher.py,ClickModeDispatcher.on_intercept,false,false,true
game/ui/screens/strategy_click_dispatcher.py,ClickModeDispatcher._hit_test_planets,true,false,false
game/ui/screens/strategy_click_dispatcher.py,ClickModeDispatcher._resolve_click_target,false,false,false
game/ui/screens/strategy_click_dispatcher.py,ClickModeDispatcher._handle_picking,true,false,false
game/ui/screens/strategy_colonization.py,ColonizationSystem.__init__,false,true,false
game/ui/screens/strategy_colonization.py,ColonizationSystem.systems,false,false,true
game/ui/screens/strategy_colonization.py,ColonizationSystem.camera,false,false,true
game/ui/screens/strategy_colonization.py,ColonizationSystem.hex_size,false,false,true
game/ui/screens/strategy_colonization.py,ColonizationSystem.on_colonize_click,false,false,true
game/ui/screens/strategy_colonization.py,ColonizationSystem.issue_colonize_order,false,false,true
game/ui/screens/strategy_colonization.py,ColonizationSystem.handle_colonize_designation,false,false,true
game/ui/screens/strategy_colonization.py,ColonizationSystem.queue_colonize_mission,false,false,true
game/ui/screens/strategy_colonization.py,ColonizationSystem.request_colonize_order,false,false,true
game/ui/screens/strategy_colonization.py,ColonizationSystem._get_system_at_hex,false,false,false
game/ui/screens/strategy_colonization.py,ColonizationSystem._resolve_planet_global_hex,false,false,false
game/ui/screens/strategy_detail_fmt.py,_happiness_category,true,false,false
game/ui/screens/strategy_detail_fmt.py,format_spectrum_html,true,false,true
game/ui/screens/strategy_detail_fmt.py,format_atmosphere_raw,true,false,true
game/ui/screens/strategy_detail_fmt.py,format_uncolonized_habitability_for_empire,true,false,true
game/ui/screens/strategy_detail_fmt.py,format_planet_info,true,false,true
game/ui/screens/strategy_detail_fmt.py,_planet_has_shield_facility,true,false,false
game/ui/screens/strategy_detail_fmt.py,_get_system_ability_status,true,false,false
game/ui/screens/strategy_detail_fmt.py,_get_ability_status_text,true,false,false
game/ui/screens/strategy_detail_fmt.py,_planet_has_ability_facility,true,false,false
game/ui/screens/strategy_detail_fmt.py,format_star_system_info,true,false,true
game/ui/screens/strategy_detail_fmt.py,format_star_info,true,false,true
game/ui/screens/strategy_detail_fmt.py,_format_ship_groups,true,false,false
game/ui/screens/strategy_detail_fmt.py,_format_cargo_summary,true,false,false
game/ui/screens/strategy_detail_fmt.py,_format_orders,true,false,false
game/ui/screens/strategy_detail_fmt.py,format_fleet_info,true,false,true
game/ui/screens/strategy_detail_fmt.py,get_label_for_object,true,false,true
game/ui/screens/strategy_detail_formatter.py,StrategyDetailFormatter.__init__,false,true,false
game/ui/screens/strategy_detail_formatter.py,StrategyDetailFormatter.__getattr__,false,true,false
game/ui/screens/strategy_detail_formatter.py,StrategyDetailFormatter._get_label_for_obj,true,false,false
game/ui/screens/strategy_detail_formatter.py,StrategyDetailFormatter._format_spectrum,true,false,false
game/ui/screens/strategy_detail_formatter.py,StrategyDetailFormatter._format_atmosphere_raw,true,false,false
game/ui/screens/strategy_detail_formatter.py,StrategyDetailFormatter.compute_planet_production,true,false,true
game/ui/screens/strategy_detail_formatter.py,StrategyDetailFormatter.show_raw_data_popup,true,false,true
game/ui/screens/strategy_detail_formatter.py,StrategyDetailFormatter.show_detailed_report,true,false,true
game/ui/screens/strategy_detail_formatter.py,StrategyDetailFormatter._format_star_system,true,false,false
game/ui/screens/strategy_detail_formatter.py,StrategyDetailFormatter._format_star,true,false,false
game/ui/screens/strategy_detail_formatter.py,StrategyDetailFormatter._show_planet_report,true,false,false
game/ui/screens/strategy_detail_formatter.py,StrategyDetailFormatter._planet_has_atmosphere_modifier,true,false,false
game/ui/screens/strategy_detail_formatter.py,StrategyDetailFormatter._planet_has_gravity_modifier,true,false,false
game/ui/screens/strategy_detail_formatter.py,StrategyDetailFormatter._planet_has_water_modifier,true,false,false
game/ui/screens/strategy_detail_formatter.py,StrategyDetailFormatter._planet_has_radiation_shield,true,false,false
game/ui/screens/strategy_detail_formatter.py,StrategyDetailFormatter._planet_has_ability,true,false,false
game/ui/screens/strategy_detail_formatter.py,StrategyDetailFormatter._layout_action_buttons,false,false,false
game/ui/screens/strategy_detail_formatter.py,StrategyDetailFormatter._format_sector_environment,true,false,false
game/ui/screens/strategy_detail_formatter.py,StrategyDetailFormatter._format_fleet,true,false,false
game/ui/screens/strategy_detail_formatter.py,StrategyDetailFormatter._format_warp_point,true,false,false
game/ui/screens/strategy_detail_formatter.py,StrategyDetailFormatter._format_storm,true,false,false
game/ui/screens/strategy_detail_formatter.py,StrategyDetailFormatter.update_screen_size,true,false,true
game/ui/screens/strategy_detail_formatter.py,StrategyDetailFormatter.update_graph_rect,true,false,true
game/ui/screens/strategy_detail_formatter.py,StrategyDetailFormatter.update_graphs,true,false,true
game/ui/screens/strategy_event_router.py,StrategyEventRouter.__init__,false,true,false
game/ui/screens/strategy_event_router.py,StrategyEventRouter.has_modal_open,true,false,true
game/ui/screens/strategy_event_router.py,StrategyEventRouter.on_ui_selection,true,false,true
game/ui/screens/strategy_event_router.py,StrategyEventRouter.route_event,true,false,true
game/ui/screens/strategy_event_router.py,StrategyEventRouter._handle_button_pressed,true,false,false
game/ui/screens/strategy_event_router.py,StrategyEventRouter._open_atmosphere_editor,true,false,false
game/ui/screens/strategy_event_router.py,StrategyEventRouter.on_apply,false,false,true
game/ui/screens/strategy_event_router.py,StrategyEventRouter._open_gravity_editor,true,false,false
game/ui/screens/strategy_event_router.py,StrategyEventRouter.on_apply,false,false,true
game/ui/screens/strategy_event_router.py,StrategyEventRouter._open_water_editor,true,false,false
game/ui/screens/strategy_event_router.py,StrategyEventRouter.on_apply,false,false,true
game/ui/screens/strategy_event_router.py,StrategyEventRouter._open_radiation_shield_editor,true,false,false
game/ui/screens/strategy_event_router.py,StrategyEventRouter.on_apply,false,false,true
game/ui/screens/strategy_event_router.py,StrategyEventRouter._open_food_allocation_editor,true,false,false
game/ui/screens/strategy_event_router.py,StrategyEventRouter.resolve_race,false,false,true
game/ui/screens/strategy_event_router.py,StrategyEventRouter.on_apply,false,false,true
game/ui/screens/strategy_event_router.py,StrategyEventRouter._get_race_config,false,false,false
game/ui/screens/strategy_event_router.py,StrategyEventRouter._handle_colonize_button,true,false,false
game/ui/screens/strategy_event_router.py,StrategyEventRouter.on_planet_selected,false,false,true
game/ui/screens/strategy_event_router.py,StrategyEventRouter._handle_window_close,true,false,false
game/ui/screens/strategy_event_router.py,StrategyEventRouter.process_custom_events,true,false,true
game/ui/screens/strategy_event_router.py,StrategyEventRouter.handle_click,true,false,true
game/ui/screens/strategy_event_router.py,StrategyEventRouter._is_blocking_ui_element_at,true,false,false
game/ui/screens/strategy_fleet_command_router.py,FleetCommandRouter.__init__,true,true,false
game/ui/screens/strategy_fleet_command_router.py,FleetCommandRouter.scene,false,false,true
game/ui/screens/strategy_fleet_command_router.py,FleetCommandRouter.input_mode,true,false,true
game/ui/screens/strategy_fleet_command_router.py,FleetCommandRouter.input_mode,true,false,true
game/ui/screens/strategy_fleet_command_router.py,FleetCommandRouter.handle_fleet_action,true,false,true
game/ui/screens/strategy_fleet_command_router.py,FleetCommandRouter.handle_superweapon_action,true,false,true
game/ui/screens/strategy_fleet_command_router.py,FleetCommandRouter.handle_detail_action,true,false,true
game/ui/screens/strategy_fleet_command_router.py,FleetCommandRouter._handle_ability_toggle,true,false,false
game/ui/screens/strategy_fleet_command_router.py,FleetCommandRouter.finish_move_action,true,false,true
game/ui/screens/strategy_fleet_ops.py,FleetOperations.__init__,false,true,false
game/ui/screens/strategy_fleet_ops.py,FleetOperations.camera,false,false,true
game/ui/screens/strategy_fleet_ops.py,FleetOperations.empires,false,false,true
game/ui/screens/strategy_fleet_ops.py,FleetOperations.hex_size,false,false,true
game/ui/screens/strategy_fleet_ops.py,FleetOperations.get_fleet_at_hex,true,false,true
game/ui/screens/strategy_fleet_ops.py,FleetOperations.handle_move_designation,false,false,true
game/ui/screens/strategy_fleet_ops.py,FleetOperations.execute_move,false,false,true
game/ui/screens/strategy_fleet_ops.py,FleetOperations.execute_intercept,false,false,true
game/ui/screens/strategy_fleet_ops.py,FleetOperations.handle_join_designation,false,false,true
game/ui/screens/strategy_fleet_ops.py,FleetOperations.execute_join,false,false,true
game/ui/screens/strategy_game_state_manager.py,StrategyGameStateManager.__init__,true,true,false
game/ui/screens/strategy_game_state_manager.py,StrategyGameStateManager.advance_turn,true,false,true
game/ui/screens/strategy_game_state_manager.py,StrategyGameStateManager._process_full_turn,true,false,false
game/ui/screens/strategy_game_state_manager.py,StrategyGameStateManager._update_player_label,true,false,false
game/ui/screens/strategy_input_handler.py,StrategyInputHandler.__init__,false,true,false
game/ui/screens/strategy_input_handler.py,StrategyInputHandler.handle_event,false,false,true
game/ui/screens/strategy_input_handler.py,StrategyInputHandler._handle_button_press,false,false,false
game/ui/screens/strategy_input_handler.py,StrategyInputHandler._handle_keydown,false,false,false
game/ui/screens/strategy_input_handler.py,StrategyInputHandler._handle_keydown_mapped,false,false,false
game/ui/screens/strategy_input_handler.py,StrategyInputHandler.handle_click,false,false,true
game/ui/screens/strategy_input_handler.py,StrategyInputHandler._handle_scroll,false,false,false
game/ui/screens/strategy_input_handler.py,StrategyInputHandler.update_input,false,false,true
game/ui/screens/strategy_menu_panel.py,StrategyMenuPanel.__init__,false,true,false
game/ui/screens/strategy_menu_panel.py,StrategyMenuPanel._create_buttons,true,false,false
game/ui/screens/strategy_menu_panel.py,StrategyMenuPanel.process_event,true,false,true
game/ui/screens/strategy_menu_panel.py,StrategyMenuPanel.get_option_buttons,true,false,true
game/ui/screens/strategy_panel_manager.py,create_strategy_panels,true,false,true
game/ui/screens/strategy_panel_manager.py,resize_strategy_panels,true,false,true
game/ui/screens/strategy_panel_manager.py,apply_hotkey_tooltips,true,false,true
game/ui/screens/strategy_renderer.py,StrategyRenderer.__init__,false,true,false
game/ui/screens/strategy_renderer.py,StrategyRenderer._load_background,true,false,false
game/ui/screens/strategy_renderer.py,StrategyRenderer._draw_background,true,false,false
game/ui/screens/strategy_renderer.py,StrategyRenderer.update,true,false,true
game/ui/screens/strategy_renderer.py,StrategyRenderer._get_font,false,false,false
game/ui/screens/strategy_renderer.py,StrategyRenderer.camera,false,false,true
game/ui/screens/strategy_renderer.py,StrategyRenderer.galaxy,false,false,true
game/ui/screens/strategy_renderer.py,StrategyRenderer.systems,false,false,true
game/ui/screens/strategy_renderer.py,StrategyRenderer.empires,false,false,true
game/ui/screens/strategy_renderer.py,StrategyRenderer.hex_size,false,false,true
game/ui/screens/strategy_renderer.py,StrategyRenderer.screen_width,false,false,true
game/ui/screens/strategy_renderer.py,StrategyRenderer.screen_height,false,false,true
game/ui/screens/strategy_renderer.py,StrategyRenderer.SIDEBAR_WIDTH,false,false,true
game/ui/screens/strategy_renderer.py,StrategyRenderer._hex_radius_to_screen,true,false,false
game/ui/screens/strategy_renderer.py,StrategyRenderer.TOP_BAR_HEIGHT,false,false,true
game/ui/screens/strategy_renderer.py,StrategyRenderer.empire_assets,false,false,true
game/ui/screens/strategy_renderer.py,StrategyRenderer.draw,false,false,true
game/ui/screens/strategy_renderer.py,StrategyRenderer._draw_move_preview,false,false,false
game/ui/screens/strategy_renderer.py,StrategyRenderer._draw_ghost_hex,false,false,false
game/ui/screens/strategy_renderer.py,StrategyRenderer._draw_hover_hex,false,false,false
game/ui/screens/strategy_renderer.py,StrategyRenderer._build_hex_outline_data,false,false,false
game/ui/screens/strategy_renderer.py,StrategyRenderer._get_hex_outline_data,false,false,false
game/ui/screens/strategy_renderer.py,StrategyRenderer._draw_hex_outlines,false,false,false
game/ui/screens/strategy_renderer.py,StrategyRenderer._draw_inner_hex,false,false,false
game/ui/screens/strategy_renderer.py,StrategyRenderer._draw_grid,false,false,false
game/ui/screens/strategy_renderer.py,StrategyRenderer._draw_warp_lanes,false,false,false
game/ui/screens/strategy_renderer.py,StrategyRenderer.is_on_screen,false,false,true
game/ui/screens/strategy_renderer.py,StrategyRenderer._draw_systems,false,false,false
game/ui/screens/strategy_renderer.py,StrategyRenderer._load_star_image,true,false,false
game/ui/screens/strategy_renderer.py,StrategyRenderer._draw_colony_marker,false,false,false
game/ui/screens/strategy_renderer.py,StrategyRenderer._draw_star,false,false,false
game/ui/screens/strategy_renderer.py,StrategyRenderer._draw_system_details,false,false,false
game/ui/screens/strategy_renderer.py,StrategyRenderer._draw_dyson_spheres,false,false,false
game/ui/screens/strategy_renderer.py,StrategyRenderer._draw_storms,false,false,false
game/ui/screens/strategy_renderer.py,StrategyRenderer._draw_storms_low_detail,false,false,false
game/ui/screens/strategy_renderer.py,StrategyRenderer._draw_planet_sprite,false,false,false
game/ui/screens/strategy_renderer.py,StrategyRenderer._load_planet_v3_image,false,false,false
game/ui/screens/strategy_renderer.py,StrategyRenderer._load_dyson_sphere_image,false,false,false
game/ui/screens/strategy_renderer.py,StrategyRenderer._draw_fleets,false,false,false
game/ui/screens/strategy_renderer.py,StrategyRenderer._draw_fleet_path,false,false,false
game/ui/screens/strategy_renderer.py,StrategyRenderer.draw_processing_overlay,false,false,true
game/ui/screens/strategy_screen.py,StrategyScreen.__init__,false,true,false
game/ui/screens/strategy_screen.py,StrategyScreen.galaxy,false,false,true
game/ui/screens/strategy_screen.py,StrategyScreen.empires,false,false,true
game/ui/screens/strategy_screen.py,StrategyScreen.systems,false,false,true
game/ui/screens/strategy_screen.py,StrategyScreen.player_empire,false,false,true
game/ui/screens/strategy_screen.py,StrategyScreen.enemy_empire,false,false,true
game/ui/screens/strategy_screen.py,StrategyScreen.human_player_ids,false,false,true
game/ui/screens/strategy_screen.py,StrategyScreen.current_empire,false,false,true
game/ui/screens/strategy_screen.py,StrategyScreen.facade,false,false,true
game/ui/screens/strategy_screen.py,StrategyScreen.input_mode,false,false,true
game/ui/screens/strategy_screen.py,StrategyScreen.input_mode,false,false,true
game/ui/screens/strategy_screen.py,StrategyScreen.update,false,false,true
game/ui/screens/strategy_screen.py,StrategyScreen.draw,false,false,true
game/ui/screens/strategy_screen.py,StrategyScreen.handle_resize,false,false,true
game/ui/screens/strategy_screen.py,StrategyScreen.handle_event,false,false,true
game/ui/screens/strategy_screen.py,StrategyScreen.handle_click,false,false,true
game/ui/screens/strategy_screen.py,StrategyScreen.update_input,false,false,true
game/ui/screens/strategy_screen.py,StrategyScreen.center_camera_on,false,false,true
game/ui/screens/strategy_screen.py,StrategyScreen.cycle_selection,false,false,true
game/ui/screens/strategy_screen.py,StrategyScreen.on_colonize_click,false,false,true
game/ui/screens/strategy_screen.py,StrategyScreen._on_colonize_planet_selected,false,false,false
game/ui/screens/strategy_screen.py,StrategyScreen.request_colonize_order,false,false,true
game/ui/screens/strategy_screen.py,StrategyScreen.on_edit_order,false,false,true
game/ui/screens/strategy_screen.py,StrategyScreen._start_edit_move,false,false,false
game/ui/screens/strategy_screen.py,StrategyScreen.complete_edit_move,false,false,true
game/ui/screens/strategy_screen.py,StrategyScreen._start_edit_transfer,false,false,false
game/ui/screens/strategy_screen.py,StrategyScreen.advance_turn,false,false,true
game/ui/screens/strategy_screen.py,StrategyScreen.on_ui_selection,false,false,true
game/ui/screens/strategy_screen.py,StrategyScreen.on_build_yard_click,false,false,true
game/ui/screens/strategy_screen.py,StrategyScreen.on_navigate_to_hex_build,false,false,true
game/ui/screens/strategy_screen.py,StrategyScreen.on_fleet_build_click,false,false,true
game/ui/screens/strategy_screen.py,StrategyScreen.on_design_click,false,false,true
game/ui/screens/strategy_screen.py,StrategyScreen.on_menu_option,false,false,true
game/ui/screens/strategy_screen.py,StrategyScreen._show_load_game_dialog,false,false,false
game/ui/screens/strategy_screen.py,StrategyScreen._on_load_selected,false,false,false
game/ui/screens/strategy_screen.py,StrategyScreen._confirm_quit_to_menu,false,false,false
game/ui/screens/strategy_screen.py,StrategyScreen._handle_quit_confirmed,false,false,false
game/ui/screens/strategy_screen.py,StrategyScreen._show_coming_soon,false,false,false
game/ui/screens/strategy_screen.py,StrategyScreen.on_save_game_click,false,false,true
game/ui/screens/strategy_screen.py,StrategyScreen.calculate_hybrid_path,false,false,true
game/ui/screens/strategy_screen.py,StrategyScreen._get_system_at_hex,false,false,false
game/ui/screens/strategy_screen.py,StrategyScreen._find_nearest_system,false,false,false
game/ui/screens/strategy_screen.py,StrategyScreen._focus_on_player_home,false,false,false
game/ui/screens/strategy_screen.py,StrategyScreen._load_assets,false,false,false
game/ui/screens/strategy_screen.py,StrategyScreen._get_object_asset,false,false,false
game/ui/screens/strategy_superweapons.py,SuperweaponOperations.__init__,false,true,false
game/ui/screens/strategy_superweapons.py,SuperweaponOperations.systems,false,false,true
game/ui/screens/strategy_superweapons.py,SuperweaponOperations.camera,false,false,true
game/ui/screens/strategy_superweapons.py,SuperweaponOperations.hex_size,false,false,true
game/ui/screens/strategy_superweapons.py,SuperweaponOperations.galaxy,false,false,true
game/ui/screens/strategy_superweapons.py,SuperweaponOperations.handle_implode_planet_designation,true,false,true
game/ui/screens/strategy_superweapons.py,SuperweaponOperations.on_selected,false,false,true
game/ui/screens/strategy_superweapons.py,SuperweaponOperations._queue_implode_planet,true,false,false
game/ui/screens/strategy_superweapons.py,SuperweaponOperations.on_confirm,false,false,true
game/ui/screens/strategy_superweapons.py,SuperweaponOperations.handle_stellerate_star_designation,true,false,true
game/ui/screens/strategy_superweapons.py,SuperweaponOperations.on_confirm,false,false,true
game/ui/screens/strategy_superweapons.py,SuperweaponOperations.handle_open_warp_designation,true,false,true
game/ui/screens/strategy_superweapons.py,SuperweaponOperations.on_system_selected,false,false,true
game/ui/screens/strategy_superweapons.py,SuperweaponOperations.handle_close_warp_designation,true,false,true
game/ui/screens/strategy_superweapons.py,SuperweaponOperations.on_confirm,false,false,true
game/ui/screens/strategy_superweapons.py,SuperweaponOperations.handle_dyson_sphere_designation,true,false,true
game/ui/screens/strategy_superweapons.py,SuperweaponOperations.on_confirm,false,false,true
game/ui/screens/strategy_superweapons.py,SuperweaponOperations.handle_self_destruct,true,false,true
game/ui/screens/strategy_superweapons.py,SuperweaponOperations.on_ships_selected,false,false,true
game/ui/screens/strategy_superweapons.py,SuperweaponOperations._get_system_at_hex,false,false,false
game/ui/screens/strategy_superweapons.py,SuperweaponOperations._get_warp_point_at_hex,false,false,false
game/ui/screens/strategy_superweapons.py,SuperweaponOperations._show_confirmation,false,false,false
game/ui/screens/strategy_superweapons.py,SuperweaponOperations._show_system_picker,false,false,false
game/ui/screens/strategy_superweapons.py,SuperweaponOperations._show_ship_picker,false,false,false
game/ui/screens/strategy_ui.py,StrategyUI.__init__,false,true,false
game/ui/screens/strategy_ui.py,StrategyUI.__getattr__,false,true,false
game/ui/screens/strategy_ui.py,StrategyUI._apply_hotkey_tooltips,true,false,false
game/ui/screens/strategy_ui.py,StrategyUI.toggle_menu_panel,false,false,true
game/ui/screens/strategy_ui.py,StrategyUI.open_menu_panel,false,false,true
game/ui/screens/strategy_ui.py,StrategyUI.close_menu_panel,false,false,true
game/ui/screens/strategy_ui.py,StrategyUI._on_menu_option_selected,false,false,false
game/ui/screens/strategy_ui.py,StrategyUI.hide_ui,false,false,true
game/ui/screens/strategy_ui.py,StrategyUI.show_ui,false,false,true
game/ui/screens/strategy_ui.py,StrategyUI.handle_resize,false,false,true
game/ui/screens/strategy_ui.py,StrategyUI.show_system_info,false,false,true
game/ui/screens/strategy_ui.py,StrategyUI.show_sector_info,false,false,true
game/ui/screens/strategy_ui.py,StrategyUI._get_label_for_obj,false,false,false
game/ui/screens/strategy_ui.py,StrategyUI._get_object_asset,false,false,false
game/ui/screens/strategy_ui.py,StrategyUI._format_spectrum,false,false,false
game/ui/screens/strategy_ui.py,StrategyUI._compute_planet_production,true,false,false
game/ui/screens/strategy_ui.py,StrategyUI.show_raw_data_popup,false,false,true
game/ui/screens/strategy_ui.py,StrategyUI.show_detailed_report,false,false,true
game/ui/screens/strategy_ui.py,StrategyUI._format_atmosphere_raw,false,false,false
game/ui/screens/strategy_ui.py,StrategyUI._update_resource_display,false,false,false
game/ui/screens/strategy_ui.py,StrategyUI.update,false,false,true
game/ui/screens/strategy_ui.py,StrategyUI.draw,false,false,true
game/ui/screens/strategy_ui.py,StrategyUI._has_modal_open,true,false,false
game/ui/screens/strategy_ui.py,StrategyUI.on_ui_selection,false,false,true
game/ui/screens/strategy_ui.py,StrategyUI.handle_event,false,false,true
game/ui/screens/strategy_ui.py,StrategyUI.handle_click,false,false,true
game/ui/screens/strategy_ui.py,StrategyUI.prompt_planet_selection,false,false,true
game/ui/screens/strategy_ui.py,StrategyUI.prompt_fleet_selection,false,false,true
game/ui/screens/strategy_ui.py,StrategyUI.show_system_picker,false,false,true
game/ui/screens/strategy_ui.py,StrategyUI.prompt_move_choice,false,false,true
game/ui/screens/strategy_ui.py,StrategyUI.open_planet_list,false,false,true
game/ui/screens/strategy_ui.py,StrategyUI.open_star_list,false,false,true
game/ui/screens/strategy_ui.py,StrategyUI.open_build_queue_list,false,false,true
game/ui/screens/strategy_ui.py,StrategyUI.open_empire_build_queue_window,false,false,true
game/ui/screens/strategy_ui.py,StrategyUI.close_empire_build_queue_window,false,false,true
game/ui/screens/strategy_ui.py,StrategyUI.open_event_log,false,false,true
game/ui/screens/strategy_ui.py,StrategyUI.open_event_log_with_events,false,false,true
game/ui/screens/strategy_ui.py,StrategyUI.open_orders_window,false,false,true
game/ui/screens/strategy_ui.py,StrategyUI.open_fleet_report_window,false,false,true
game/ui/screens/strategy_ui.py,StrategyUI.open_transfer_dialog,false,false,true
game/ui/screens/strategy_ui.py,StrategyUI.open_cargo_quick_dialog,false,false,true
game/ui/screens/strategy_ui.py,StrategyUI.open_planet_abilities_window,false,false,true
game/ui/screens/strategy_ui.py,StrategyUI.open_empire_panel,false,false,true
game/ui/screens/strategy_ui.py,StrategyUI.show_confirmation_dialog,false,false,true
game/ui/screens/strategy_ui.py,StrategyUI.show_ship_picker,false,false,true
game/ui/screens/strategy_ui_action_router.py,UIActionRouter.__init__,true,true,false
game/ui/screens/strategy_ui_action_router.py,UIActionRouter.scene,false,false,true
game/ui/screens/strategy_ui_action_router.py,UIActionRouter.handle_ui_action,true,false,true
game/ui/screens/strategy_window_manager.py,StrategyWindowManager.__init__,false,true,false
game/ui/screens/strategy_window_manager.py,StrategyWindowManager.handle_resize,true,false,true
game/ui/screens/strategy_window_manager.py,StrategyWindowManager.open_planet_list,true,false,true
game/ui/screens/strategy_window_manager.py,StrategyWindowManager._on_planet_list_closed,true,false,false
game/ui/screens/strategy_window_manager.py,StrategyWindowManager._on_planet_navigate,true,false,false
game/ui/screens/strategy_window_manager.py,StrategyWindowManager.open_star_list,true,false,true
game/ui/screens/strategy_window_manager.py,StrategyWindowManager._on_star_list_closed,true,false,false
game/ui/screens/strategy_window_manager.py,StrategyWindowManager._on_star_navigate,true,false,false
game/ui/screens/strategy_window_manager.py,StrategyWindowManager._navigate_camera_to,true,false,false
game/ui/screens/strategy_window_manager.py,StrategyWindowManager.open_build_queue_list,true,false,true
game/ui/screens/strategy_window_manager.py,StrategyWindowManager._on_build_queue_list_closed,true,false,false
game/ui/screens/strategy_window_manager.py,StrategyWindowManager.open_empire_build_queue_window,true,false,true
game/ui/screens/strategy_window_manager.py,StrategyWindowManager.close_empire_build_queue_window,true,false,true
game/ui/screens/strategy_window_manager.py,StrategyWindowManager._on_empire_build_queue_closed,true,false,false
game/ui/screens/strategy_window_manager.py,StrategyWindowManager.open_event_log,true,false,true
game/ui/screens/strategy_window_manager.py,StrategyWindowManager.open_event_log_with_events,true,false,true
game/ui/screens/strategy_window_manager.py,StrategyWindowManager._on_event_log_navigate,true,false,false
game/ui/screens/strategy_window_manager.py,StrategyWindowManager._on_event_log_closed,true,false,false
game/ui/screens/strategy_window_manager.py,StrategyWindowManager.open_empire_panel,true,false,true
game/ui/screens/strategy_window_manager.py,StrategyWindowManager._on_empire_panel_closed,true,false,false
game/ui/screens/strategy_window_manager.py,StrategyWindowManager.open_settings,true,false,true
game/ui/screens/strategy_window_manager.py,StrategyWindowManager._on_settings_closed,true,false,false
game/ui/screens/strategy_window_manager.py,StrategyWindowManager.open_orders_window,true,false,true
game/ui/screens/strategy_window_manager.py,StrategyWindowManager.clear_orders_callback,true,false,true
game/ui/screens/strategy_window_manager.py,StrategyWindowManager.delete_order_callback,true,false,true
game/ui/screens/strategy_window_manager.py,StrategyWindowManager.reorder_order_callback,true,false,true
game/ui/screens/strategy_window_manager.py,StrategyWindowManager.clear_orders_callback,true,false,true
game/ui/screens/strategy_window_manager.py,StrategyWindowManager.delete_order_callback,true,false,true
game/ui/screens/strategy_window_manager.py,StrategyWindowManager.reorder_order_callback,true,false,true
game/ui/screens/strategy_window_manager.py,StrategyWindowManager.edit_order_callback,true,false,true
game/ui/screens/strategy_window_manager.py,StrategyWindowManager.open_fleet_report_window,true,false,true
game/ui/screens/strategy_window_manager.py,StrategyWindowManager.split_fleet_callback,false,false,true
game/ui/screens/strategy_window_manager.py,StrategyWindowManager._on_fleet_report_closed,true,false,false
game/ui/screens/strategy_window_manager.py,StrategyWindowManager.open_transfer_dialog,true,false,true
game/ui/screens/strategy_window_manager.py,StrategyWindowManager.open_cargo_quick_dialog,true,false,true
game/ui/screens/strategy_window_manager.py,StrategyWindowManager.prompt_planet_selection,true,false,true
game/ui/screens/strategy_window_manager.py,StrategyWindowManager.open_planet_abilities_window,true,false,true
game/ui/screens/strategy_window_manager.py,StrategyWindowManager._open_planet_editor,true,false,false
game/ui/screens/strategy_window_manager.py,StrategyWindowManager.open_system_selection,true,false,true
game/ui/screens/strategy_window_manager.py,StrategyWindowManager.prompt_fleet_selection,true,false,true
game/ui/screens/strategy_window_manager.py,StrategyWindowManager.prompt_move_choice,true,false,true
game/ui/screens/strategy_window_manager.py,StrategyWindowManager.process_ui_callbacks,true,false,true
game/ui/screens/strategy_window_manager.py,StrategyWindowManager.show_confirmation_dialog,true,false,true
game/ui/screens/strategy_window_manager.py,StrategyWindowManager.process_confirmation_event,true,false,true
game/ui/screens/strategy_window_manager.py,StrategyWindowManager.show_ship_picker,true,false,true
game/ui/screens/system_selection_window.py,SystemSelectionWindow.__init__,false,true,false
game/ui/screens/system_selection_window.py,SystemSelectionWindow.update,false,false,true
game/ui/screens/test_lab/component_dropdown.py,ComponentDropdown.__init__,false,true,false
game/ui/screens/test_lab/component_dropdown.py,ComponentDropdown.handle_click,false,false,true
game/ui/screens/test_lab/component_dropdown.py,ComponentDropdown.handle_hover,false,false,true
game/ui/screens/test_lab/component_dropdown.py,ComponentDropdown.get_selected_component_id,false,false,true
game/ui/screens/test_lab/component_dropdown.py,ComponentDropdown.draw,false,false,true
game/ui/screens/test_lab/data_extractor.py,get_test_data_dir,false,false,true
game/ui/screens/test_lab/data_extractor.py,TestLabDataExtractor.__init__,false,true,false
game/ui/screens/test_lab/data_extractor.py,TestLabDataExtractor.extract_ships,false,false,true
game/ui/screens/test_lab/data_extractor.py,TestLabDataExtractor._extract_component_ids,false,false,false
game/ui/screens/test_lab/data_extractor.py,TestLabDataExtractor.load_component,false,false,true
game/ui/screens/test_lab/data_extractor.py,TestLabDataExtractor.get_components_cache,false,false,true
game/ui/screens/test_lab/dialogs.py,JSONPopup.__init__,false,true,false
game/ui/screens/test_lab/dialogs.py,JSONPopup.close,false,false,true
game/ui/screens/test_lab/dialogs.py,JSONPopup.handle_event,false,false,true
game/ui/screens/test_lab/dialogs.py,JSONPopup.draw,false,false,true
game/ui/screens/test_lab/dialogs.py,ConfirmationDialog.__init__,false,true,false
game/ui/screens/test_lab/dialogs.py,ConfirmationDialog._handle_confirm,false,false,false
game/ui/screens/test_lab/dialogs.py,ConfirmationDialog._handle_cancel,false,false,false
game/ui/screens/test_lab/dialogs.py,ConfirmationDialog._kill_buttons,false,false,false
game/ui/screens/test_lab/dialogs.py,ConfirmationDialog.handle_event,false,false,true
game/ui/screens/test_lab/dialogs.py,ConfirmationDialog.draw,false,false,true
game/ui/screens/test_lab/formatting_utils.py,format_value,true,false,true
game/ui/screens/test_lab/formatting_utils.py,_format_float,true,false,false
game/ui/screens/test_lab/panel_manager.py,TestLabPanelManager.__init__,false,true,false
game/ui/screens/test_lab/panel_manager.py,TestLabPanelManager.create_ship_panels,true,false,true
game/ui/screens/test_lab/panel_manager.py,TestLabPanelManager.create_results_panel,true,false,true
game/ui/screens/test_lab/panel_manager.py,TestLabPanelManager.create_ui_buttons,true,false,true
game/ui/screens/test_lab/renderer.py,TestLabRenderer.__init__,false,true,false
game/ui/screens/test_lab/renderer.py,TestLabRenderer.draw,true,false,true
game/ui/screens/test_lab/renderer.py,TestLabRenderer._draw_header,true,false,false
game/ui/screens/test_lab/renderer.py,TestLabRenderer._draw_header_seed_controls,true,false,false
game/ui/screens/test_lab/renderer.py,TestLabRenderer._draw_category_sidebar,true,false,false
game/ui/screens/test_lab/renderer.py,TestLabRenderer._draw_tag_filters,true,false,false
game/ui/screens/test_lab/renderer.py,TestLabRenderer._draw_test_list,true,false,false
game/ui/screens/test_lab/renderer.py,TestLabRenderer._draw_test_list_scrollbar,true,false,false
game/ui/screens/test_lab/renderer.py,TestLabRenderer._draw_metadata_panel,true,false,false
game/ui/screens/test_lab/renderer.py,TestLabRenderer._draw_section,true,false,false
game/ui/screens/test_lab/renderer.py,TestLabRenderer._draw_section_wrapped,true,false,false
game/ui/screens/test_lab/renderer.py,TestLabRenderer._draw_bullet_list,true,false,false
game/ui/screens/test_lab/renderer.py,TestLabRenderer._is_condition_verified,true,false,false
game/ui/screens/test_lab/renderer.py,TestLabRenderer._draw_wrapped_text,true,false,false
game/ui/screens/test_lab/renderer.py,TestLabRenderer._draw_validation_section,true,false,false
game/ui/screens/test_lab/renderer.py,TestLabRenderer._draw_validation_check_compact,true,false,false
game/ui/screens/test_lab/renderer.py,TestLabRenderer._format_check_pair,false,false,false
game/ui/screens/test_lab/renderer.py,TestLabRenderer._draw_validation_flag,true,false,false
game/ui/screens/test_lab/renderer.py,TestLabRenderer._draw_output_log,true,false,false
game/ui/screens/test_lab/results_panel.py,ResultsPanel.__init__,false,true,false
game/ui/screens/test_lab/results_panel.py,ResultsPanel.set_details_panel,false,false,true
game/ui/screens/test_lab/results_panel.py,ResultsPanel.set_test,false,false,true
game/ui/screens/test_lab/results_panel.py,ResultsPanel._recalculate_scroll,false,false,false
game/ui/screens/test_lab/results_panel.py,ResultsPanel.handle_event,false,false,true
game/ui/screens/test_lab/results_panel.py,ResultsPanel.update,false,false,true
game/ui/screens/test_lab/results_panel.py,ResultsPanel.draw,false,false,true
game/ui/screens/test_lab/results_panel.py,ResultsPanel._draw_header,false,false,false
game/ui/screens/test_lab/results_panel.py,ResultsPanel._is_card_visible,false,false,false
game/ui/screens/test_lab/results_panel.py,ResultsPanel._draw_scrollbar,false,false,false
game/ui/screens/test_lab/screen.py,TestLabScreen.__init__,false,true,false
game/ui/screens/test_lab/screen.py,TestLabScreen.selected_category,false,false,true
game/ui/screens/test_lab/screen.py,TestLabScreen.selected_category,false,false,true
game/ui/screens/test_lab/screen.py,TestLabScreen.selected_test_id,false,false,true
game/ui/screens/test_lab/screen.py,TestLabScreen.selected_test_id,false,false,true
game/ui/screens/test_lab/screen.py,TestLabScreen.category_hover,false,false,true
game/ui/screens/test_lab/screen.py,TestLabScreen.category_hover,false,false,true
game/ui/screens/test_lab/screen.py,TestLabScreen.test_hover,false,false,true
game/ui/screens/test_lab/screen.py,TestLabScreen.test_hover,false,false,true
game/ui/screens/test_lab/screen.py,TestLabScreen.headless_running,false,false,true
game/ui/screens/test_lab/screen.py,TestLabScreen.headless_running,false,false,true
game/ui/screens/test_lab/screen.py,TestLabScreen.output_log,false,false,true
game/ui/screens/test_lab/screen.py,TestLabScreen.all_scenarios,false,false,true
game/ui/screens/test_lab/screen.py,TestLabScreen.batch_running,false,false,true
game/ui/screens/test_lab/screen.py,TestLabScreen.batch_current_index,false,false,true
game/ui/screens/test_lab/screen.py,TestLabScreen.batch_total,false,false,true
game/ui/screens/test_lab/screen.py,TestLabScreen.ship_panels,false,false,true
game/ui/screens/test_lab/screen.py,TestLabScreen.component_panels,false,false,true
game/ui/screens/test_lab/screen.py,TestLabScreen.tabbed_ship_panel,false,false,true
game/ui/screens/test_lab/screen.py,TestLabScreen.results_panel,false,false,true
game/ui/screens/test_lab/screen.py,TestLabScreen.test_details_panel,false,false,true
game/ui/screens/test_lab/screen.py,TestLabScreen.json_popup,false,false,true
game/ui/screens/test_lab/screen.py,TestLabScreen.confirmation_dialog,false,false,true
game/ui/screens/test_lab/screen.py,TestLabScreen._extract_ships_from_scenario,false,false,false
game/ui/screens/test_lab/screen.py,TestLabScreen._load_component_data,false,false,false
game/ui/screens/test_lab/screen.py,TestLabScreen._create_ship_panels,false,false,false
game/ui/screens/test_lab/screen.py,TestLabScreen._create_results_panel,false,false,false
game/ui/screens/test_lab/screen.py,TestLabScreen._create_ui,false,false,false
game/ui/screens/test_lab/screen.py,TestLabScreen._get_filtered_scenarios,false,false,false
game/ui/screens/test_lab/screen.py,TestLabScreen.reset_selection,false,false,true
game/ui/screens/test_lab/screen.py,TestLabScreen._on_back,false,false,false
game/ui/screens/test_lab/screen.py,TestLabScreen._render_progress,false,false,false
game/ui/screens/test_lab/screen.py,TestLabScreen._draw_and_flip,false,false,false
game/ui/screens/test_lab/screen.py,TestLabScreen._get_engine,false,false,false
game/ui/screens/test_lab/screen.py,TestLabScreen._ensure_engine,false,false,false
game/ui/screens/test_lab/screen.py,TestLabScreen._switch_to_battle,false,false,false
game/ui/screens/test_lab/screen.py,TestLabScreen._on_view_battle_states,false,false,false
game/ui/screens/test_lab/screen.py,TestLabScreen._on_use_seed_from_run,false,false,false
game/ui/screens/test_lab/screen.py,TestLabScreen._on_copy_results,false,false,false
game/ui/screens/test_lab/screen.py,TestLabScreen._on_run,false,false,false
game/ui/screens/test_lab/screen.py,TestLabScreen._on_run_visual_baseline,false,false,false
game/ui/screens/test_lab/screen.py,TestLabScreen._on_run_headless,false,false,false
game/ui/screens/test_lab/screen.py,TestLabScreen._on_run_all_tests,false,false,false
game/ui/screens/test_lab/screen.py,TestLabScreen._continue_batch_test,false,false,false
game/ui/screens/test_lab/screen.py,TestLabScreen._prompt_for_custom_seed,false,false,false
game/ui/screens/test_lab/screen.py,TestLabScreen.handle_event,false,false,true
game/ui/screens/test_lab/screen.py,TestLabScreen.handle_resize,false,false,true
game/ui/screens/test_lab/screen.py,TestLabScreen.handle_input,false,false,true
game/ui/screens/test_lab/screen.py,TestLabScreen.update,false,false,true
game/ui/screens/test_lab/screen.py,TestLabScreen.draw,false,false,true
game/ui/screens/test_lab/screen.py,TestLabScreen._show_ships_json,false,false,false
game/ui/screens/test_lab/screen.py,TestLabScreen._show_components_json,false,false,false
game/ui/screens/test_lab/screen_input_handler.py,TestLabInputHandler.__init__,false,true,false
game/ui/screens/test_lab/screen_input_handler.py,TestLabInputHandler.handle_event,true,false,true
game/ui/screens/test_lab/screen_input_handler.py,TestLabInputHandler._handle_dialog_events,true,false,false
game/ui/screens/test_lab/screen_input_handler.py,TestLabInputHandler._handle_panel_events,true,false,false
game/ui/screens/test_lab/screen_input_handler.py,TestLabInputHandler._handle_scroll_and_mouse,true,false,false
game/ui/screens/test_lab/screen_input_handler.py,TestLabInputHandler._update_hover_state,true,false,false
game/ui/screens/test_lab/screen_input_handler.py,TestLabInputHandler._handle_click,true,false,false
game/ui/screens/test_lab/screen_input_handler.py,TestLabInputHandler._check_category_clicks,true,false,false
game/ui/screens/test_lab/screen_input_handler.py,TestLabInputHandler._check_tag_filter_clicks,true,false,false
game/ui/screens/test_lab/screen_input_handler.py,TestLabInputHandler._check_test_item_click,true,false,false
game/ui/screens/test_lab/screen_input_handler.py,TestLabInputHandler._check_action_button_clicks,true,false,false
game/ui/screens/test_lab/screen_input_handler.py,TestLabInputHandler._check_seed_mode_clicks,true,false,false
game/ui/screens/test_lab/ship_panels.py,ShipPanel.__init__,false,true,false
game/ui/screens/test_lab/ship_panels.py,ShipPanel.handle_event,false,false,true
game/ui/screens/test_lab/ship_panels.py,ShipPanel.update,false,false,true
game/ui/screens/test_lab/ship_panels.py,ShipPanel.draw,false,false,true
game/ui/screens/test_lab/ship_panels.py,TabbedShipPanel.__init__,false,true,false
game/ui/screens/test_lab/ship_panels.py,TabbedShipPanel._calculate_tab_rects,false,false,false
game/ui/screens/test_lab/ship_panels.py,TabbedShipPanel.handle_event,false,false,true
game/ui/screens/test_lab/ship_panels.py,TabbedShipPanel.update,false,false,true
game/ui/screens/test_lab/ship_panels.py,TabbedShipPanel.draw,false,false,true
game/ui/screens/test_lab/ship_panels.py,TabbedShipPanel.get_selected_ship_info,false,false,true
game/ui/screens/test_lab/ship_panels.py,ComponentPanel.__init__,false,true,false
game/ui/screens/test_lab/ship_panels.py,ComponentPanel.handle_event,false,false,true
game/ui/screens/test_lab/ship_panels.py,ComponentPanel.update,false,false,true
game/ui/screens/test_lab/ship_panels.py,ComponentPanel.draw,false,false,true
game/ui/screens/test_lab/test_executor.py,TestLabExecutor.__init__,false,true,false
game/ui/screens/test_lab/test_executor.py,TestLabExecutor.run_visual,false,false,true
game/ui/screens/test_lab/test_executor.py,TestLabExecutor.run_visual_baseline,false,false,true
game/ui/screens/test_lab/test_executor.py,TestLabExecutor.run_headless,false,false,true
game/ui/screens/test_lab/test_executor.py,TestLabExecutor._run_scenario_via_run_battle,false,false,false
game/ui/screens/test_lab/test_executor.py,TestLabExecutor.pre_tick_loop_hook,false,false,true
game/ui/screens/test_lab/test_executor.py,TestLabExecutor.run_all,false,false,true
game/ui/screens/test_lab/test_executor.py,TestLabExecutor.run_next_batch,false,false,true
game/ui/screens/test_lab/test_executor.py,TestLabExecutor.continue_batch,false,false,true
game/ui/screens/test_lab/test_run_card.py,TestRunCard.__init__,false,true,false
game/ui/screens/test_lab/test_run_card.py,TestRunCard.get_height,false,false,true
game/ui/screens/test_lab/test_run_card.py,TestRunCard.handle_click,false,false,true
game/ui/screens/test_lab/test_run_card.py,TestRunCard.handle_hover,false,false,true
game/ui/screens/test_lab/test_run_card.py,TestRunCard.draw,false,false,true
game/ui/screens/test_lab/test_run_card.py,TestRunCard._draw_header,false,false,false
game/ui/screens/test_lab/test_run_card.py,TestRunCard._draw_propulsion_metrics,false,false,false
game/ui/screens/test_lab/test_run_card.py,TestRunCard._draw_resource_metrics,false,false,false
game/ui/screens/test_lab/test_run_details.py,TestRunDetailsPanel.__init__,false,true,false
game/ui/screens/test_lab/test_run_details.py,TestRunDetailsPanel.set_run,false,false,true
game/ui/screens/test_lab/test_run_details.py,TestRunDetailsPanel.clear,false,false,true
game/ui/screens/test_lab/test_run_details.py,TestRunDetailsPanel._calculate_scroll,false,false,false
game/ui/screens/test_lab/test_run_details.py,TestRunDetailsPanel.handle_event,false,false,true
game/ui/screens/test_lab/test_run_details.py,TestRunDetailsPanel.draw,false,false,true
game/ui/screens/test_lab/test_run_details.py,TestRunDetailsPanel._draw_header_and_status,false,false,false
game/ui/screens/test_lab/test_run_details.py,TestRunDetailsPanel._draw_metadata,false,false,false
game/ui/screens/test_lab/test_run_details.py,TestRunDetailsPanel._draw_action_buttons,false,false,false
game/ui/screens/test_lab/test_run_details.py,TestRunDetailsPanel._draw_metrics,false,false,false
game/ui/screens/test_lab/test_run_details.py,TestRunDetailsPanel._draw_validation_results,false,false,false
game/ui/screens/test_lab/test_run_details.py,TestRunDetailsPanel._draw_single_validation,false,false,false
game/ui/screens/test_lab/test_run_details.py,TestRunDetailsPanel._draw_numeric_difference,false,false,false
game/ui/screens/test_lab/test_run_details.py,TestRunDetailsPanel._is_propulsion_test,false,false,false
game/ui/screens/test_lab/test_run_details.py,TestRunDetailsPanel._is_resource_test,false,false,false
game/ui/screens/test_lab/test_run_details.py,TestRunDetailsPanel._draw_resource_outcomes,false,false,false
game/ui/screens/test_lab/test_run_details.py,TestRunDetailsPanel._draw_fuel_outcomes,false,false,false
game/ui/screens/test_lab/test_run_details.py,TestRunDetailsPanel._draw_energy_outcomes,false,false,false
game/ui/screens/test_lab/test_run_details.py,TestRunDetailsPanel._draw_ammo_outcomes,false,false,false
game/ui/screens/test_lab/test_run_details.py,TestRunDetailsPanel._draw_propulsion_outcomes,false,false,false
game/ui/screens/test_lab/test_run_details.py,TestRunDetailsPanel._draw_motion_outcomes,false,false,false
game/ui/screens/test_lab/test_run_details.py,TestRunDetailsPanel._draw_turn_outcomes,false,false,false
game/ui/screens/test_lab/test_run_details.py,TestRunDetailsPanel._draw_stationary_outcomes,false,false,false
game/ui/screens/test_lab/test_run_details.py,TestRunDetailsPanel._draw_scrollbar,false,false,false
game/ui/screens/test_lab/viewmodel.py,TestLabViewModel.__init__,false,true,false
game/ui/screens/test_lab/viewmodel.py,TestLabViewModel.scroll_offset,true,false,true
game/ui/screens/test_lab/viewmodel.py,TestLabViewModel.max_scroll,true,false,true
game/ui/screens/test_lab/viewmodel.py,TestLabViewModel.set_max_scroll,true,false,true
game/ui/screens/test_lab/viewmodel.py,TestLabViewModel.scroll,true,false,true
game/ui/screens/test_lab/viewmodel.py,TestLabViewModel.reset_scroll,true,false,true
game/ui/screens/test_lab/viewmodel.py,TestLabViewModel.json_popup,true,false,true
game/ui/screens/test_lab/viewmodel.py,TestLabViewModel.confirmation_dialog,true,false,true
game/ui/screens/test_lab/viewmodel.py,TestLabViewModel.is_dialog_open,true,false,true
game/ui/screens/test_lab/viewmodel.py,TestLabViewModel.open_json_popup,true,false,true
game/ui/screens/test_lab/viewmodel.py,TestLabViewModel.close_json_popup,true,false,true
game/ui/screens/test_lab/viewmodel.py,TestLabViewModel.open_confirmation_dialog,true,false,true
game/ui/screens/test_lab/viewmodel.py,TestLabViewModel.close_confirmation_dialog,true,false,true
game/ui/screens/test_lab/viewmodel.py,TestLabViewModel.ship_panels,true,false,true
game/ui/screens/test_lab/viewmodel.py,TestLabViewModel.component_panels,true,false,true
game/ui/screens/test_lab/viewmodel.py,TestLabViewModel.tabbed_ship_panel,true,false,true
game/ui/screens/test_lab/viewmodel.py,TestLabViewModel.results_panel,true,false,true
game/ui/screens/test_lab/viewmodel.py,TestLabViewModel.test_details_panel,true,false,true
game/ui/screens/test_lab/viewmodel.py,TestLabViewModel.update_ship_panels,true,false,true
game/ui/screens/test_lab/viewmodel.py,TestLabViewModel.update_results_panels,true,false,true
game/ui/screens/test_lab/viewmodel.py,TestLabViewModel.clear_panels,true,false,true
game/ui/screens/test_lab/viewmodel.py,TestLabViewModel.run_test_btn_rect,true,false,true
game/ui/screens/test_lab/viewmodel.py,TestLabViewModel.run_test_btn_rect,true,false,true
game/ui/screens/test_lab/viewmodel.py,TestLabViewModel.run_headless_btn_rect,true,false,true
game/ui/screens/test_lab/viewmodel.py,TestLabViewModel.run_headless_btn_rect,true,false,true
game/ui/screens/test_lab/viewmodel.py,TestLabViewModel.run_baseline_btn_rect,true,false,true
game/ui/screens/test_lab/viewmodel.py,TestLabViewModel.run_baseline_btn_rect,true,false,true
game/ui/screens/test_lab/viewmodel.py,TestLabViewModel.run_all_tests_btn_rect,true,false,true
game/ui/screens/test_lab/viewmodel.py,TestLabViewModel.run_all_tests_btn_rect,true,false,true
game/ui/screens/test_lab/viewmodel.py,TestLabViewModel.update_expected_button_rect,true,false,true
game/ui/screens/test_lab/viewmodel.py,TestLabViewModel.update_expected_button_rect,true,false,true
game/ui/screens/test_lab/viewmodel.py,TestLabViewModel.update_expected_button_visible,true,false,true
game/ui/screens/test_lab/viewmodel.py,TestLabViewModel.update_expected_button_visible,true,false,true
game/ui/screens/test_lab/viewmodel.py,TestLabViewModel.tag_filter_rects,true,false,true
game/ui/screens/test_lab/viewmodel.py,TestLabViewModel.tag_filter_rects,true,false,true
game/ui/screens/test_lab/viewmodel.py,TestLabViewModel.tag_clear_rect,true,false,true
game/ui/screens/test_lab/viewmodel.py,TestLabViewModel.tag_clear_rect,true,false,true
game/ui/screens/test_lab/viewmodel.py,TestLabViewModel.seed_mode_rects,true,false,true
game/ui/screens/test_lab/viewmodel.py,TestLabViewModel.seed_mode_rects,true,false,true
game/ui/screens/test_lab/viewmodel.py,TestLabViewModel.seed_input_rect,true,false,true
game/ui/screens/test_lab/viewmodel.py,TestLabViewModel.seed_input_rect,true,false,true
game/ui/screens/test_lab/viewmodel.py,TestLabViewModel.test_list_panel_rect,true,false,true
game/ui/screens/test_lab/viewmodel.py,TestLabViewModel.test_list_panel_rect,true,false,true
game/ui/screens/test_lab/viewmodel.py,TestLabViewModel.select_test,true,false,true
game/ui/screens/test_lab/viewmodel.py,TestLabViewModel.clear_test_selection,true,false,true
game/ui/screens/transfer_dialog.py,TransferDialog.__init__,false,true,false
game/ui/screens/transfer_dialog.py,TransferDialog._setup_ui,false,false,false
game/ui/screens/transfer_dialog.py,TransferDialog._populate_initial_data,false,false,false
game/ui/screens/transfer_dialog.py,TransferDialog._recreate_dropdown,false,false,false
game/ui/screens/transfer_dialog.py,TransferDialog._extract_dropdown_value,false,false,false
game/ui/screens/transfer_dialog.py,TransferDialog._on_source_changed,false,false,false
game/ui/screens/transfer_dialog.py,TransferDialog._on_target_changed,false,false,false
game/ui/screens/transfer_dialog.py,TransferDialog._reset_and_build_grid,false,false,false
game/ui/screens/transfer_dialog.py,TransferDialog._get_amounts,true,false,false
game/ui/screens/transfer_dialog.py,TransferDialog._build_grid,false,false,false
game/ui/screens/transfer_dialog.py,TransferDialog._discover_pod_designs,true,false,false
game/ui/screens/transfer_dialog.py,TransferDialog._add_pod_rows,false,false,false
game/ui/screens/transfer_dialog.py,TransferDialog._add_row,false,false,false
game/ui/screens/transfer_dialog.py,TransferDialog._format_pending,true,false,false
game/ui/screens/transfer_dialog.py,TransferDialog._on_arrow_click,false,false,false
game/ui/screens/transfer_dialog.py,TransferDialog._on_max_click,false,false,false
game/ui/screens/transfer_dialog.py,TransferDialog._update_pending_label,false,false,false
game/ui/screens/transfer_dialog.py,TransferDialog._on_filter_toggle,false,false,false
game/ui/screens/transfer_dialog.py,TransferDialog._on_clear_all,false,false,false
game/ui/screens/transfer_dialog.py,TransferDialog._on_confirm,false,false,false
game/ui/screens/transfer_dialog.py,TransferDialog._apply_tooltips,true,false,false
game/ui/screens/transfer_dialog.py,TransferDialog._handle_keydown,true,false,false
game/ui/screens/transfer_dialog.py,TransferDialog.process_event,false,false,true
game/ui/screens/transfer_dialog.py,TransferDialog.handle_external_selection,false,false,true
game/ui/screens/water_target_editor.py,WaterTargetEditor.__init__,false,true,false
game/ui/screens/water_target_editor.py,WaterTargetEditor._build_ui,false,false,false
game/ui/screens/water_target_editor.py,WaterTargetEditor.update,false,false,true
game/ui/screens/water_target_editor.py,WaterTargetEditor.process_event,true,false,true
game/ui/screens/water_target_editor.py,WaterTargetEditor._on_apply,false,false,false
game/ui/screens/water_target_editor.py,WaterTargetEditor._set_species_ideal,false,false,false
game/ui/screens/water_target_editor.py,WaterTargetEditor._get_active_race_config,false,false,false
game/ui/screens/water_target_editor.py,WaterTargetEditor._set_match_current,false,false,false
game/ui/screens/water_target_editor.py,WaterTargetEditor._clear_target,false,false,false
game/ui/screens/workshop_context.py,WorkshopContext.standalone,true,false,true
game/ui/screens/workshop_context.py,WorkshopContext.integrated,true,false,true
game/ui/screens/workshop_context.py,WorkshopContext.is_standalone,true,false,true
game/ui/screens/workshop_context.py,WorkshopContext.is_integrated,true,false,true
game/ui/screens/workshop_data_loader.py,WorkshopDataLoader.__init__,false,true,false
game/ui/screens/workshop_data_loader.py,WorkshopDataLoader.find_file,true,false,true
game/ui/screens/workshop_data_loader.py,WorkshopDataLoader.clear_registries,true,false,true
game/ui/screens/workshop_data_loader.py,WorkshopDataLoader.load_all,true,false,true
game/ui/screens/workshop_data_loader.py,WorkshopDataLoader._load_policies,true,false,false
game/ui/screens/workshop_data_loader.py,WorkshopDataLoader._load_vehicle_classes,true,false,false
game/ui/screens/workshop_data_loader.py,WorkshopDataLoader._get_default_class,true,false,false
game/ui/screens/workshop_data_reloader.py,WorkshopDataReloader.__init__,false,true,false
game/ui/screens/workshop_data_reloader.py,WorkshopDataReloader.right_panel,false,false,true
game/ui/screens/workshop_data_reloader.py,WorkshopDataReloader.left_panel,false,false,true
game/ui/screens/workshop_data_reloader.py,WorkshopDataReloader.view,false,false,true
game/ui/screens/workshop_data_reloader.py,WorkshopDataReloader.controller,false,false,true
game/ui/screens/workshop_data_reloader.py,WorkshopDataReloader.on_select_data_pressed,false,false,true
game/ui/screens/workshop_data_reloader.py,WorkshopDataReloader.load_standard_data,false,false,true
game/ui/screens/workshop_data_reloader.py,WorkshopDataReloader.load_test_data,false,false,true
game/ui/screens/workshop_data_reloader.py,WorkshopDataReloader.reload_data,false,false,true
game/ui/screens/workshop_data_reloader.py,WorkshopDataReloader._refresh_ui_after_data_reload,false,false,false
game/ui/screens/workshop_event_router.py,WorkshopEventRouter.__init__,false,true,false
game/ui/screens/workshop_event_router.py,WorkshopEventRouter._get_vehicle_classes,false,false,false
game/ui/screens/workshop_event_router.py,WorkshopEventRouter.handle_event,true,false,true
game/ui/screens/workshop_event_router.py,WorkshopEventRouter._handle_panel_action,true,false,false
game/ui/screens/workshop_event_router.py,WorkshopEventRouter._handle_quick_add,false,false,false
game/ui/screens/workshop_event_router.py,WorkshopEventRouter._handle_move_individual,false,false,false
game/ui/screens/workshop_event_router.py,WorkshopEventRouter._handle_move_group,false,false,false
game/ui/screens/workshop_event_router.py,WorkshopEventRouter._handle_select_component_type,false,false,false
game/ui/screens/workshop_event_router.py,WorkshopEventRouter._handle_select_group,false,false,false
game/ui/screens/workshop_event_router.py,WorkshopEventRouter._handle_select_individual,false,false,false
game/ui/screens/workshop_event_router.py,WorkshopEventRouter._handle_remove_group,false,false,false
game/ui/screens/workshop_event_router.py,WorkshopEventRouter._handle_remove_individual,false,false,false
game/ui/screens/workshop_event_router.py,WorkshopEventRouter._handle_add_component,false,false,false
game/ui/screens/workshop_event_router.py,WorkshopEventRouter._handle_button_pressed,true,false,false
game/ui/screens/workshop_event_router.py,WorkshopEventRouter._handle_dropdown_changed,true,false,false
game/ui/screens/workshop_event_router.py,WorkshopEventRouter._handle_class_dropdown,true,false,false
game/ui/screens/workshop_event_router.py,WorkshopEventRouter._handle_vehicle_type_dropdown,true,false,false
game/ui/screens/workshop_event_router.py,WorkshopEventRouter._handle_movement_dropdown,true,false,false
game/ui/screens/workshop_event_router.py,WorkshopEventRouter._handle_targeting_dropdown,true,false,false
game/ui/screens/workshop_event_router.py,WorkshopEventRouter._handle_role_dropdown,true,false,false
game/ui/screens/workshop_event_router.py,WorkshopEventRouter._handle_confirmation,true,false,false
game/ui/screens/workshop_event_router.py,WorkshopEventRouter._handle_right_click,true,false,false
game/ui/screens/workshop_screen.py,DesignWorkshopScreen.__init__,false,true,false
game/ui/screens/workshop_screen.py,DesignWorkshopScreen._get_vehicle_classes,false,false,false
game/ui/screens/workshop_screen.py,DesignWorkshopScreen._create_ui,false,false,false
game/ui/screens/workshop_screen.py,DesignWorkshopScreen.update_stats,false,false,true
game/ui/screens/workshop_screen.py,DesignWorkshopScreen.on_selection_changed,false,false,true
game/ui/screens/workshop_screen.py,DesignWorkshopScreen._on_modifier_change,false,false,false
game/ui/screens/workshop_screen.py,DesignWorkshopScreen.rebuild_modifier_ui,false,false,true
game/ui/screens/workshop_screen.py,DesignWorkshopScreen.selected_component,false,false,true
game/ui/screens/workshop_screen.py,DesignWorkshopScreen.selected_component,false,false,true
game/ui/screens/workshop_screen.py,DesignWorkshopScreen.dragged_item,false,false,true
game/ui/screens/workshop_screen.py,DesignWorkshopScreen.dragged_item,false,false,true
game/ui/screens/workshop_screen.py,DesignWorkshopScreen.ship,false,false,true
game/ui/screens/workshop_screen.py,DesignWorkshopScreen.selected_components,false,false,true
game/ui/screens/workshop_screen.py,DesignWorkshopScreen.selected_components,false,false,true
game/ui/screens/workshop_screen.py,DesignWorkshopScreen.available_components,false,false,true
game/ui/screens/workshop_screen.py,DesignWorkshopScreen.available_components,false,false,true
game/ui/screens/workshop_screen.py,DesignWorkshopScreen.show_error,false,false,true
game/ui/screens/workshop_screen.py,DesignWorkshopScreen.handle_event,false,false,true
game/ui/screens/workshop_screen.py,DesignWorkshopScreen.handle_resize,false,false,true
game/ui/screens/workshop_screen.py,DesignWorkshopScreen.execute_pending_action,false,false,true
game/ui/screens/workshop_screen.py,DesignWorkshopScreen.update,false,false,true
game/ui/screens/workshop_screen.py,DesignWorkshopScreen.draw,false,false,true
game/ui/screens/workshop_screen.py,DesignWorkshopScreen.save_ship,false,false,true
game/ui/screens/workshop_screen.py,DesignWorkshopScreen.load_ship,false,false,true
game/ui/screens/workshop_screen.py,DesignWorkshopScreen._apply_loaded_ship,false,false,false
game/ui/screens/workshop_screen.py,DesignWorkshopScreen.show_clear_confirmation,false,false,true
game/ui/screens/workshop_screen.py,DesignWorkshopScreen._get_button_definitions,false,false,false
game/ui/screens/workshop_screen.py,DesignWorkshopScreen._clear_design,false,false,false
game/ui/screens/workshop_screen.py,DesignWorkshopScreen.on_select_target_pressed,false,false,true
game/ui/screens/workshop_screen.py,DesignWorkshopScreen.cleanup,false,false,true
game/ui/screens/workshop_ship_io.py,WorkshopShipIO.__init__,false,true,false
game/ui/screens/workshop_ship_io.py,WorkshopShipIO.save_ship,false,false,true
game/ui/screens/workshop_ship_io.py,WorkshopShipIO.load_ship,false,false,true
game/ui/screens/workshop_ship_io.py,WorkshopShipIO.on_design_selected,false,false,true
game/ui/screens/workshop_ship_io.py,WorkshopShipIO.select_target,false,false,true
game/ui/screens/workshop_ship_io.py,WorkshopShipIO.on_target_selected,false,false,true
game/ui/screens/workshop_ship_io.py,WorkshopShipIO._prompt_design_name,true,false,false
game/ui/screens/workshop_viewmodel.py,WorkshopViewModel.__init__,false,true,false
game/ui/screens/workshop_viewmodel.py,WorkshopViewModel._require_ship,true,false,false
game/ui/screens/workshop_viewmodel.py,WorkshopViewModel.ship,true,false,true
game/ui/screens/workshop_viewmodel.py,WorkshopViewModel.ship,false,false,true
game/ui/screens/workshop_viewmodel.py,WorkshopViewModel._emit_ship_updated,false,false,false
game/ui/screens/workshop_viewmodel.py,WorkshopViewModel.notify_ship_changed,false,false,true
game/ui/screens/workshop_viewmodel.py,WorkshopViewModel.selected_components,true,false,true
game/ui/screens/workshop_viewmodel.py,WorkshopViewModel.selected_components,true,false,true
game/ui/screens/workshop_viewmodel.py,WorkshopViewModel.primary_selection,true,false,true
game/ui/screens/workshop_viewmodel.py,WorkshopViewModel.select_component,false,false,true
game/ui/screens/workshop_viewmodel.py,WorkshopViewModel._normalize_selection,true,false,false
game/ui/screens/workshop_viewmodel.py,WorkshopViewModel._handle_append_selection,false,false,false
game/ui/screens/workshop_viewmodel.py,WorkshopViewModel._emit_selection_changed,false,false,false
game/ui/screens/workshop_viewmodel.py,WorkshopViewModel.clear_selection,false,false,true
game/ui/screens/workshop_viewmodel.py,WorkshopViewModel.dragged_item,true,false,true
game/ui/screens/workshop_viewmodel.py,WorkshopViewModel.dragged_item,false,false,true
game/ui/screens/workshop_viewmodel.py,WorkshopViewModel.available_components,true,false,true
game/ui/screens/workshop_viewmodel.py,WorkshopViewModel.refresh_available_components,false,false,true
game/ui/screens/workshop_viewmodel.py,WorkshopViewModel.show_hull_layer,true,false,true
game/ui/screens/workshop_viewmodel.py,WorkshopViewModel.show_hull_layer,false,false,true
game/ui/screens/workshop_viewmodel.py,WorkshopViewModel.toggle_hull_layer,true,false,true
game/ui/screens/workshop_viewmodel.py,WorkshopViewModel.on_modifier_changed,false,false,true
game/ui/screens/workshop_viewmodel.py,WorkshopViewModel._sync_modifiers_to_selection,false,false,false
game/ui/screens/workshop_viewmodel.py,WorkshopViewModel.last_result,true,false,true
game/ui/screens/workshop_viewmodel.py,WorkshopViewModel.last_errors,true,false,true
game/ui/screens/workshop_viewmodel.py,WorkshopViewModel.last_warnings,true,false,true
game/ui/screens/workshop_viewmodel.py,WorkshopViewModel.create_default_ship,true,false,true
game/ui/screens/workshop_viewmodel.py,WorkshopViewModel.add_component,true,false,true
game/ui/screens/workshop_viewmodel.py,WorkshopViewModel.add_component_bulk,true,false,true
game/ui/screens/workshop_viewmodel.py,WorkshopViewModel.add_component_instance,true,false,true
game/ui/screens/workshop_viewmodel.py,WorkshopViewModel.remove_component,true,false,true
game/ui/screens/workshop_viewmodel.py,WorkshopViewModel.pick_up_component,true,false,true
game/ui/screens/workshop_viewmodel.py,WorkshopViewModel.change_ship_class,true,false,true
game/ui/screens/workshop_viewmodel.py,WorkshopViewModel.validate_design,false,false,true
game/ui/screens/workshop_viewmodel.py,WorkshopViewModel.get_available_components_for_layer,true,false,true
game/ui/screens/workshop_viewmodel.py,WorkshopViewModel.get_ship_summary,true,false,true
game/ui/screens/workshop_viewmodel.py,WorkshopViewModel.clear_design,false,false,true
game/ui/screens/workshop_viewmodel.py,WorkshopViewModel.set_ship_name,true,false,true
game/ui/screens/workshop_viewmodel.py,WorkshopViewModel.set_ship_theme,true,false,true
game/ui/screens/workshop_viewmodel.py,WorkshopViewModel.set_ship_movement_policy,true,false,true
game/ui/screens/workshop_viewmodel.py,WorkshopViewModel.set_ship_targeting_policy,true,false,true
game/ui/screens/workshop_viewmodel.py,WorkshopViewModel.set_ship_design_role,true,false,true
game/ui/screens/workshop_viewmodel.py,WorkshopViewModel.resolve_target_layer,true,false,true
game/ui/screens/workshop_viewmodel.py,WorkshopViewModel.quick_add_component,true,false,true
game/ui/screens/workshop_viewmodel.py,WorkshopViewModel.resolve_move_target,true,false,true
game/ui/screens/workshop_viewmodel.py,WorkshopViewModel.move_component,true,false,true
game/ui/screens/workshop_viewmodel.py,WorkshopViewModel.move_component_group,true,false,true
game/ui/services/battle_ui_service.py,BattleUIService.__init__,false,true,false
game/ui/services/battle_ui_service.py,BattleUIService._get_engine_or_none,false,false,false
game/ui/services/battle_ui_service.py,BattleUIService.get_ships,true,false,true
game/ui/services/battle_ui_service.py,BattleUIService.get_projectiles,true,false,true
game/ui/services/battle_ui_service.py,BattleUIService.get_recent_beams,true,false,true
game/ui/services/battle_ui_service.py,BattleUIService.is_battle_over,true,false,true
game/ui/services/battle_ui_service.py,BattleUIService.get_winner,true,false,true
game/ui/services/battle_ui_service.py,BattleUIService.get_tick_count,true,false,true
game/ui/services/battle_ui_service.py,BattleUIService._convert_ship,true,false,false
game/ui/services/battle_ui_service.py,BattleUIService._convert_component,true,false,false
game/ui/services/battle_ui_service.py,BattleUIService._convert_projectile,true,false,false
game/ui/services/battle_ui_service.py,BattleUIService._convert_beam,true,false,false
game/ui/services/component_service.py,ComponentService.__init__,false,true,false
game/ui/services/component_service.py,ComponentService._get_provider,true,false,false
game/ui/services/component_service.py,ComponentService.get_all_components,true,false,true
game/ui/services/component_service.py,ComponentService.get_modifier_registry,true,false,true
game/ui/services/component_service.py,ComponentService.get_modifier_definition,true,false,true
game/ui/services/component_service.py,ComponentService.is_modifier_allowed,true,false,true
game/ui/services/design_loader_adapter.py,DesignLoaderAdapter.__init__,false,true,false
game/ui/services/design_loader_adapter.py,DesignLoaderAdapter.load_ship_from_design_data,true,false,true
game/ui/services/design_loader_adapter.py,DesignLoaderAdapter.load_ship_from_file,true,false,true
game/ui/services/game_settings.py,GameSettings.__init__,true,true,false
game/ui/services/game_settings.py,GameSettings._load,true,false,false
game/ui/services/game_settings.py,GameSettings.save,true,false,true
game/ui/services/game_settings.py,GameSettings.get,true,false,true
game/ui/services/game_settings.py,GameSettings.set,true,false,true
game/ui/services/game_settings.py,GameSettings.reset_to_defaults,true,false,true
game/ui/services/game_settings.py,GameSettings.background_brightness,true,false,true
game/ui/services/game_settings.py,GameSettings.background_brightness,true,false,true
game/ui/services/game_settings.py,get_default_game_settings,true,false,true
game/ui/services/game_settings.py,set_default_game_settings,true,false,true
game/ui/services/input_mapper.py,InputMapper.__init__,true,true,false
game/ui/services/input_mapper.py,InputMapper.load,true,false,true
game/ui/services/input_mapper.py,InputMapper._load_bindings_from_file,true,false,false
game/ui/services/input_mapper.py,InputMapper._build_lookup,true,false,false
game/ui/services/input_mapper.py,InputMapper._resolve_pygame_key,true,false,false
game/ui/services/input_mapper.py,InputMapper.extract_modifiers,true,false,true
game/ui/services/input_mapper.py,InputMapper.resolve,true,false,true
game/ui/services/input_mapper.py,InputMapper.get_binding,true,false,true
game/ui/services/input_mapper.py,InputMapper.get_default_binding,true,false,true
game/ui/services/input_mapper.py,InputMapper.get_display_text,true,false,true
game/ui/services/input_mapper.py,InputMapper.set_binding,true,false,true
game/ui/services/input_mapper.py,InputMapper.get_conflicts,true,false,true
game/ui/services/input_mapper.py,InputMapper._contexts_overlap,true,false,false
game/ui/services/input_mapper.py,InputMapper.save_user_overrides,true,false,true
game/ui/services/input_mapper.py,InputMapper.reset_to_defaults,true,false,true
game/ui/services/input_mapper.py,InputMapper.get_all_bindings,true,false,true
game/ui/services/modifier_icon_service.py,ModifierIconService.__init__,false,true,false
game/ui/services/modifier_icon_service.py,ModifierIconService.get_icon,true,false,true
game/ui/services/modifier_icon_service.py,ModifierIconService.clear_cache,false,false,true
game/ui/services/ship_factory.py,ShipFactory.__init__,false,true,false
game/ui/services/ship_factory.py,ShipFactory._get_registries,true,false,false
game/ui/services/ship_factory.py,ShipFactory.create_from_design,true,false,true
game/ui/services/ship_factory.py,ShipFactory.get_ship_radius,true,false,true
game/ui/services/ship_factory.py,ShipFactory.configure_ship,true,false,true
game/ui/services/ship_factory.py,ShipFactory.setup_formation,true,false,true
game/ui/services/ship_io.py,_get_registries,true,false,false
game/ui/services/ship_io.py,ShipIO._ensure_ships_folder,true,false,false
game/ui/services/ship_io.py,ShipIO._get_design_loader,true,false,false
game/ui/services/ship_io.py,ShipIO.save_ship,true,false,true
game/ui/services/ship_io.py,ShipIO.load_ship,true,false,true
game/ui/services/ship_io_adapter.py,ShipIOAdapter.__init__,false,true,false
game/ui/services/ship_io_adapter.py,ShipIOAdapter.set_ships_folder,true,false,true
game/ui/services/ship_io_adapter.py,ShipIOAdapter.get_ships_folder,true,false,true
game/ui/services/ship_io_adapter.py,ShipIOAdapter.save_ship,true,false,true
game/ui/services/ship_io_adapter.py,ShipIOAdapter.load_ship,true,false,true
game/ui/services/tkinter_utils.py,get_tk_root,true,false,true
game/ui/services/tkinter_utils.py,is_tkinter_available,true,false,true
game/ui/services/tkinter_utils.py,reset_tk_root,true,false,true
game/ui/services/tkinter_utils.py,open_save_dialog,true,false,true
game/ui/services/tkinter_utils.py,open_load_dialog,true,false,true
game/ui/services/tkinter_utils.py,prompt_string,true,false,true
game/ui/services/tkinter_utils.py,copy_to_clipboard,true,false,true
game/ui/services/validation_service.py,ValidationService.__init__,false,true,false
game/ui/services/validation_service.py,ValidationService._get_validator,true,false,false
game/ui/services/validation_service.py,ValidationService.validate_addition,true,false,true
game/ui/services/validation_service.py,ValidationService.validate_design,true,false,true
game/ui/services/vehicle_class_service.py,VehicleClassService.__init__,false,true,false
game/ui/services/vehicle_class_service.py,VehicleClassService._get_provider,true,false,false
game/ui/services/vehicle_class_service.py,VehicleClassService.get_all_classes,true,false,true
game/ui/services/vehicle_class_service.py,VehicleClassService.get_class_definition,true,false,true
game/ui/services/vehicle_class_service.py,VehicleClassService.get_vehicle_types,true,false,true
game/ui/services/vehicle_class_service.py,VehicleClassService.get_classes_for_type,true,false,true
game/ui/services/vehicle_class_service.py,VehicleClassService.get_max_mass,true,false,true
game/ui/services/vehicle_class_service.py,VehicleClassService.get_type_for_class,true,false,true
game/ui/utils/formatters.py,format_compact_number,true,false,true
game/ui/utils/formatters.py,format_signed_float,true,false,true
game/ui/utils/formatters.py,get_damage_color,true,false,true
game/ui/utils/json_diff.py,compute_json_diff,true,false,true
game/ui/utils/json_diff.py,_mark_all_paths,false,false,false
game/ui/utils/portraits.py,parse_ship_class_name,true,false,true
game/ui/utils/portraits.py,get_ship_class_color,true,false,true
game/ui/utils/portraits.py,get_portrait_filename,true,false,true
game/ui/utils/portraits.py,get_portrait_search_paths,true,false,true
game/ui/utils/portraits.py,create_placeholder_portrait,true,false,true
game/ui/utils/pygame_utils.py,create_centered_rect,true,false,true
game/ui/utils/pygame_utils.py,calculate_ship_image_scale,true,false,true
game/ui/utils/pygame_utils.py,scale_and_rotate_image,true,false,true
game/ui/utils/pygame_utils.py,get_visible_bounding_box,true,false,true
game/ui/utils/pygame_utils.py,scale_image_by_visible_portion,true,false,true
game/ui/utils/pygame_utils.py,create_section_header,true,false,true
game/ui/utils/pygame_utils.py,scale_image_to_fit,true,false,true
game/ui/utils/resource_display.py,get_resource_abbreviation,true,false,true
game/ui/utils/resource_display.py,get_displayed_resource_ids,true,false,true
game/ui/widgets/dropdown_helper.py,recreate_dropdown,true,false,true
game/ui/widgets/panel_factory.py,PanelFactory.create_titled_panel,false,false,true
game/ui/widgets/preference_row.py,PreferenceRow.__init__,true,true,false
game/ui/widgets/preference_row.py,PreferenceRow.format_value,true,false,true
game/ui/widgets/preference_row.py,PreferenceRow.calculate_factor_cost,true,false,true
game/ui/widgets/preference_row.py,PreferenceRow._build_widgets,true,false,false
game/ui/widgets/preference_row.py,PreferenceRow.current_preference,true,false,true
game/ui/widgets/preference_row.py,PreferenceRow.refresh_from_sliders,true,false,true
game/ui/widgets/preference_row.py,PreferenceRow.set_preference,true,false,true
game/ui/widgets/preference_row.py,PreferenceRow.owns_event,true,false,true
game/ui/widgets/scroll_state.py,ScrollState.__init__,true,true,false
game/ui/widgets/scroll_state.py,ScrollState.max_offset,true,false,true
game/ui/widgets/scroll_state.py,ScrollState.can_scroll,true,false,true
game/ui/widgets/scroll_state.py,ScrollState.scroll_ratio,true,false,true
game/ui/widgets/scroll_state.py,ScrollState.clamp,true,false,true
game/ui/widgets/scroll_state.py,ScrollState.reset,true,false,true
game/ui/widgets/scroll_state.py,ScrollState.set_from_ratio,true,false,true
game/ui/widgets/scroll_state.py,ScrollState.handle_mousewheel,true,false,true
game/ui/widgets/scrollable_json_panel.py,ScrollableJsonPanel.__init__,false,true,false
game/ui/widgets/scrollable_json_panel.py,ScrollableJsonPanel.set_json_with_diff,false,false,true
game/ui/widgets/scrollable_json_panel.py,ScrollableJsonPanel._get_diff_colors,true,false,false
game/ui/widgets/scrollable_json_panel.py,ScrollableJsonPanel._path_has_changes,true,false,false
game/ui/widgets/scrollable_json_panel.py,ScrollableJsonPanel._format_json_with_diff,false,false,false
game/ui/widgets/scrollable_json_panel.py,ScrollableJsonPanel._add_key_value_line_with_diff,false,false,false
game/ui/widgets/scrollable_json_panel.py,ScrollableJsonPanel._add_value_line_with_diff,false,false,false
game/ui/widgets/scrollable_json_panel.py,ScrollableJsonPanel._format_value,true,false,false
game/ui/widgets/scrollable_json_panel.py,ScrollableJsonPanel.handle_event,true,false,true
game/ui/widgets/scrollable_json_panel.py,ScrollableJsonPanel._is_in_scrollbar,true,false,false
game/ui/widgets/scrollable_json_panel.py,ScrollableJsonPanel._get_scrollbar_thumb_rect,true,false,false
game/ui/widgets/scrollable_json_panel.py,ScrollableJsonPanel._handle_scrollbar_drag,false,false,false
game/ui/widgets/scrollable_json_panel.py,ScrollableJsonPanel.draw,false,false,true
game/ui/widgets/scrollable_json_panel.py,ScrollableJsonPanel._draw_scrollbar,false,false,false
game/ui/widgets/ui_element_registry.py,UIElementRegistry.__init__,false,true,false
game/ui/widgets/ui_element_registry.py,UIElementRegistry.register,false,false,true
game/ui/widgets/ui_element_registry.py,UIElementRegistry.kill_all,false,false,true
game/ui/widgets/ui_element_registry.py,UIElementRegistry.clear,false,false,true
game/ui/widgets/ui_element_registry.py,UIElementRegistry.__len__,false,true,false
game/ui/widgets/ui_element_registry.py,UIElementRegistry.__iter__,false,true,false
