file,function,has_return_annotation,is_dunder,is_public
game/ai/controller.py,AIController.check_avoidance,false,false,true
game/ai/policy_manager.py,PolicyManager.clear,false,false,true
game/ai/policy_manager.py,PolicyManager.ensure_loaded,false,false,true
game/ai/target_evaluator.py,TargetEvaluator._eval_distance_rule,false,false,false
game/ai/target_evaluator.py,TargetEvaluator._eval_mass_rule,false,false,false
game/ai/target_evaluator.py,TargetEvaluator._eval_speed_rule,false,false,false
game/ai/target_evaluator.py,TargetEvaluator._eval_damage_rule,false,false,false
game/ai/target_evaluator.py,TargetEvaluator._eval_has_weapons_rule,false,false,false
game/ai/target_evaluator.py,TargetEvaluator._eval_least_armor_rule,false,false,false
game/ai/target_evaluator.py,TargetEvaluator._eval_pdc_arc_rule,false,false,false
game/ai/target_evaluator.py,TargetEvaluator._eval_capability_rule,false,false,false
game/app.py,configure_logging,false,false,true
game/app.py,parse_args,false,false,true
game/app.py,Game._get_menu_button_config,false,false,false
game/app.py,Game.start_builder,false,false,true
game/app.py,Game.on_builder_return,false,false,true
game/app.py,Game.start_battle_setup,false,false,true
game/app.py,Game.start_strategy_layer,false,false,true
game/app.py,Game._on_new_game_start,false,false,false
game/app.py,Game._on_new_game_cancel,false,false,false
game/app.py,Game._start_quickstart,false,false,false
game/app.py,Game.start_quickstart_1p,false,false,true
game/app.py,Game.start_quickstart_2p,false,false,true
game/app.py,Game.show_load_menu,false,false,true
game/app.py,Game._on_load_game,false,false,false
game/app.py,Game._on_load_cancel,false,false,false
game/app.py,Game.start_test_lab,false,false,true
game/app.py,Game.start_research_tree,false,false,true
game/app.py,Game.on_research_tree_return,false,false,true
game/app.py,Game.start_galaxy_test,false,false,true
game/app.py,Game.on_galaxy_test_return,false,false,true
game/app.py,Game.start_keybindings,false,false,true
game/app.py,Game.on_keybindings_return,false,false,true
game/app.py,Game.start_race_setup,false,false,true
game/app.py,Game._on_race_setup_complete,false,false,false
game/app.py,Game._on_race_setup_cancel,false,false,false
game/app.py,Game.start_battle,false,false,true
game/app.py,Game.run,false,false,true
game/app.py,Game._handle_exit_dialog_events,false,false,false
game/app.py,Game._handle_normal_events,false,false,false
game/app.py,Game._forward_event_to_scene,false,false,false
game/app.py,Game._handle_resize,false,false,false
game/app.py,Game._handle_battle_action,false,false,false
game/app.py,Game._return_to,false,false,false
game/app.py,Game._handle_strategy_action,false,false,false
game/app.py,Game._create_workshop_context,false,false,false
game/app.py,Game._handle_test_lab_action,false,false,false
game/app.py,Game._update_and_draw,false,false,false
game/app.py,Game._handle_battle_setup_action,false,false,false
game/app.py,main,false,false,true
game/assets/asset_manager.py,AssetManager._load_star_metadata,false,false,false
game/assets/asset_manager.py,AssetManager.clear,false,false,true
game/assets/asset_manager.py,AssetManager.load_manifest,false,false,true
game/assets/asset_manager.py,AssetManager.load_image,false,false,true
game/assets/asset_manager.py,AssetManager.load_group,false,false,true
game/assets/asset_manager.py,AssetManager.get_random_from_group,false,false,true
game/assets/asset_manager.py,AssetManager.load_external_image,false,false,true
game/assets/asset_manager.py,AssetManager._load_image,false,false,false
game/assets/asset_manager.py,AssetManager.get_missing_texture,false,false,true
game/core/json_utils.py,register_serializable,false,false,true
game/core/json_utils.py,decorator,false,false,true
game/core/profiling.py,Profiler.clear,false,false,true
game/core/profiling.py,Profiler.start,false,false,true
game/core/profiling.py,Profiler.stop,false,false,true
game/core/profiling.py,Profiler.toggle,false,false,true
game/core/profiling.py,Profiler.is_active,false,false,true
game/core/profiling.py,Profiler.record,false,false,true
game/core/profiling.py,Profiler.save_history,false,false,true
game/core/profiling.py,profile_action,false,false,true
game/core/profiling.py,decorator,false,false,true
game/core/profiling.py,wrapper,false,false,true
game/core/profiling.py,profile_block,false,false,true
game/core/registry.py,RegistryManager.freeze,false,false,true
game/core/registry.py,RegistryManager.unfreeze,false,false,true
game/core/registry.py,RegistryManager.unfrozen,false,false,true
game/core/registry.py,RegistryManager.hydrate,false,false,true
game/core/registry.py,RegistryManager.clear,false,false,true
game/core/registry.py,get_validator,false,false,true
game/engine/physics.py,PhysicsBody.x,false,false,true
game/engine/physics.py,PhysicsBody.x,false,false,true
game/engine/physics.py,PhysicsBody.y,false,false,true
game/engine/physics.py,PhysicsBody.y,false,false,true
game/engine/physics.py,PhysicsBody.update,false,false,true
game/engine/physics.py,PhysicsBody.apply_force,false,false,true
game/engine/physics.py,PhysicsBody.forward_vector,false,false,true
game/exit_dialog.py,draw_exit_dialog,false,false,true
game/exit_dialog.py,handle_exit_dialog_click,false,false,true
game/exit_dialog.py,handle_exit_dialog_cancel,false,false,true
game/simulation/battle_runner.py,_attach_telemetry,false,false,false
game/simulation/combat/damage_calculator.py,DamageCalculator._absorb_shields,false,false,false
game/simulation/combat/damage_calculator.py,DamageCalculator._reduce_emissive_armor,false,false,false
game/simulation/combat/damage_calculator.py,DamageCalculator._absorb_regenerating_armor,false,false,false
game/simulation/combat/damage_calculator.py,DamageCalculator._distribute_hull_damage,false,false,false
game/simulation/combat/damage_calculator.py,DamageCalculator._finalize_damage,false,false,false
game/simulation/components/abilities/base.py,Ability.sync_data,false,false,true
game/simulation/components/abilities/base.py,Ability.tags,false,false,true
game/simulation/components/abilities/base.py,Ability.get_effective_stat,false,false,true
game/simulation/components/abilities/base.py,StaticValueAbility.recalculate,false,false,true
game/simulation/components/abilities/base.py,SimpleMultiplierAbility.recalculate,false,false,true
game/simulation/components/abilities/cargo.py,CargoStorage.sync_data,false,false,true
game/simulation/components/abilities/cargo.py,CargoStorage.recalculate,false,false,true
game/simulation/components/abilities/crew.py,CrewRequired.recalculate,false,false,true
game/simulation/components/abilities/crew.py,CrewRequired.get_ui_rows,false,false,true
game/simulation/components/abilities/defense.py,ShieldProjection.recalculate,false,false,true
game/simulation/components/abilities/markers.py,VehicleLaunchAbility.recalculate,false,false,true
game/simulation/components/abilities/markers.py,VehicleLaunchAbility.try_launch,false,false,true
game/simulation/components/abilities/markers.py,VehicleLaunchAbility.get_ui_rows,false,false,true
game/simulation/components/abilities/markers.py,CommandAndControl.get_ui_rows,false,false,true
game/simulation/components/abilities/markers.py,RequiresCommandAndControl.get_ui_rows,false,false,true
game/simulation/components/abilities/markers.py,RequiresCombatMovement.get_ui_rows,false,false,true
game/simulation/components/abilities/markers.py,StructuralIntegrity.get_ui_rows,false,false,true
game/simulation/components/abilities/resources.py,ResourceConsumption.sync_data,false,false,true
game/simulation/components/abilities/resources.py,ResourceConsumption.recalculate,false,false,true
game/simulation/components/abilities/resources.py,ResourceConsumption._get_resource_registry,false,false,false
game/simulation/components/abilities/resources.py,ResourceConsumption.get_ui_rows,false,false,true
game/simulation/components/abilities/resources.py,ResourceStorage.sync_data,false,false,true
game/simulation/components/abilities/resources.py,ResourceStorage.recalculate,false,false,true
game/simulation/components/abilities/resources.py,ResourceStorage.get_ui_rows,false,false,true
game/simulation/components/abilities/resources.py,ResourceGeneration.sync_data,false,false,true
game/simulation/components/abilities/resources.py,ResourceGeneration.recalculate,false,false,true
game/simulation/components/abilities/resources.py,ResourceGeneration.get_ui_rows,false,false,true
game/simulation/components/abilities/weapons.py,WeaponAbility._get_raw_field,false,false,false
game/simulation/components/abilities/weapons.py,WeaponAbility.sync_data,false,false,true
game/simulation/components/abilities/weapons.py,WeaponAbility.recalculate,false,false,true
game/simulation/components/abilities/weapons.py,WeaponAbility.can_fire,false,false,true
game/simulation/components/abilities/weapons.py,WeaponAbility.get_ui_rows,false,false,true
game/simulation/components/abilities/weapons.py,ProjectileWeaponAbility.get_ui_rows,false,false,true
game/simulation/components/abilities/weapons.py,BeamWeaponAbility.sync_data,false,false,true
game/simulation/components/abilities/weapons.py,BeamWeaponAbility.recalculate,false,false,true
game/simulation/components/abilities/weapons.py,BeamWeaponAbility.get_ui_rows,false,false,true
game/simulation/components/abilities/weapons.py,SeekerWeaponAbility.recalculate,false,false,true
game/simulation/components/component.py,Component.ability_instances,false,false,true
game/simulation/components/component.py,Component.ability_instances,false,false,true
game/simulation/components/component.py,Component.get_abilities,false,false,true
game/simulation/components/component.py,Component.get_ability,false,false,true
game/simulation/components/component.py,Component.has_ability,false,false,true
game/simulation/components/component.py,Component.modifiers,false,false,true
game/simulation/components/component.py,Component.modifiers,false,false,true
game/simulation/components/component.py,Component.cooldown_timer,false,false,true
game/simulation/components/component.py,Component.cooldown_timer,false,false,true
game/simulation/components/component.py,Component.get_ui_rows,false,false,true
game/simulation/components/component.py,Component._instantiate_abilities,false,false,false
game/simulation/components/component.py,Component.update,false,false,true
game/simulation/components/component.py,Component.is_operational,false,false,true
game/simulation/components/component.py,Component.can_afford_activation,false,false,true
game/simulation/components/component.py,Component.consume_activation,false,false,true
game/simulation/components/component.py,Component.try_activate,false,false,true
game/simulation/components/component.py,Component.reset_hp,false,false,true
game/simulation/components/component.py,Component.get_resource_cost,false,false,true
game/simulation/components/component.py,Component.add_modifier,false,false,true
game/simulation/components/component.py,Component.remove_modifier,false,false,true
game/simulation/components/component.py,Component.get_modifier,false,false,true
game/simulation/components/component.py,Component.get_all_modifier_effects,false,false,true
game/simulation/components/component.py,Component.get_modifier_stat_summary,false,false,true
game/simulation/components/component.py,Component.recalculate_stats,false,false,true
game/simulation/components/component.py,Component.clone,false,false,true
game/simulation/components/component_constants.py,Modifier.create_modifier,false,false,true
game/simulation/components/component_constants.py,Modifier.evaluate_effects,false,false,true
game/simulation/components/component_loader.py,reset_component_caches,false,false,true
game/simulation/components/component_loader.py,load_components,false,false,true
game/simulation/components/component_loader.py,load_modifiers,false,false,true
game/simulation/components/component_loader.py,create_component,false,false,true
game/simulation/components/component_loader.py,get_all_components,false,false,true
game/simulation/components/component_stats_calculator.py,ComponentStatsCalculator.evaluate_recursive,false,false,true
game/simulation/components/modifiers.py,_apply_effect_to_dict,false,false,false
game/simulation/components/modifiers.py,apply_modifier_effects,false,false,true
game/simulation/components/modifiers.py,get_default_stat_multipliers,false,false,true
game/simulation/components/modifiers.py,calculate_stat_multipliers,false,false,true
game/simulation/designs.py,create_brick,false,false,true
game/simulation/designs.py,create_interceptor,false,false,true
game/simulation/entities/ability_aggregator.py,calculate_ability_totals,false,false,true
game/simulation/entities/ability_aggregator.py,get_ability_total,false,false,true
game/simulation/entities/projectile.py,Projectile.update,false,false,true
game/simulation/entities/projectile.py,Projectile._update_guidance,false,false,false
game/simulation/entities/projectile.py,Projectile.take_damage,false,false,true
game/simulation/entities/ship.py,Ship.component_manager,false,false,true
game/simulation/entities/ship.py,Ship.combat_manager,false,false,true
game/simulation/entities/ship.py,Ship.combat_engine,false,false,true
game/simulation/entities/ship.py,Ship.cached_summary,false,false,true
game/simulation/entities/ship_combat_engine.py,ShipCombatEngine.calculate_firing_solution,false,false,true
game/simulation/entities/ship_loader.py,get_or_create_validator,false,false,true
game/simulation/entities/ship_stats.py,ShipStatsCalculator._get_or_resolve_planetary_ids,false,false,false
game/simulation/projectile_manager.py,ProjectileManager.add_projectile,false,false,true
game/simulation/projectile_manager.py,ProjectileManager.clear,false,false,true
game/simulation/services/registry_loader.py,find_file,false,false,true
game/simulation/systems/battle_engine.py,BattleLogger.start_session,false,false,true
game/simulation/systems/battle_engine.py,BattleLogger.log,false,false,true
game/simulation/systems/battle_engine.py,BattleLogger.close,false,false,true
game/simulation/systems/resource_manager.py,ResourceState.add,false,false,true
game/simulation/systems/resource_manager.py,ResourceState.set_max,false,false,true
game/simulation/systems/resource_manager.py,ResourceState.update,false,false,true
game/simulation/systems/resource_manager.py,ResourceRegistry.register_storage,false,false,true
game/simulation/systems/resource_manager.py,ResourceRegistry.register_generation,false,false,true
game/simulation/systems/resource_manager.py,ResourceRegistry.reset_stats,false,false,true
game/simulation/systems/resource_manager.py,ResourceRegistry.update,false,false,true
game/simulation/systems/resource_manager.py,ResourceRegistry.set_value,false,false,true
game/simulation/systems/resource_manager.py,ResourceRegistry.modify_value,false,false,true
game/strategy/adapters/simulation_adapter.py,SimulationBattleResolver._build_spec,false,false,false
game/strategy/combat/spec_compiler.py,_build_strategy_post_battle_hook,false,false,false
game/strategy/combat/spec_compiler.py,_hook,false,false,false
game/strategy/data/empire.py,Empire.add_colony,false,false,true
game/strategy/data/empire.py,Empire.add_fleet,false,false,true
game/strategy/data/empire.py,Empire.remove_fleet,false,false,true
game/strategy/data/galaxy.py,StarSystem.primary_star,false,false,true
game/strategy/data/galaxy.py,StarSystem.add_warp_point,false,false,true
game/strategy/data/galaxy.py,Galaxy.add_system,false,false,true
game/strategy/data/galaxy_warp_generator.py,GalaxyWarpGenerator.find,false,false,true
game/strategy/data/galaxy_warp_generator.py,GalaxyWarpGenerator.union,false,false,true
game/strategy/data/pathfinding.py,find_hybrid_path,false,false,true
game/strategy/data/pathfinding.py,project_fleet_path,false,false,true
game/strategy/data/planet.py,Planet.add_production,false,false,true
game/strategy/data/planet_gen.py,PlanetGenerator._generate_surface_flags,false,false,false
game/strategy/data/race_point_budget.py,RacePointBudget._iter_paid_aptitudes,false,false,false
game/strategy/data/stars.py,StarGenerator._generate_spectrum,false,false,false
game/strategy/data/stars.py,StarGenerator.intensity_at,false,false,true
game/strategy/data/stars.py,StarGenerator.jitter,false,false,true
game/strategy/data/stars.py,StarGenerator.generate_system_stars,false,false,true
game/strategy/data/stars.py,StarGenerator.generate_from_blueprint,false,false,true
game/strategy/data/stars.py,StarGenerator._generate_random_stars,false,false,false
game/strategy/data/stars.py,StarGenerator._generate_mass_constrained,false,false,false
game/strategy/engine/atmosphere_engine.py,AtmosphereEngine._extract_atmo_modifier,false,false,false
game/strategy/engine/command_handlers.py,BaseCommandHandler._resolve_fleet_required,false,false,false
game/strategy/engine/command_handlers.py,BaseCommandHandler._resolve_planet_optional,false,false,false
game/strategy/engine/command_handlers.py,BaseCommandHandler._resolve_build_entity,false,false,false
game/strategy/engine/command_handlers.py,BaseCommandHandler._build_colonize_target,false,false,false
game/strategy/engine/conflict_resolution_engine.py,ConflictResolutionEngine._resolve_conflicts,false,false,false
game/strategy/engine/conflict_resolution_engine.py,ConflictResolutionEngine._resolve_combat_at_hex,false,false,false
game/strategy/engine/conflict_resolution_engine.py,ConflictResolutionEngine._rng_resolve_empty_fleets,false,false,false
game/strategy/engine/conflict_resolution_engine.py,ConflictResolutionEngine._lookup_environmental_effects,false,false,false
game/strategy/engine/game_session.py,GameSession._create_event_handler,false,false,false
game/strategy/engine/game_session.py,GameSession.handler,false,false,true
game/strategy/engine/game_session.py,GameSession._get_fleet_by_id,false,false,false
game/strategy/engine/game_session.py,GameSession._get_planet_by_id,false,false,false
game/strategy/engine/harvesting_engine.py,get_harvester_info,false,false,true
game/strategy/engine/harvesting_engine.py,get_harvester_from_registry,false,false,true
game/strategy/engine/harvesting_engine.py,HarvestingEngine._get_staging_info,false,false,false
game/strategy/engine/harvesting_engine.py,HarvestingEngine._get_storage_info,false,false,false
game/strategy/engine/harvesting_engine.py,HarvestingEngine._get_storage_from_registry,false,false,false
game/strategy/engine/planet_action_engine.py,PlanetActionEngine._resolve_component_key,false,false,false
game/strategy/engine/planet_action_engine.py,PlanetActionEngine._find_target_facility,false,false,false
game/strategy/engine/quality_engine.py,QualityEngine._extract_quality_improvement,false,false,false
game/strategy/engine/superweapon_order_processor.py,SuperweaponOrderProcessor._check_blocking_stabilizer,false,false,false
game/strategy/engine/superweapon_order_processor.py,SuperweaponOrderProcessor._get_reference_planet,false,false,false
game/strategy/engine/turn_engine.py,_NullBattleResolver.resolve_battle,false,false,true
game/strategy/engine/turn_engine.py,TurnEngine._time_phase,false,false,false
game/strategy/engine/water_engine.py,WaterEngine._extract_water_modifier,false,false,false
game/strategy/facade/strategy_session_facade.py,StrategySessionFacade._get_fleet_by_id,false,false,false
game/strategy/facade/strategy_session_facade.py,StrategySessionFacade._get_empire_by_id,false,false,false
game/strategy/facade/strategy_session_facade.py,StrategySessionFacade._get_planet_by_id,false,false,false
game/strategy/facade/strategy_session_facade.py,StrategySessionFacade._resolve_economy_config,false,false,false
game/strategy/services/cargo_transfer_service.py,CargoTransferService._label,false,false,false
game/strategy/services/combat_modifier_collector.py,_find_reference_planet,false,false,false
game/strategy/services/combat_modifier_collector.py,_find_empire,false,false,false
game/strategy/validation/colonize_validator.py,ColonizeValidator._validate_drop_pod_availability,false,false,false
game/ui/assets/ship_theme_manager.py,ShipThemeManager.clear,false,false,true
game/ui/assets/ship_theme_manager.py,ShipThemeManager.initialize,false,false,true
game/ui/assets/ship_theme_manager.py,ShipThemeManager._discover_theme,false,false,false
game/ui/assets/ship_theme_manager.py,ShipThemeManager.load_image,false,false,true
game/ui/assets/ship_theme_manager.py,ShipThemeManager._load_single_image,false,false,false
game/ui/assets/ship_theme_manager.py,ShipThemeManager.get_image_metrics,false,false,true
game/ui/assets/ship_theme_manager.py,ShipThemeManager.get_manual_scale,false,false,true
game/ui/assets/ship_theme_manager.py,ShipThemeManager._create_fallback_image,false,false,false
game/ui/assets/ship_theme_manager.py,ShipThemeManager.get_available_themes,false,false,true
game/ui/assets/ship_theme_manager.py,ShipThemeManager.get_portrait_image,false,false,true
game/ui/assets/ship_theme_manager.py,ShipThemeManager._load_portrait_image,false,false,false
game/ui/assets/ship_theme_manager.py,ShipThemeManager._ship_class_to_portrait_name,false,false,false
game/ui/panels/base_gallery.py,BaseGallery._create_content,false,false,false
game/ui/panels/base_gallery.py,BaseGallery._populate_gallery,false,false,false
game/ui/panels/base_gallery.py,BaseGallery.on_asset_selected,false,false,true
game/ui/panels/base_gallery.py,BaseGallery.set_from_config,false,false,true
game/ui/panels/battle_panels.py,BattlePanel.draw,false,false,true
game/ui/panels/battle_panels.py,BattlePanel.handle_click,false,false,true
game/ui/panels/battle_panels.py,BattlePanel.draw_stat_bar,false,false,true
game/ui/panels/battle_panels.py,BattlePanel._get_ships,false,false,false
game/ui/panels/battle_panels.py,ShipStatsPanel._is_expanded,false,false,false
game/ui/panels/battle_panels.py,ShipStatsPanel._toggle_expanded,false,false,false
game/ui/panels/battle_panels.py,ShipStatsPanel.draw,false,false,true
game/ui/panels/battle_panels.py,ShipStatsPanel.draw_ship_entry,false,false,true
game/ui/panels/battle_panels.py,ShipStatsPanel.draw_ship_details,false,false,true
game/ui/panels/battle_panels.py,ShipStatsPanel.get_expanded_height,false,false,true
game/ui/panels/battle_panels.py,ShipStatsPanel.handle_click,false,false,true
game/ui/panels/battle_panels.py,SeekerMonitorPanel._is_seeker_expanded,false,false,false
game/ui/panels/battle_panels.py,SeekerMonitorPanel._toggle_seeker_expanded,false,false,false
game/ui/panels/battle_panels.py,SeekerMonitorPanel.add_seeker,false,false,true
game/ui/panels/battle_panels.py,SeekerMonitorPanel.clear_inactive,false,false,true
game/ui/panels/battle_panels.py,SeekerMonitorPanel.draw,false,false,true
game/ui/panels/battle_panels.py,SeekerMonitorPanel.draw_seeker_entry,false,false,true
game/ui/panels/battle_panels.py,SeekerMonitorPanel.draw_seeker_details,false,false,true
game/ui/panels/battle_panels.py,SeekerMonitorPanel.handle_click,false,false,true
game/ui/panels/battle_panels.py,BattleControlPanel.draw,false,false,true
game/ui/panels/battle_panels.py,BattleControlPanel.handle_click,false,false,true
game/ui/panels/build_queue_controller.py,BuildQueueController.load_designs_by_category,false,false,true
game/ui/panels/build_queue_controller.py,BuildQueueController.set_category,false,false,true
game/ui/panels/build_queue_controller.py,BuildQueueController.set_role,false,false,true
game/ui/panels/build_queue_controller.py,BuildQueueController.add_to_queue,false,false,true
game/ui/panels/build_queue_controller.py,BuildQueueController.on_planet_selected,false,false,true
game/ui/panels/build_queue_controller.py,BuildQueueController.refresh_design_report,false,false,true
game/ui/panels/builder_widgets.py,ModifierEditorPanel._get_modifiers,false,false,false
game/ui/panels/builder_widgets.py,ModifierEditorPanel.rebuild,false,false,true
game/ui/panels/builder_widgets.py,ModifierEditorPanel.set_panel_height,false,false,true
game/ui/panels/builder_widgets.py,ModifierEditorPanel.update,false,false,true
game/ui/panels/builder_widgets.py,ModifierEditorPanel.layout,false,false,true
game/ui/panels/builder_widgets.py,ModifierEditorPanel._clear_scroll_container,false,false,false
game/ui/panels/builder_widgets.py,ModifierEditorPanel._clear_all_rows,false,false,false
game/ui/panels/builder_widgets.py,ModifierEditorPanel._ensure_row,false,false,false
game/ui/panels/builder_widgets.py,ModifierEditorPanel._clear_extra_ui,false,false,false
game/ui/panels/builder_widgets.py,ModifierEditorPanel._on_row_change,false,false,false
game/ui/panels/builder_widgets.py,ModifierEditorPanel.handle_event,false,false,true
game/ui/panels/component_modifier_grid_panel.py,ComponentModifierGridPanel._on_selection_changed,false,false,false
game/ui/panels/component_modifier_grid_panel.py,ComponentModifierGridPanel._on_ship_updated,false,false,false
game/ui/panels/component_modifier_grid_panel.py,ComponentModifierGridPanel.update_component,false,false,true
game/ui/panels/component_modifier_grid_panel.py,ComponentModifierGridPanel.draw,false,false,true
game/ui/panels/component_modifier_grid_panel.py,ComponentModifierGridPanel.show,false,false,true
game/ui/panels/component_modifier_grid_panel.py,ComponentModifierGridPanel.hide,false,false,true
game/ui/panels/component_modifier_grid_panel.py,ComponentModifierGridPanel.kill,false,false,true
game/ui/panels/design_report_panel.py,DesignReportPanel.show_placeholder,false,false,true
game/ui/panels/design_report_panel.py,DesignReportPanel.update_design,false,false,true
game/ui/panels/design_report_panel.py,DesignReportPanel._update_portrait,false,false,false
game/ui/panels/design_report_panel.py,DesignReportPanel.kill,false,false,true
game/ui/panels/empire_treasury_panel.py,EmpireTreasuryPanel._build_ui,false,false,false
game/ui/panels/empire_treasury_panel.py,EmpireTreasuryPanel.refresh,false,false,true
game/ui/panels/modifier_impact_grid.py,ModifierImpactGrid.update,false,false,true
game/ui/panels/modifier_impact_grid.py,ModifierImpactGrid._build_ui,false,false,false
game/ui/panels/modifier_impact_grid.py,ModifierImpactGrid.draw,false,false,true
game/ui/panels/modifier_impact_grid.py,ModifierImpactGrid._clear_ui,false,false,false
game/ui/panels/modifier_impact_grid.py,ModifierImpactGrid.kill,false,false,true
game/ui/panels/modifier_impact_grid.py,ModifierImpactGrid.set_position,false,false,true
game/ui/panels/planet_report_panel.py,_net_cell_color,false,false,false
game/ui/panels/planet_report_panel.py,PlanetReportPanel.update_planet,false,false,true
game/ui/panels/planet_report_panel.py,PlanetReportPanel._update_portrait,false,false,false
game/ui/panels/planet_report_panel.py,PlanetReportPanel._update_graph,false,false,false
game/ui/panels/planet_report_panel.py,PlanetReportPanel._update_complexes_list,false,false,false
game/ui/panels/planet_report_panel.py,PlanetReportPanel.get_height_required,false,false,true
game/ui/panels/planet_report_panel.py,PlanetReportPanel.kill,false,false,true
game/ui/panels/race_aptitudes_panel.py,RaceAptitudesPanel._create_content,false,false,false
game/ui/panels/race_aptitudes_panel.py,RaceAptitudesPanel._set_aptitude_value,false,false,false
game/ui/panels/race_aptitudes_panel.py,RaceAptitudesPanel.update_config,false,false,true
game/ui/panels/race_aptitudes_panel.py,RaceAptitudesPanel.set_from_config,false,false,true
game/ui/panels/race_aptitudes_panel.py,RaceAptitudesPanel.update_labels,false,false,true
game/ui/panels/race_aptitudes_panel.py,RaceAptitudesPanel.update_budget_display,false,false,true
game/ui/panels/race_description_panel.py,RaceDescriptionPanel._create_content,false,false,false
game/ui/panels/race_description_panel.py,RaceDescriptionPanel.update_char_counts,false,false,true
game/ui/panels/race_description_panel.py,RaceDescriptionPanel.update_config,false,false,true
game/ui/panels/race_description_panel.py,RaceDescriptionPanel.set_from_config,false,false,true
game/ui/panels/race_identity_panel.py,RaceIdentityPanel._init_empty_refs,false,false,false
game/ui/panels/race_identity_panel.py,RaceIdentityPanel._create_content,false,false,false
game/ui/panels/race_identity_panel.py,RaceIdentityPanel._update_faction_if_not_overridden,false,false,false
game/ui/panels/race_identity_panel.py,RaceIdentityPanel.update_config,false,false,true
game/ui/panels/race_identity_panel.py,RaceIdentityPanel.set_from_config,false,false,true
game/ui/panels/race_identity_panel.py,RaceIdentityPanel._recreate_dropdown,false,false,false
game/ui/panels/race_identity_panel.py,RaceIdentityPanel.update_labels,false,false,true
game/ui/panels/race_summary_panel.py,RaceSummaryPanel._create_content,false,false,false
game/ui/panels/race_summary_panel.py,RaceSummaryPanel._create_column2_content,false,false,false
game/ui/panels/race_summary_panel.py,RaceSummaryPanel._create_column3_content,false,false,false
game/ui/panels/race_summary_panel.py,RaceSummaryPanel.refresh,false,false,true
game/ui/panels/race_summary_panel.py,RaceSummaryPanel._refresh_flag_preview,false,false,false
game/ui/panels/race_summary_panel.py,RaceSummaryPanel._refresh_portrait_preview,false,false,false
game/ui/panels/race_summary_panel.py,RaceSummaryPanel._refresh_ship_preview,false,false,false
game/ui/panels/race_theme_gallery.py,RaceThemeGallery._create_content,false,false,false
game/ui/panels/race_theme_gallery.py,RaceThemeGallery._populate_gallery,false,false,false
game/ui/panels/ship_detail_panel.py,ShipDetailPanel._show_placeholder,false,false,false
game/ui/panels/ship_detail_panel.py,ShipDetailPanel._clear_elements,false,false,false
game/ui/panels/ship_detail_panel.py,ShipDetailPanel.update_ship,false,false,true
game/ui/panels/ship_detail_panel.py,ShipDetailPanel._build_ship_display,false,false,false
game/ui/panels/ship_detail_panel.py,ShipDetailPanel.toggle_layer,false,false,true
game/ui/panels/ship_detail_panel.py,ShipDetailPanel.kill,false,false,true
game/ui/panels/ship_stats_renderer.py,draw_stat_bar,false,false,true
game/ui/panels/ship_stats_renderer.py,get_component_status_display,false,false,true
game/ui/panels/ship_stats_renderer.py,get_hp_bar_color,false,false,true
game/ui/panels/ship_stats_renderer.py,draw_ship_resources,false,false,true
game/ui/panels/ship_stats_renderer.py,draw_weapon_entry,false,false,true
game/ui/panels/ship_stats_renderer.py,draw_component_entry,false,false,true
game/ui/panels/ship_stats_renderer.py,draw_ship_info_header,false,false,true
game/ui/panels/ship_stats_renderer.py,draw_ship_vitals,false,false,true
game/ui/panels/ship_stats_renderer.py,draw_ship_combat_stats,false,false,true
game/ui/panels/ship_stats_renderer.py,draw_fleet_bonuses,false,false,true
game/ui/panels/ship_stats_renderer.py,draw_ship_weapons,false,false,true
game/ui/panels/ship_stats_renderer.py,draw_ship_components,false,false,true
game/ui/panels/strategy_widgets.py,DataGraph.clear,false,false,true
game/ui/panels/strategy_widgets.py,SpectrumGraph.render,false,false,true
game/ui/panels/strategy_widgets.py,AtmosphereGraph.render,false,false,true
game/ui/panels/system_tree_panel.py,SystemTreeItem.add_child,false,false,true
game/ui/panels/system_tree_panel.py,SystemTreeItem.set_expanded,false,false,true
game/ui/panels/system_tree_panel.py,SystemTreeItem.set_position,false,false,true
game/ui/panels/system_tree_panel.py,SystemTreeItem.show,false,false,true
game/ui/panels/system_tree_panel.py,SystemTreeItem.hide,false,false,true
game/ui/panels/system_tree_panel.py,SystemTreeItem.kill,false,false,true
game/ui/panels/system_tree_panel.py,SystemTreePanel.set_items,false,false,true
game/ui/panels/system_tree_panel.py,SystemTreePanel.create_planet_nodes,false,false,true
game/ui/panels/system_tree_panel.py,SystemTreePanel._get_empire_context,false,false,false
game/ui/panels/system_tree_panel.py,SystemTreePanel._add_system_effects,false,false,false
game/ui/panels/system_tree_panel.py,SystemTreePanel._add_sector_effects,false,false,false
game/ui/panels/system_tree_panel.py,SystemTreePanel._add_effects_group,false,false,false
game/ui/panels/system_tree_panel.py,SystemTreePanel.layout,false,false,true
game/ui/panels/system_tree_panel.py,SystemTreePanel.process_item,false,false,true
game/ui/panels/system_tree_panel.py,SystemTreePanel._hide_recursive,false,false,false
game/ui/panels/system_tree_panel.py,SystemTreePanel.process_event,false,false,true
game/ui/panels/system_tree_panel.py,SystemTreePanel.on_click,false,false,true
game/ui/panels/system_tree_panel.py,SystemTreePanel.set_selection_callback,false,false,true
game/ui/panels/system_tree_panel.py,SystemTreePanel.set_dimensions,false,false,true
game/ui/renderer/game_renderer.py,draw_ship,false,false,true
game/ui/renderer/game_renderer.py,scale,false,false,true
game/ui/research/research_controls.py,ResearchControlPanel._create_ui,false,false,false
game/ui/research/research_controls.py,ResearchControlPanel.update_selected_node,false,false,true
game/ui/research/research_controls.py,ResearchControlPanel.clear_selection,false,false,true
game/ui/research/research_controls.py,ResearchControlPanel.update_budget_display,false,false,true
game/ui/research/research_controls.py,ResearchControlPanel._toggle_auto_spread,false,false,false
game/ui/research/research_controls.py,ResearchControlPanel._update_auto_spread_button,false,false,false
game/ui/research/research_controls.py,ResearchControlPanel._update_allocation_slider_range,false,false,false
game/ui/research/research_controls.py,ResearchControlPanel.update_turn_log,false,false,true
game/ui/research/research_controls.py,ResearchControlPanel.clear_log,false,false,true
game/ui/research/research_controls.py,ResearchControlPanel.reset,false,false,true
game/ui/research/research_renderer.py,ResearchRenderer.draw,false,false,true
game/ui/research/research_renderer.py,ResearchRenderer._draw_dependency_lines,false,false,false
game/ui/research/research_renderer.py,ResearchRenderer._draw_dashed_line,false,false,false
game/ui/research/research_renderer.py,ResearchRenderer._draw_nodes,false,false,false
game/ui/research/research_scene.py,ResearchTreeScene._calculate_layout,false,false,false
game/ui/research/research_scene.py,ResearchTreeScene._center_camera,false,false,false
game/ui/research/research_scene.py,ResearchTreeScene.update,false,false,true
game/ui/research/research_scene.py,ResearchTreeScene.draw,false,false,true
game/ui/research/research_scene.py,ResearchTreeScene.handle_event,false,false,true
game/ui/research/research_scene.py,ResearchTreeScene.handle_resize,false,false,true
game/ui/research/research_scene.py,ResearchTreeScene._handle_click,false,false,false
game/ui/research/research_scene.py,ResearchTreeScene._on_next_turn,false,false,false
game/ui/research/research_scene.py,ResearchTreeScene._on_close,false,false,false
game/ui/research/research_scene.py,ResearchTreeScene._on_reset,false,false,false
game/ui/research/research_scene.py,ResearchTreeScene._on_auto_spread_changed,false,false,false
game/ui/research/research_scene.py,ResearchTreeScene.handle_input,false,false,true
game/ui/screens/atmosphere_target_editor.py,AtmosphereTargetEditor._build_ui,false,false,false
game/ui/screens/atmosphere_target_editor.py,AtmosphereTargetEditor.update,false,false,true
game/ui/screens/atmosphere_target_editor.py,AtmosphereTargetEditor._on_apply,false,false,false
game/ui/screens/atmosphere_target_editor.py,AtmosphereTargetEditor._set_species_ideal,false,false,false
game/ui/screens/atmosphere_target_editor.py,AtmosphereTargetEditor._set_match_current,false,false,false
game/ui/screens/atmosphere_target_editor.py,AtmosphereTargetEditor._clear_target,false,false,false
game/ui/screens/atmosphere_target_editor.py,AtmosphereTargetEditor._get_active_race_config,false,false,false
game/ui/screens/battle_results_screen.py,_hp_color,false,false,false
game/ui/screens/battle_results_screen.py,BattleResultsScreen.handle_event,false,false,true
game/ui/screens/battle_results_screen.py,BattleResultsScreen._handle_scroll,false,false,false
game/ui/screens/battle_results_screen.py,BattleResultsScreen._trigger_return,false,false,false
game/ui/screens/battle_results_screen.py,BattleResultsScreen.update,false,false,true
game/ui/screens/battle_results_screen.py,BattleResultsScreen.handle_resize,false,false,true
game/ui/screens/battle_results_screen.py,BattleResultsScreen.draw,false,false,true
game/ui/screens/battle_results_screen.py,BattleResultsScreen._draw_header,false,false,false
game/ui/screens/battle_results_screen.py,BattleResultsScreen._draw_team_column,false,false,false
game/ui/screens/battle_results_screen.py,BattleResultsScreen._draw_ship_card,false,false,false
game/ui/screens/battle_results_screen.py,BattleResultsScreen._draw_footer,false,false,false
game/ui/screens/battle_screen.py,BattleScreen.engine,false,false,true
game/ui/screens/battle_screen.py,BattleScreen.handle_resize,false,false,true
game/ui/screens/battle_screen.py,BattleScreen.show_overlay,false,false,true
game/ui/screens/battle_screen.py,BattleScreen.show_overlay,false,false,true
game/ui/screens/battle_screen.py,BattleScreen.stats_panel_width,false,false,true
game/ui/screens/battle_screen.py,BattleScreen.ships,false,false,true
game/ui/screens/battle_screen.py,BattleScreen.projectiles,false,false,true
game/ui/screens/battle_screen.py,BattleScreen.ai_controllers,false,false,true
game/ui/screens/battle_screen.py,BattleScreen.handle_event,false,false,true
game/ui/screens/battle_screen.py,BattleScreen._resolve_focus_target,false,false,false
game/ui/screens/battle_screen.py,BattleScreen._handle_keydown,false,false,false
game/ui/screens/battle_screen.py,BattleScreen.update,false,false,true
game/ui/screens/battle_screen.py,BattleScreen._update_headless,false,false,false
game/ui/screens/battle_screen.py,BattleScreen._update_visual,false,false,false
game/ui/screens/battle_screen.py,BattleScreen._run_single_tick,false,false,false
game/ui/screens/battle_screen.py,BattleScreen._update_visual_effects,false,false,false
game/ui/screens/battle_screen.py,BattleScreen._update_tick_rate,false,false,false
game/ui/screens/battle_screen.py,BattleScreen._on_battle_ended,false,false,false
game/ui/screens/battle_screen.py,BattleScreen._cycle_focus_ship,false,false,false
game/ui/screens/battle_screen.py,BattleScreen._subscribe_combat_events,false,false,false
game/ui/screens/battle_screen.py,BattleScreen._add_hit_effect,false,false,false
game/ui/screens/battle_screen.py,BattleScreen._on_shield_hit,false,false,false
game/ui/screens/battle_screen.py,BattleScreen._on_component_hit,false,false,false
game/ui/screens/battle_screen.py,BattleScreen._on_component_destroyed,false,false,false
game/ui/screens/battle_screen.py,BattleScreen._on_ship_destroyed,false,false,false
game/ui/screens/battle_screen.py,BattleScreen.is_battle_over,false,false,true
game/ui/screens/battle_screen.py,BattleScreen.get_winner,false,false,true
game/ui/screens/battle_screen.py,BattleScreen.draw,false,false,true
game/ui/screens/battle_screen.py,BattleScreen.draw_hud,false,false,true
game/ui/screens/battle_screen.py,BattleScreen.print_headless_summary,false,false,true
game/ui/screens/battle_setup/controller.py,_get_registries,false,false,false
game/ui/screens/battle_setup/controller.py,BattleSetupController._get_active_fleet,false,false,false
game/ui/screens/battle_setup/controller.py,BattleSetupController._build_end_condition,false,false,false
game/ui/screens/battle_setup/fleet_hierarchy_editor.py,_get_registries,false,false,false
game/ui/screens/battle_setup/screen.py,FleetBattleSetupScreen.handle_event,false,false,true
game/ui/screens/battle_setup/screen.py,FleetBattleSetupScreen.update,false,false,true
game/ui/screens/battle_setup/screen.py,FleetBattleSetupScreen.draw,false,false,true
game/ui/screens/battle_setup/screen.py,FleetBattleSetupScreen.handle_resize,false,false,true
game/ui/screens/battle_setup/screen.py,FleetBattleSetupScreen.selected_tf_index,false,false,true
game/ui/screens/battle_setup/screen.py,FleetBattleSetupScreen.selected_sq_index,false,false,true
game/ui/screens/battle_setup/screen.py,FleetBattleSetupScreen.selected_ship_index,false,false,true
game/ui/screens/battle_setup/spec_compiler.py,_iter_components,false,false,false
game/ui/screens/battle_state_viewer.py,BattleStateViewer.show,false,false,true
game/ui/screens/battle_state_viewer.py,BattleStateViewer.hide,false,false,true
game/ui/screens/battle_state_viewer.py,BattleStateViewer.handle_resize,false,false,true
game/ui/screens/battle_state_viewer.py,BattleStateViewer.draw,false,false,true
game/ui/screens/battle_state_viewer.py,BattleStateViewer._draw_legend,false,false,false
game/ui/screens/battle_ui.py,BattleUI.track_projectile,false,false,true
game/ui/screens/battle_ui.py,BattleUI.handle_resize,false,false,true
game/ui/screens/battle_ui.py,BattleUI.draw,false,false,true
game/ui/screens/battle_ui.py,BattleUI.handle_click,false,false,true
game/ui/screens/battle_ui.py,BattleUI.handle_scroll,false,false,true
game/ui/screens/battle_ui.py,BattleUI.draw_grid,false,false,true
game/ui/screens/battle_ui.py,BattleUI.draw_debug_overlay,false,false,true
game/ui/screens/build_queue_list_window.py,BuildQueueListWindow._build_list,false,false,false
game/ui/screens/build_queue_list_window.py,BuildQueueListWindow.process_event,false,false,true
game/ui/screens/build_queue_list_window.py,BuildQueueListWindow.kill,false,false,true
game/ui/screens/build_queue_panel_factory.py,BuildQueuePanelFactory._create_context_report_panel,false,false,false
game/ui/screens/build_queue_panel_factory.py,BuildQueuePanelFactory._create_items_list_panel,false,false,false
game/ui/screens/build_queue_panel_factory.py,BuildQueuePanelFactory._create_build_queue_panel,false,false,false
game/ui/screens/build_queue_panel_factory.py,BuildQueuePanelFactory._create_filter_panel,false,false,false
game/ui/screens/build_queue_panel_factory.py,BuildQueuePanelFactory._create_bottom_bar,false,false,false
game/ui/screens/build_queue_screen.py,BuildQueueScreen._validate_params,false,false,false
game/ui/screens/build_queue_screen.py,BuildQueueScreen._refresh_items_list,false,false,false
game/ui/screens/build_queue_screen.py,BuildQueueScreen._refresh_queue_display,false,false,false
game/ui/screens/build_queue_screen.py,BuildQueueScreen._refresh_queue_selector,false,false,false
game/ui/screens/build_queue_screen.py,BuildQueueScreen.handle_event,false,false,true
game/ui/screens/build_queue_screen.py,BuildQueueScreen._handle_remove,false,false,false
game/ui/screens/build_queue_screen.py,BuildQueueScreen._prompt_target_planet,false,false,false
game/ui/screens/build_queue_screen.py,BuildQueueScreen._close,false,false,false
game/ui/screens/build_queue_screen.py,BuildQueueScreen.update,false,false,true
game/ui/screens/build_queue_screen.py,BuildQueueScreen.draw,false,false,true
game/ui/screens/builder/detail_panel.py,ComponentDetailPanel.on_selection_changed,false,false,true
game/ui/screens/builder/detail_panel.py,ComponentDetailPanel.show_component,false,false,true
game/ui/screens/builder/detail_panel.py,ComponentDetailPanel.add_line,false,false,true
game/ui/screens/builder/detail_panel.py,ComponentDetailPanel.show_details_popup,false,false,true
game/ui/screens/builder/detail_panel.py,ComponentDetailPanel._clear_display,false,false,false
game/ui/screens/builder/detail_panel.py,ComponentDetailPanel._update_image,false,false,false
game/ui/screens/builder/detail_panel.py,ComponentDetailPanel.set_position,false,false,true
game/ui/screens/builder/detail_panel.py,ComponentDetailPanel.handle_event,false,false,true
game/ui/screens/builder/detail_panel.py,ComponentDetailPanel.draw,false,false,true
game/ui/screens/builder/event_bus.py,EventBus.subscribe,false,false,true
game/ui/screens/builder/event_bus.py,EventBus.unsubscribe,false,false,true
game/ui/screens/builder/event_bus.py,EventBus.emit,false,false,true
game/ui/screens/builder/grouping_strategies.py,get_component_group_key,false,false,true
game/ui/screens/builder/interaction_controller.py,InteractionController.register_drop_target,false,false,true
game/ui/screens/builder/interaction_controller.py,InteractionController.handle_event,false,false,true
game/ui/screens/builder/interaction_controller.py,InteractionController.update,false,false,true
game/ui/screens/builder/interaction_controller.py,InteractionController._handle_drop,false,false,false
game/ui/screens/builder/layer_panel.py,LayerPanel.rebuild,false,false,true
game/ui/screens/builder/layer_panel.py,LayerPanel.handle_item_action,false,false,true
game/ui/screens/builder/layer_panel.py,LayerPanel.handle_event,false,false,true
game/ui/screens/builder/layer_panel.py,LayerPanel.update,false,false,true
game/ui/screens/builder/layer_panel.py,LayerPanel.suppress_toggle,false,false,true
game/ui/screens/builder/layer_panel.py,LayerPanel.draw,false,false,true
game/ui/screens/builder/layer_panel.py,LayerPanel.can_accept_drop,false,false,true
game/ui/screens/builder/layer_panel.py,LayerPanel.accept_drop,false,false,true
game/ui/screens/builder/layer_panel.py,LayerPanel.get_target_layer_at,false,false,true
game/ui/screens/builder/layer_panel.py,LayerPanel.get_range_selection,false,false,true
game/ui/screens/builder/left_panel.py,BuilderLeftPanel.on_registry_reloaded,false,false,true
game/ui/screens/builder/left_panel.py,BuilderLeftPanel.update,false,false,true
game/ui/screens/builder/left_panel.py,BuilderLeftPanel.get_hovered_list_item,false,false,true
game/ui/screens/builder/left_panel.py,BuilderLeftPanel.deselect_all,false,false,true
game/ui/screens/builder/left_panel.py,BuilderLeftPanel.update_component_list,false,false,true
game/ui/screens/builder/left_panel.py,BuilderLeftPanel.draw,false,false,true
game/ui/screens/builder/left_panel.py,BuilderLeftPanel.handle_event,false,false,true
game/ui/screens/builder/left_panel.py,BuilderLeftPanel.get_add_count,false,false,true
game/ui/screens/builder/left_panel.py,BuilderLeftPanel._get_selected_layer,false,false,false
game/ui/screens/builder/left_panel.py,BuilderLeftPanel.get_hovered_component,false,false,true
game/ui/screens/builder/modifier_logic.py,ModifierLogicService.calculate_snap_value,false,false,true
game/ui/screens/builder/modifier_logic.py,ModifierLogic.set_service,false,false,true
game/ui/screens/builder/modifier_logic.py,ModifierLogic.is_modifier_allowed,false,false,true
game/ui/screens/builder/modifier_logic.py,ModifierLogic.get_mandatory_modifiers,false,false,true
game/ui/screens/builder/modifier_logic.py,ModifierLogic.is_modifier_mandatory,false,false,true
game/ui/screens/builder/modifier_logic.py,ModifierLogic.get_initial_value,false,false,true
game/ui/screens/builder/modifier_logic.py,ModifierLogic.ensure_mandatory_modifiers,false,false,true
game/ui/screens/builder/modifier_logic.py,ModifierLogic.get_local_min_max,false,false,true
game/ui/screens/builder/modifier_logic.py,ModifierLogic.calculate_snap_value,false,false,true
game/ui/screens/builder/modifier_row.py,ModifierControlRow._get_local_bounds,false,false,false
game/ui/screens/builder/modifier_row.py,ModifierControlRow._set_controls_enabled,false,false,false
game/ui/screens/builder/modifier_row.py,ModifierControlRow.build_ui,false,false,true
game/ui/screens/builder/modifier_row.py,ModifierControlRow._build_linear_controls,false,false,false
game/ui/screens/builder/modifier_row.py,ModifierControlRow._clear_ui,false,false,false
game/ui/screens/builder/modifier_row.py,ModifierControlRow.update,false,false,true
game/ui/screens/builder/modifier_row.py,ModifierControlRow.handle_event,false,false,true
game/ui/screens/builder/modifier_row.py,ModifierControlRow.kill,false,false,true
game/ui/screens/builder/modifier_utils.py,copy_modifiers,false,false,true
game/ui/screens/builder/right_panel.py,BuilderRightPanel.on_registry_reloaded,false,false,true
game/ui/screens/builder/right_panel.py,BuilderRightPanel.on_ship_updated,false,false,true
game/ui/screens/builder/right_panel.py,BuilderRightPanel.setup_controls,false,false,true
game/ui/screens/builder/right_panel.py,BuilderRightPanel.refresh_controls,false,false,true
game/ui/screens/builder/right_panel.py,BuilderRightPanel.update_portrait_image,false,false,true
game/ui/screens/builder/right_panel.py,BuilderRightPanel.setup_stats,false,false,true
game/ui/screens/builder/right_panel.py,BuilderRightPanel._sync_from_stats_panel,false,false,false
game/ui/screens/builder/right_panel.py,BuilderRightPanel.rebuild_stats,false,false,true
game/ui/screens/builder/right_panel.py,BuilderRightPanel.update_class_dropdown,false,false,true
game/ui/screens/builder/right_panel.py,BuilderRightPanel.update_vehicle_type_dropdown,false,false,true
game/ui/screens/builder/right_panel.py,BuilderRightPanel.update_role_dropdown,false,false,true
game/ui/screens/builder/right_panel.py,BuilderRightPanel._get_role_dropdown_data,false,false,false
game/ui/screens/builder/right_panel.py,BuilderRightPanel.update_dropdowns_for_data_reload,false,false,true
game/ui/screens/builder/right_panel.py,BuilderRightPanel.update_stats_display,false,false,true
game/ui/screens/builder/schematic_view.py,SchematicView.update_rect,false,false,true
game/ui/screens/builder/schematic_view.py,SchematicView.invalidate_cache,false,false,true
game/ui/screens/builder/schematic_view.py,SchematicView._calculate_max_r,false,false,false
game/ui/screens/builder/schematic_view.py,SchematicView.draw,false,false,true
game/ui/screens/builder/schematic_view.py,SchematicView.draw_all_firing_arcs,false,false,true
game/ui/screens/builder/schematic_view.py,SchematicView.draw_component_firing_arc,false,false,true
game/ui/screens/builder/schematic_view.py,SchematicView._get_cached_arc,false,false,false
game/ui/screens/builder/schematic_view.py,SchematicView.draw_weapon_arc,false,false,true
game/ui/screens/builder/stat_definitions.py,StatDefinition.get_value,false,false,true
game/ui/screens/builder/stat_definitions.py,StatDefinition.format_value,false,false,true
game/ui/screens/builder/stat_definitions.py,StatDefinition.get_display_unit,false,false,true
game/ui/screens/builder/stat_definitions.py,StatDefinition.get_status,false,false,true
game/ui/screens/builder/stat_getters.py,fmt_time,false,false,true
game/ui/screens/builder/stat_getters.py,fmt_multiply,false,false,true
game/ui/screens/builder/stat_getters.py,fmt_decimal,false,false,true
game/ui/screens/builder/stat_getters.py,fmt_score,false,false,true
game/ui/screens/builder/stat_getters.py,fmt_targeting,false,false,true
game/ui/screens/builder/stat_getters.py,_get_total_crew_requirement,false,false,false
game/ui/screens/builder/stat_getters.py,mass_validator,false,false,true
game/ui/screens/builder/stat_getters.py,crew_validator,false,false,true
game/ui/screens/builder/stat_getters.py,life_support_validator,false,false,true
game/ui/screens/builder/stat_getters.py,get_mass_display,false,false,true
game/ui/screens/builder/stat_getters.py,get_crew_required,false,false,true
game/ui/screens/builder/stat_getters.py,get_crew_capacity,false,false,true
game/ui/screens/builder/stat_getters.py,get_life_support,false,false,true
game/ui/screens/builder/stat_getters.py,get_max_targets,false,false,true
game/ui/screens/builder/stat_getters.py,get_armor_hp,false,false,true
game/ui/screens/builder/stat_getters.py,get_maneuver_points,false,false,true
game/ui/screens/builder/stat_getters.py,get_strategic_speed,false,false,true
game/ui/screens/builder/stat_getters.py,get_fuel_consumption,false,false,true
game/ui/screens/builder/stat_getters.py,get_ammo_consumption,false,false,true
game/ui/screens/builder/stat_getters.py,get_energy_consumption,false,false,true
game/ui/screens/builder/stat_getters.py,get_resource_storage,false,false,true
game/ui/screens/builder/stat_getters.py,get_resource_current,false,false,true
game/ui/screens/builder/stat_getters.py,get_resource_generation,false,false,true
game/ui/screens/builder/stat_getters.py,get_resource_consumption,false,false,true
game/ui/screens/builder/stat_getters.py,get_resource_endurance,false,false,true
game/ui/screens/builder/stat_getters.py,get_resource_replenish,false,false,true
game/ui/screens/builder/stat_getters.py,get_resource_max_usage,false,false,true
game/ui/screens/builder/stat_getters.py,get_weapon_count,false,false,true
game/ui/screens/builder/stat_getters.py,get_total_dps,false,false,true
game/ui/screens/builder/stat_getters.py,get_dps_duration,false,false,true
game/ui/screens/builder/stat_getters.py,get_max_range,false,false,true
game/ui/screens/builder/stat_getters.py,get_warp_capable,false,false,true
game/ui/screens/builder/stat_getters.py,get_warp_tonnage,false,false,true
game/ui/screens/builder/stat_getters.py,get_warp_cost,false,false,true
game/ui/screens/builder/stat_getters.py,get_warp_jumps,false,false,true
game/ui/screens/builder/stat_getters.py,get_fuel_per_hex,false,false,true
game/ui/screens/builder/stat_getters.py,get_hex_range,false,false,true
game/ui/screens/builder/stat_getters.py,get_cargo_capacity,false,false,true
game/ui/screens/builder/stat_getters.py,get_passenger_capacity,false,false,true
game/ui/screens/builder/stat_getters.py,get_pod_storage,false,false,true
game/ui/screens/builder/stat_getters.py,get_colony_types,false,false,true
game/ui/screens/builder/stat_getters.py,get_superweapon_summary,false,false,true
game/ui/screens/builder/stat_getters.py,has_superweapons,false,false,true
game/ui/screens/builder/stat_getters.py,get_repair_rate,false,false,true
game/ui/screens/builder/stat_getters.py,get_command_status,false,false,true
game/ui/screens/builder/stat_getters.py,fmt_yes_no,false,false,true
game/ui/screens/builder/stat_getters.py,fmt_int,false,false,true
game/ui/screens/builder/stat_getters.py,fmt_text,false,false,true
game/ui/screens/builder/stat_getters.py,mass_unit_func,false,false,true
game/ui/screens/builder/stat_rows_dynamic.py,_get_constant_consumption,false,false,false
game/ui/screens/builder/stat_rows_dynamic.py,_get_max_endurance,false,false,false
game/ui/screens/builder/stat_rows_dynamic.py,_discover_resources,false,false,false
game/ui/screens/builder/stat_rows_dynamic.py,sort_key,false,false,true
game/ui/screens/builder/stat_rows_dynamic.py,_build_resource_rows,false,false,false
game/ui/screens/builder/stat_rows_dynamic.py,get_logistics_rows,false,false,true
game/ui/screens/builder/stat_rows_dynamic.py,get_construction_rows,false,false,true
game/ui/screens/builder/stat_rows_dynamic.py,res_getter,false,false,true
game/ui/screens/builder/stat_rows_dynamic.py,_get_strategic_abilities,false,false,false
game/ui/screens/builder/stat_rows_dynamic.py,get_strategic_rows,false,false,true
game/ui/screens/builder/stat_rows_dynamic.py,rate_getter,false,false,true
game/ui/screens/builder/stat_rows_dynamic.py,cap_getter,false,false,true
game/ui/screens/builder/stat_rows_dynamic.py,yard_getter,false,false,true
game/ui/screens/builder/stat_rows_dynamic.py,shipyard_getter,false,false,true
game/ui/screens/builder/stat_rows_dynamic.py,max_mass_getter,false,false,true
game/ui/screens/builder/stat_rows_dynamic.py,staging_getter,false,false,true
game/ui/screens/builder/stat_rows_dynamic.py,get_cargo_rows,false,false,true
game/ui/screens/builder/stat_rows_dynamic.py,cap_getter,false,false,true
game/ui/screens/builder/stat_rows_dynamic.py,get_planetary_engineering_rows,false,false,true
game/ui/screens/builder/stat_rows_dynamic.py,rate_getter,false,false,true
game/ui/screens/builder/stat_rows_dynamic.py,get_planetary_defense_rows,false,false,true
game/ui/screens/builder/stat_rows_dynamic.py,drain_getter,false,false,true
game/ui/screens/builder/stat_rows_dynamic.py,get_strategic_modifier_rows,false,false,true
game/ui/screens/builder/stat_rows_dynamic.py,mult_getter,false,false,true
game/ui/screens/builder/stat_rows_dynamic.py,get_superweapon_rows,false,false,true
game/ui/screens/builder/stat_rows_dynamic.py,count_getter,false,false,true
game/ui/screens/builder/stats_config.py,load_stats_config,false,false,true
game/ui/screens/builder/structure_list_items.py,IndividualComponentItem.update,false,false,true
game/ui/screens/builder/structure_list_items.py,IndividualComponentItem._rebuild_modifier_icons,false,false,false
game/ui/screens/builder/structure_list_items.py,IndividualComponentItem._create_tree_line,false,false,false
game/ui/screens/builder/structure_list_items.py,IndividualComponentItem.get_abs_rect,false,false,true
game/ui/screens/builder/structure_list_items.py,IndividualComponentItem.handle_event,false,false,true
game/ui/screens/builder/structure_list_items.py,IndividualComponentItem.set_move_buttons_enabled,false,false,true
game/ui/screens/builder/structure_list_items.py,IndividualComponentItem.kill,false,false,true
game/ui/screens/builder/structure_list_items.py,LayerComponentItem.update,false,false,true
game/ui/screens/builder/structure_list_items.py,LayerComponentItem._rebuild_modifier_icons,false,false,false
game/ui/screens/builder/structure_list_items.py,LayerComponentItem.handle_event,false,false,true
game/ui/screens/builder/structure_list_items.py,LayerComponentItem.set_move_buttons_enabled,false,false,true
game/ui/screens/builder/structure_list_items.py,LayerComponentItem.get_abs_rect,false,false,true
game/ui/screens/builder/structure_list_items.py,LayerComponentItem.kill,false,false,true
game/ui/screens/builder/structure_list_items.py,LayerHeaderItem.update,false,false,true
game/ui/screens/builder/structure_list_items.py,LayerHeaderItem.handle_event,false,false,true
game/ui/screens/builder/structure_list_items.py,LayerHeaderItem.kill,false,false,true
game/ui/screens/builder/weapons_panel.py,WeaponsReportPanel._setup_filter_buttons,false,false,false
game/ui/screens/builder/weapons_panel.py,WeaponsReportPanel._update_button_colors,false,false,false
game/ui/screens/builder/weapons_panel.py,WeaponsReportPanel.set_text,false,false,true
game/ui/screens/builder/weapons_panel.py,WeaponsReportPanel._on_weapons_updated,false,false,false
game/ui/screens/builder/weapons_panel.py,WeaponsReportPanel._on_filter_changed,false,false,false
game/ui/screens/builder/weapons_panel.py,WeaponsReportPanel._update_scrollbar,false,false,false
game/ui/screens/builder/weapons_panel.py,WeaponsReportPanel.hovered_weapon,false,false,true
game/ui/screens/builder/weapons_panel.py,WeaponsReportPanel.verbose_tooltip,false,false,true
game/ui/screens/builder/weapons_panel.py,WeaponsReportPanel.set_target,false,false,true
game/ui/screens/builder/weapons_panel.py,WeaponsReportPanel.clear_target,false,false,true
game/ui/screens/builder/weapons_panel.py,WeaponsReportPanel.update,false,false,true
game/ui/screens/builder/weapons_panel.py,WeaponsReportPanel.handle_event,false,false,true
game/ui/screens/builder/weapons_panel.py,WeaponsReportPanel.draw,false,false,true
game/ui/screens/builder/weapons_renderer.py,WeaponsRenderer.can_draw_at,false,false,true
game/ui/screens/builder/weapons_viewmodel.py,WeaponsViewModel.hovered_weapon,false,false,true
game/ui/screens/builder/weapons_viewmodel.py,WeaponsViewModel.get_key,false,false,true
game/ui/screens/builder/weapons_viewmodel.py,WeaponsViewModel.calc_accuracy_at_range,false,false,true
game/ui/screens/builder/weapons_viewmodel.py,WeaponsViewModel.calc_damage_at_range,false,false,true
game/ui/screens/builder_selection.py,normalize_selection,false,false,true
game/ui/screens/builder_selection.py,process_selection_change,false,false,true
game/ui/screens/builder_selection.py,get_primary_selection,false,false,true
game/ui/screens/cargo_quick_dialog.py,CargoQuickDialog._setup_ui,false,false,false
game/ui/screens/cargo_quick_dialog.py,CargoQuickDialog._populate_items,false,false,false
game/ui/screens/cargo_quick_dialog.py,CargoQuickDialog._populate_unload_items,false,false,false
game/ui/screens/cargo_quick_dialog.py,CargoQuickDialog._populate_load_items,false,false,false
game/ui/screens/cargo_quick_dialog.py,CargoQuickDialog._add_cargo_row,false,false,false
game/ui/screens/cargo_quick_dialog.py,CargoQuickDialog.process_event,false,false,true
game/ui/screens/cargo_quick_dialog.py,CargoQuickDialog._issue_orders,false,false,false
game/ui/screens/design_image_helper.py,clear_thumbnail_cache,false,false,true
game/ui/screens/design_selector_window.py,DesignSelectorWindow._create_sidebar,false,false,false
game/ui/screens/design_selector_window.py,DesignSelectorWindow._create_main_list,false,false,false
game/ui/screens/design_selector_window.py,DesignSelectorWindow._create_bottom_buttons,false,false,false
game/ui/screens/design_selector_window.py,DesignSelectorWindow._refresh_designs,false,false,false
game/ui/screens/design_selector_window.py,DesignSelectorWindow._get_role_filter_options,false,false,false
game/ui/screens/design_selector_window.py,DesignSelectorWindow._rebuild_design_list,false,false,false
game/ui/screens/design_selector_window.py,DesignSelectorWindow._on_apply_filters,false,false,false
game/ui/screens/design_selector_window.py,DesignSelectorWindow._toggle_obsolete,false,false,false
game/ui/screens/design_selector_window.py,DesignSelectorWindow._on_toggle_obsolete,false,false,false
game/ui/screens/design_selector_window.py,DesignSelectorWindow._on_design_selected,false,false,false
game/ui/screens/design_selector_window.py,DesignSelectorWindow._on_select,false,false,false
game/ui/screens/design_selector_window.py,DesignSelectorWindow.update,false,false,true
game/ui/screens/empire_panel_window.py,EmpirePanelWindow._create_ui,false,false,false
game/ui/screens/empire_panel_window.py,EmpirePanelWindow._create_tab_buttons,false,false,false
game/ui/screens/empire_panel_window.py,EmpirePanelWindow._create_tab_panels,false,false,false
game/ui/screens/empire_panel_window.py,EmpirePanelWindow._show_tab,false,false,false
game/ui/screens/empire_panel_window.py,EmpirePanelWindow._build_treasury_tab,false,false,false
game/ui/screens/empire_panel_window.py,EmpirePanelWindow._build_population_tab,false,false,false
game/ui/screens/empire_panel_window.py,EmpirePanelWindow._build_placeholder_tab,false,false,false
game/ui/screens/empire_panel_window.py,EmpirePanelWindow.kill,false,false,true
game/ui/screens/fleet_report_filters.py,get_sort_key,false,false,true
game/ui/screens/fleet_report_sidebar.py,FleetReportSidebar._build_widgets,false,false,false
game/ui/screens/fleet_report_sidebar.py,FleetReportSidebar._build_actions_section,false,false,false
game/ui/screens/fleet_report_sidebar.py,FleetReportSidebar.update_summary,false,false,true
game/ui/screens/fleet_report_sidebar.py,FleetReportSidebar.update_remove_button,false,false,true
game/ui/screens/fleet_report_sidebar.py,FleetReportSidebar.update_filter_button,false,false,true
game/ui/screens/fleet_report_sidebar.py,FleetReportSidebar.update_column_button,false,false,true
game/ui/screens/fleet_report_sidebar.py,FleetReportSidebar.check_button_presses,false,false,true
game/ui/screens/fleet_report_window.py,FleetReportWindow._init_layout,false,false,false
game/ui/screens/fleet_report_window.py,FleetReportWindow._init_detail_panel,false,false,false
game/ui/screens/fleet_report_window.py,FleetReportWindow._swap_columns,false,false,false
game/ui/screens/fleet_report_window.py,FleetReportWindow.refresh_list,false,false,true
game/ui/screens/fleet_report_window.py,FleetReportWindow.process_event,false,false,true
game/ui/screens/fleet_report_window.py,FleetReportWindow._handle_row_click,false,false,false
game/ui/screens/fleet_report_window.py,FleetReportWindow.select_ship,false,false,true
game/ui/screens/fleet_report_window.py,FleetReportWindow._update_detail_panel,false,false,false
game/ui/screens/fleet_report_window.py,FleetReportWindow._on_remove_ship,false,false,false
game/ui/screens/fleet_report_window.py,FleetReportWindow._on_remove_selected_ships,false,false,false
game/ui/screens/fleet_report_window.py,FleetReportWindow._post_removal_refresh,false,false,false
game/ui/screens/fleet_report_window.py,FleetReportWindow.update,false,false,true
game/ui/screens/fleet_report_window.py,FleetReportWindow._toggle_filter,false,false,false
game/ui/screens/fleet_report_window.py,FleetReportWindow._apply_tri_state_filter,false,false,false
game/ui/screens/fleet_report_window.py,FleetReportWindow._toggle_column,false,false,false
game/ui/screens/fleet_report_window.py,FleetReportWindow.kill,false,false,true
game/ui/screens/fleet_selection_window.py,FleetSelectionWindow.update,false,false,true
game/ui/screens/galaxy_test/galaxy_mode.py,GalaxyModeHelper.create_ui,false,false,true
game/ui/screens/galaxy_test/galaxy_mode.py,GalaxyModeHelper.generate,false,false,true
game/ui/screens/galaxy_test/galaxy_mode.py,GalaxyModeHelper._center_camera,false,false,false
game/ui/screens/galaxy_test/galaxy_mode.py,GalaxyModeHelper.update_slider_displays,false,false,true
game/ui/screens/galaxy_test/galaxy_mode.py,GalaxyModeHelper.draw,false,false,true
game/ui/screens/galaxy_test/galaxy_mode.py,GalaxyModeHelper._draw_warp_lanes,false,false,false
game/ui/screens/galaxy_test/screen.py,GalaxyTestScreen._clear_ui,false,false,false
game/ui/screens/galaxy_test/screen.py,GalaxyTestScreen._create_menu_ui,false,false,false
game/ui/screens/galaxy_test/screen.py,GalaxyTestScreen._create_galaxy_ui,false,false,false
game/ui/screens/galaxy_test/screen.py,GalaxyTestScreen._create_system_ui,false,false,false
game/ui/screens/galaxy_test/screen.py,GalaxyTestScreen.update,false,false,true
game/ui/screens/galaxy_test/screen.py,GalaxyTestScreen.draw,false,false,true
game/ui/screens/galaxy_test/screen.py,GalaxyTestScreen.handle_event,false,false,true
game/ui/screens/galaxy_test/screen.py,GalaxyTestScreen._handle_button_click,false,false,false
game/ui/screens/galaxy_test/screen.py,GalaxyTestScreen._go_to_menu,false,false,false
game/ui/screens/galaxy_test/screen.py,GalaxyTestScreen._go_to_galaxy_mode,false,false,false
game/ui/screens/galaxy_test/screen.py,GalaxyTestScreen._go_to_system_mode,false,false,false
game/ui/screens/galaxy_test/screen.py,GalaxyTestScreen._on_close,false,false,false
game/ui/screens/galaxy_test/screen.py,GalaxyTestScreen.handle_resize,false,false,true
game/ui/screens/galaxy_test/screen.py,GalaxyTestScreen.handle_input,false,false,true
game/ui/screens/galaxy_test/system_mode.py,SystemModeHelper.generate,false,false,true
game/ui/screens/galaxy_test/system_mode.py,SystemModeHelper._center_camera,false,false,false
game/ui/screens/galaxy_test/system_mode.py,SystemModeHelper.handle_click,false,false,true
game/ui/screens/galaxy_test/system_mode.py,SystemModeHelper._update_inspector_panel,false,false,false
game/ui/screens/galaxy_test/system_mode.py,SystemModeHelper.draw,false,false,true
game/ui/screens/galaxy_test/system_mode.py,SystemModeHelper.update_fps_display,false,false,true
game/ui/screens/gravity_target_editor.py,GravityTargetEditor._build_ui,false,false,false
game/ui/screens/gravity_target_editor.py,GravityTargetEditor.update,false,false,true
game/ui/screens/gravity_target_editor.py,GravityTargetEditor._on_apply,false,false,false
game/ui/screens/gravity_target_editor.py,GravityTargetEditor._set_species_ideal,false,false,false
game/ui/screens/gravity_target_editor.py,GravityTargetEditor._get_active_race_config,false,false,false
game/ui/screens/gravity_target_editor.py,GravityTargetEditor._set_match_current,false,false,false
game/ui/screens/gravity_target_editor.py,GravityTargetEditor._clear_target,false,false,false
game/ui/screens/keybindings_scene.py,KeybindingsScene.group_height,false,false,true
game/ui/screens/new_game_setup_screen.py,NewGameSetupScreen._create_ui,false,false,false
game/ui/screens/new_game_setup_screen.py,NewGameSetupScreen._create_empire_inputs,false,false,false
game/ui/screens/new_game_setup_screen.py,NewGameSetupScreen._update_empire_visibility,false,false,false
game/ui/screens/new_game_setup_screen.py,NewGameSetupScreen._update_race_display,false,false,false
game/ui/screens/new_game_setup_screen.py,NewGameSetupScreen._on_load_race_clicked,false,false,false
game/ui/screens/new_game_setup_screen.py,NewGameSetupScreen._on_setup_race_clicked,false,false,false
game/ui/screens/new_game_setup_screen.py,NewGameSetupScreen._on_race_selected,false,false,false
game/ui/screens/new_game_setup_screen.py,NewGameSetupScreen._on_race_created,false,false,false
game/ui/screens/new_game_setup_screen.py,NewGameSetupScreen._on_race_dialog_cancelled,false,false,false
game/ui/screens/new_game_setup_screen.py,NewGameSetupScreen._on_start_clicked,false,false,false
game/ui/screens/new_game_setup_screen.py,NewGameSetupScreen._on_cancel_clicked,false,false,false
game/ui/screens/orders_window.py,OrdersWindow.update,false,false,true
game/ui/screens/orders_window.py,OrdersWindow.rebuild_list,false,false,true
game/ui/screens/orders_window.py,OrdersWindow._get_order_description,false,false,false
game/ui/screens/orders_window.py,OrdersWindow.process_event,false,false,true
game/ui/screens/orders_window.py,OrdersWindow.move_order,false,false,true
game/ui/screens/orders_window.py,OrdersWindow.edit_order,false,false,true
game/ui/screens/orders_window.py,OrdersWindow.delete_order,false,false,true
game/ui/screens/orders_window.py,OrdersWindow.show_clear_confirmation,false,false,true
game/ui/screens/orders_window.py,OrdersWindow.handle_global_event,false,false,true
game/ui/screens/planet_abilities_window.py,PlanetAbilitiesWindow._build_ui,false,false,false
game/ui/screens/planet_list_filters.py,gather_planets,false,false,true
game/ui/screens/planet_list_filters.py,filter_planets,false,false,true
game/ui/screens/planet_list_filters.py,matches_filter,false,false,true
game/ui/screens/planet_list_filters.py,sort_planets,false,false,true
game/ui/screens/planet_list_filters.py,sort_key,false,false,true
game/ui/screens/planet_list_filters.py,get_column_value,false,false,true
game/ui/screens/planet_list_filters.py,compute_planet_ranges,false,false,true
game/ui/screens/planet_list_filters.py,get_system_name,false,false,true
game/ui/screens/planet_list_filters.py,get_owner_name,false,false,true
game/ui/screens/planet_list_filters.py,get_mass_earth,false,false,true
game/ui/screens/planet_list_filters.py,get_resource_str,false,false,true
game/ui/screens/planet_list_presets.py,PresetManager._load_from_disk,false,false,false
game/ui/screens/planet_list_presets.py,PresetManager.save_to_disk,false,false,true
game/ui/screens/planet_list_presets.py,PresetManager.get_preset_names,false,false,true
game/ui/screens/planet_list_presets.py,PresetManager.save_preset,false,false,true
game/ui/screens/planet_list_presets.py,PresetManager.get_preset,false,false,true
game/ui/screens/planet_list_presets.py,PresetManager.has_preset,false,false,true
game/ui/screens/planet_list_presets.py,PresetManager.get_all_presets,false,false,true
game/ui/screens/planet_list_presets.py,PresetManager.delete_preset,false,false,true
game/ui/screens/planet_list_presets.py,capture_planet_list_state,false,false,true
game/ui/screens/planet_list_presets.py,apply_planet_list_state,false,false,true
game/ui/screens/planet_list_sidebar.py,build_sidebar,false,false,true
game/ui/screens/planet_list_sidebar.py,add_range,false,false,true
game/ui/screens/planet_list_window.py,PlanetListWindow.filter_types,false,false,true
game/ui/screens/planet_list_window.py,PlanetListWindow.filter_types,false,false,true
game/ui/screens/planet_list_window.py,PlanetListWindow.filter_owner,false,false,true
game/ui/screens/planet_list_window.py,PlanetListWindow.filter_owner,false,false,true
game/ui/screens/planet_list_window.py,PlanetListWindow.filter_ranges,false,false,true
game/ui/screens/planet_list_window.py,PlanetListWindow.filter_ranges,false,false,true
game/ui/screens/planet_list_window.py,PlanetListWindow.refresh_list,false,false,true
game/ui/screens/planet_list_window.py,PlanetListWindow.process_event,false,false,true
game/ui/screens/planet_list_window.py,PlanetListWindow.update,false,false,true
game/ui/screens/planet_list_window.py,PlanetListWindow._set_all_filters,false,false,false
game/ui/screens/planet_list_window.py,PlanetListWindow._toggle_filter,false,false,false
game/ui/screens/planet_list_window.py,PlanetListWindow._toggle_column,false,false,false
game/ui/screens/planet_list_window.py,PlanetListWindow._save_preset,false,false,false
game/ui/screens/planet_list_window.py,PlanetListWindow._capture_current_state,false,false,false
game/ui/screens/planet_list_window.py,PlanetListWindow._apply_state,false,false,false
game/ui/screens/planet_list_window.py,PlanetListWindow._navigate_to_selected,false,false,false
game/ui/screens/planet_list_window.py,PlanetListWindow._on_planet_selected,false,false,false
game/ui/screens/planet_list_window.py,PlanetListWindow._detail_panel_geometry,false,false,false
game/ui/screens/planet_list_window.py,PlanetListWindow.set_dimensions,false,false,true
game/ui/screens/planet_list_window.py,PlanetListWindow.kill,false,false,true
game/ui/screens/planet_selection_window.py,PlanetSelectionWindow.update,false,false,true
game/ui/screens/planet_selection_window.py,PlanetSelectionWindow.kill,false,false,true
game/ui/screens/race_browser_dialog.py,RaceBrowserDialog._create_ui,false,false,false
game/ui/screens/race_browser_dialog.py,RaceBrowserDialog._load_races,false,false,false
game/ui/screens/race_browser_dialog.py,RaceBrowserDialog._select_row,false,false,false
game/ui/screens/race_setup_screen.py,RaceSetupScreen._create_ui,false,false,false
game/ui/screens/race_setup_screen.py,RaceSetupScreen._create_tab_buttons,false,false,false
game/ui/screens/race_setup_screen.py,RaceSetupScreen._create_step_panels,false,false,false
game/ui/screens/race_setup_screen.py,RaceSetupScreen._create_identity_panel_content,false,false,false
game/ui/screens/race_setup_screen.py,RaceSetupScreen._create_visuals_panel_content,false,false,false
game/ui/screens/race_setup_screen.py,RaceSetupScreen._on_theme_selected,false,false,false
game/ui/screens/race_setup_screen.py,RaceSetupScreen._create_ships_panel_content,false,false,false
game/ui/screens/race_setup_screen.py,RaceSetupScreen._refresh_ship_preview,false,false,false
game/ui/screens/race_setup_screen.py,RaceSetupScreen._create_environment_panel_content,false,false,false
game/ui/screens/race_setup_screen.py,RaceSetupScreen._create_aptitudes_panel_content,false,false,false
game/ui/screens/race_setup_screen.py,RaceSetupScreen._create_descriptions_panel_content,false,false,false
game/ui/screens/race_setup_screen.py,RaceSetupScreen._update_description_char_counts,false,false,false
game/ui/screens/race_setup_screen.py,RaceSetupScreen._update_descriptions_from_text,false,false,false
game/ui/screens/race_setup_screen.py,RaceSetupScreen._create_summary_panel_content,false,false,false
game/ui/screens/race_setup_screen.py,RaceSetupScreen._refresh_summary,false,false,false
game/ui/screens/race_setup_screen.py,RaceSetupScreen._create_navigation_buttons,false,false,false
game/ui/screens/race_setup_screen.py,RaceSetupScreen._show_step,false,false,false
game/ui/screens/race_setup_screen.py,RaceSetupScreen._update_navigation_buttons,false,false,false
game/ui/screens/race_setup_screen.py,RaceSetupScreen._update_tab_highlighting,false,false,false
game/ui/screens/race_setup_screen.py,RaceSetupScreen._on_tab_clicked,false,false,false
game/ui/screens/race_setup_screen.py,RaceSetupScreen._on_load_race,false,false,false
game/ui/screens/race_setup_screen.py,RaceSetupScreen._on_race_selected,false,false,false
game/ui/screens/race_setup_screen.py,RaceSetupScreen._on_race_browser_cancelled,false,false,false
game/ui/screens/race_setup_screen.py,RaceSetupScreen._populate_ui_from_config,false,false,false
game/ui/screens/race_setup_screen.py,RaceSetupScreen._on_randomize,false,false,false
game/ui/screens/race_setup_screen.py,RaceSetupScreen._randomize_identity,false,false,false
game/ui/screens/race_setup_screen.py,RaceSetupScreen._randomize_visuals,false,false,false
game/ui/screens/race_setup_screen.py,RaceSetupScreen._randomize_ships,false,false,false
game/ui/screens/race_setup_screen.py,RaceSetupScreen._randomize_environment,false,false,false
game/ui/screens/race_setup_screen.py,RaceSetupScreen._randomize_aptitudes,false,false,false
game/ui/screens/race_setup_screen.py,RaceSetupScreen._randomize_all,false,false,false
game/ui/screens/race_setup_screen.py,RaceSetupScreen._on_cancel,false,false,false
game/ui/screens/race_setup_screen.py,RaceSetupScreen._on_save,false,false,false
game/ui/screens/race_setup_screen.py,RaceSetupScreen._do_save,false,false,false
game/ui/screens/race_setup_screen.py,RaceSetupScreen._show_save_update_dialog,false,false,false
game/ui/screens/race_setup_screen.py,RaceSetupScreen._on_overwrite_save,false,false,false
game/ui/screens/race_setup_screen.py,RaceSetupScreen._on_save_as_new,false,false,false
game/ui/screens/race_setup_screen.py,RaceSetupScreen._on_save_dialog_cancel,false,false,false
game/ui/screens/radiation_shield_editor.py,RadiationShieldEditor._build_ui,false,false,false
game/ui/screens/radiation_shield_editor.py,RadiationShieldEditor.update,false,false,true
game/ui/screens/radiation_shield_editor.py,RadiationShieldEditor._on_apply,false,false,false
game/ui/screens/radiation_shield_editor.py,RadiationShieldEditor._set_auto,false,false,false
game/ui/screens/radiation_shield_editor.py,RadiationShieldEditor._get_active_race_config,false,false,false
game/ui/screens/radiation_shield_editor.py,RadiationShieldEditor._clear_target,false,false,false
game/ui/screens/save_selection_window.py,SaveSelectionWindow._create_ui,false,false,false
game/ui/screens/save_selection_window.py,SaveSelectionWindow._load_saves,false,false,false
game/ui/screens/save_selection_window.py,SaveSelectionWindow._refresh_list_display,false,false,false
game/ui/screens/save_selection_window.py,SaveSelectionWindow._handle_selection_change,false,false,false
game/ui/screens/save_selection_window.py,SaveSelectionWindow._on_load_clicked,false,false,false
game/ui/screens/save_selection_window.py,SaveSelectionWindow._on_expand_clicked,false,false,false
game/ui/screens/save_selection_window.py,SaveSelectionWindow._on_delete_clicked,false,false,false
game/ui/screens/save_selection_window.py,SaveSelectionWindow._on_cancel_clicked,false,false,false
game/ui/screens/save_selection_window.py,SaveSelectionWindow._handle_delete_confirmation,false,false,false
game/ui/screens/save_selection_window.py,SaveSelectionWindow.update,false,false,true
game/ui/screens/settings_window.py,SettingsWindow.process_event,false,false,true
game/ui/screens/settings_window.py,SettingsWindow.update,false,false,true
game/ui/screens/settings_window.py,SettingsWindow.kill,false,false,true
game/ui/screens/setup_data_io.py,get_base_path,false,false,true
game/ui/screens/setup_data_io.py,scan_ship_designs,false,false,true
game/ui/screens/setup_data_io.py,load_ships_from_entries,false,false,true
game/ui/screens/setup_data_io.py,save_battle_setup,false,false,true
game/ui/screens/setup_data_io.py,serialize_team,false,false,true
game/ui/screens/setup_data_io.py,load_battle_setup,false,false,true
game/ui/screens/setup_data_io.py,find_design,false,false,true
game/ui/screens/setup_data_io.py,load_team,false,false,true
game/ui/screens/setup_renderer.py,draw_title,false,false,true
game/ui/screens/setup_renderer.py,draw_available_ships,false,false,true
game/ui/screens/setup_renderer.py,draw_load_save_buttons,false,false,true
game/ui/screens/setup_renderer.py,draw_team,false,false,true
game/ui/screens/setup_renderer.py,draw_action_buttons,false,false,true
game/ui/screens/setup_renderer.py,draw_ai_dropdown,false,false,true
game/ui/screens/setup_screen.py,BattleSetupScreen.start,false,false,true
game/ui/screens/setup_screen.py,BattleSetupScreen.get_ships,false,false,true
game/ui/screens/setup_screen.py,BattleSetupScreen.save_setup,false,false,true
game/ui/screens/setup_screen.py,BattleSetupScreen.load_setup,false,false,true
game/ui/screens/setup_screen.py,BattleSetupScreen.get_team_display_groups,false,false,true
game/ui/screens/setup_screen.py,BattleSetupScreen.handle_event,false,false,true
game/ui/screens/setup_screen.py,BattleSetupScreen.update,false,false,true
game/ui/screens/setup_screen.py,BattleSetupScreen.handle_resize,false,false,true
game/ui/screens/setup_screen.py,BattleSetupScreen._handle_click,false,false,false
game/ui/screens/setup_screen.py,BattleSetupScreen._handle_ships_click,false,false,false
game/ui/screens/setup_screen.py,BattleSetupScreen._handle_action_buttons,false,false,false
game/ui/screens/setup_screen.py,BattleSetupScreen._trigger_start_battle,false,false,false
game/ui/screens/setup_screen.py,BattleSetupScreen._trigger_return_to_menu,false,false,false
game/ui/screens/setup_screen.py,BattleSetupScreen._handle_team_click,false,false,false
game/ui/screens/setup_screen.py,BattleSetupScreen._handle_dropdown_click,false,false,false
game/ui/screens/setup_screen.py,BattleSetupScreen.draw,false,false,true
game/ui/screens/species_selector_mixin.py,load_race_config,false,false,true
game/ui/screens/star_list_filters.py,gather_stars,false,false,true
game/ui/screens/star_list_filters.py,filter_stars,false,false,true
game/ui/screens/star_list_filters.py,matches_filter,false,false,true
game/ui/screens/star_list_filters.py,sort_stars,false,false,true
game/ui/screens/star_list_filters.py,sort_key,false,false,true
game/ui/screens/star_list_filters.py,compute_star_ranges,false,false,true
game/ui/screens/star_list_filters.py,padded_range,false,false,true
game/ui/screens/star_list_filters.py,get_system_name,false,false,true
game/ui/screens/star_list_filters.py,get_star_type_display,false,false,true
game/ui/screens/star_list_presets.py,capture_star_list_state,false,false,true
game/ui/screens/star_list_presets.py,apply_star_list_state,false,false,true
game/ui/screens/star_list_sidebar.py,build_sidebar,false,false,true
game/ui/screens/star_list_sidebar.py,add_range,false,false,true
game/ui/screens/star_list_window.py,StarListWindow.filter_types,false,false,true
game/ui/screens/star_list_window.py,StarListWindow.filter_types,false,false,true
game/ui/screens/star_list_window.py,StarListWindow.filter_ranges,false,false,true
game/ui/screens/star_list_window.py,StarListWindow.filter_ranges,false,false,true
game/ui/screens/star_list_window.py,StarListWindow.refresh_list,false,false,true
game/ui/screens/star_list_window.py,StarListWindow.process_event,false,false,true
game/ui/screens/star_list_window.py,StarListWindow.update,false,false,true
game/ui/screens/star_list_window.py,StarListWindow._set_all_type_filters,false,false,false
game/ui/screens/star_list_window.py,StarListWindow._toggle_type_filter,false,false,false
game/ui/screens/star_list_window.py,StarListWindow._toggle_column,false,false,false
game/ui/screens/star_list_window.py,StarListWindow._save_preset,false,false,false
game/ui/screens/star_list_window.py,StarListWindow._capture_current_state,false,false,false
game/ui/screens/star_list_window.py,StarListWindow._apply_state,false,false,false
game/ui/screens/star_list_window.py,StarListWindow._navigate_to_selected,false,false,false
game/ui/screens/star_list_window.py,StarListWindow.set_dimensions,false,false,true
game/ui/screens/star_list_window.py,StarListWindow.kill,false,false,true
game/ui/screens/strategy_camera_nav.py,CameraNavigator.camera,false,false,true
game/ui/screens/strategy_camera_nav.py,CameraNavigator.systems,false,false,true
game/ui/screens/strategy_camera_nav.py,CameraNavigator.hex_size,false,false,true
game/ui/screens/strategy_camera_nav.py,CameraNavigator.center_on,false,false,true
game/ui/screens/strategy_camera_nav.py,CameraNavigator.center_on_hex,false,false,true
game/ui/screens/strategy_camera_nav.py,CameraNavigator._resolve_global_hex,false,false,false
game/ui/screens/strategy_camera_nav.py,CameraNavigator.zoom_to_galaxy,false,false,true
game/ui/screens/strategy_camera_nav.py,CameraNavigator.zoom_to_system,false,false,true
game/ui/screens/strategy_camera_nav.py,CameraNavigator.cycle_selection,false,false,true
game/ui/screens/strategy_click_dispatcher.py,ClickModeDispatcher.scene,false,false,true
game/ui/screens/strategy_click_dispatcher.py,ClickModeDispatcher.on_move,false,false,true
game/ui/screens/strategy_click_dispatcher.py,ClickModeDispatcher.on_intercept,false,false,true
game/ui/screens/strategy_click_dispatcher.py,ClickModeDispatcher.on_fleet_selected,false,false,true
game/ui/screens/strategy_click_dispatcher.py,ClickModeDispatcher.on_planet_selected,false,false,true
game/ui/screens/strategy_click_dispatcher.py,ClickModeDispatcher.on_move,false,false,true
game/ui/screens/strategy_click_dispatcher.py,ClickModeDispatcher.on_intercept,false,false,true
game/ui/screens/strategy_click_dispatcher.py,ClickModeDispatcher._resolve_click_target,false,false,false
game/ui/screens/strategy_colonization.py,ColonizationSystem.systems,false,false,true
game/ui/screens/strategy_colonization.py,ColonizationSystem.camera,false,false,true
game/ui/screens/strategy_colonization.py,ColonizationSystem.hex_size,false,false,true
game/ui/screens/strategy_colonization.py,ColonizationSystem.on_colonize_click,false,false,true
game/ui/screens/strategy_colonization.py,ColonizationSystem.issue_colonize_order,false,false,true
game/ui/screens/strategy_colonization.py,ColonizationSystem.handle_colonize_designation,false,false,true
game/ui/screens/strategy_colonization.py,ColonizationSystem.queue_colonize_mission,false,false,true
game/ui/screens/strategy_colonization.py,ColonizationSystem.request_colonize_order,false,false,true
game/ui/screens/strategy_colonization.py,ColonizationSystem._get_system_at_hex,false,false,false
game/ui/screens/strategy_colonization.py,ColonizationSystem._resolve_planet_global_hex,false,false,false
game/ui/screens/strategy_detail_formatter.py,StrategyDetailFormatter._layout_action_buttons,false,false,false
game/ui/screens/strategy_event_router.py,StrategyEventRouter.on_apply,false,false,true
game/ui/screens/strategy_event_router.py,StrategyEventRouter.on_apply,false,false,true
game/ui/screens/strategy_event_router.py,StrategyEventRouter.on_apply,false,false,true
game/ui/screens/strategy_event_router.py,StrategyEventRouter.on_apply,false,false,true
game/ui/screens/strategy_event_router.py,StrategyEventRouter.resolve_race,false,false,true
game/ui/screens/strategy_event_router.py,StrategyEventRouter.on_apply,false,false,true
game/ui/screens/strategy_event_router.py,StrategyEventRouter._get_race_config,false,false,false
game/ui/screens/strategy_event_router.py,StrategyEventRouter.on_planet_selected,false,false,true
game/ui/screens/strategy_fleet_command_router.py,FleetCommandRouter.scene,false,false,true
game/ui/screens/strategy_fleet_ops.py,FleetOperations.camera,false,false,true
game/ui/screens/strategy_fleet_ops.py,FleetOperations.empires,false,false,true
game/ui/screens/strategy_fleet_ops.py,FleetOperations.hex_size,false,false,true
game/ui/screens/strategy_fleet_ops.py,FleetOperations.handle_move_designation,false,false,true
game/ui/screens/strategy_fleet_ops.py,FleetOperations.execute_move,false,false,true
game/ui/screens/strategy_fleet_ops.py,FleetOperations.execute_intercept,false,false,true
game/ui/screens/strategy_fleet_ops.py,FleetOperations.handle_join_designation,false,false,true
game/ui/screens/strategy_fleet_ops.py,FleetOperations.execute_join,false,false,true
game/ui/screens/strategy_input_handler.py,StrategyInputHandler.handle_event,false,false,true
game/ui/screens/strategy_input_handler.py,StrategyInputHandler._handle_button_press,false,false,false
game/ui/screens/strategy_input_handler.py,StrategyInputHandler._handle_keydown,false,false,false
game/ui/screens/strategy_input_handler.py,StrategyInputHandler._handle_keydown_mapped,false,false,false
game/ui/screens/strategy_input_handler.py,StrategyInputHandler.handle_click,false,false,true
game/ui/screens/strategy_input_handler.py,StrategyInputHandler._handle_scroll,false,false,false
game/ui/screens/strategy_input_handler.py,StrategyInputHandler.update_input,false,false,true
game/ui/screens/strategy_renderer.py,StrategyRenderer._get_font,false,false,false
game/ui/screens/strategy_renderer.py,StrategyRenderer.camera,false,false,true
game/ui/screens/strategy_renderer.py,StrategyRenderer.galaxy,false,false,true
game/ui/screens/strategy_renderer.py,StrategyRenderer.systems,false,false,true
game/ui/screens/strategy_renderer.py,StrategyRenderer.empires,false,false,true
game/ui/screens/strategy_renderer.py,StrategyRenderer.hex_size,false,false,true
game/ui/screens/strategy_renderer.py,StrategyRenderer.screen_width,false,false,true
game/ui/screens/strategy_renderer.py,StrategyRenderer.screen_height,false,false,true
game/ui/screens/strategy_renderer.py,StrategyRenderer.SIDEBAR_WIDTH,false,false,true
game/ui/screens/strategy_renderer.py,StrategyRenderer.TOP_BAR_HEIGHT,false,false,true
game/ui/screens/strategy_renderer.py,StrategyRenderer.empire_assets,false,false,true
game/ui/screens/strategy_renderer.py,StrategyRenderer.draw,false,false,true
game/ui/screens/strategy_renderer.py,StrategyRenderer._draw_move_preview,false,false,false
game/ui/screens/strategy_renderer.py,StrategyRenderer._draw_ghost_hex,false,false,false
game/ui/screens/strategy_renderer.py,StrategyRenderer._draw_hover_hex,false,false,false
game/ui/screens/strategy_renderer.py,StrategyRenderer._build_hex_outline_data,false,false,false
game/ui/screens/strategy_renderer.py,StrategyRenderer._get_hex_outline_data,false,false,false
game/ui/screens/strategy_renderer.py,StrategyRenderer._draw_hex_outlines,false,false,false
game/ui/screens/strategy_renderer.py,StrategyRenderer._draw_inner_hex,false,false,false
game/ui/screens/strategy_renderer.py,StrategyRenderer._draw_grid,false,false,false
game/ui/screens/strategy_renderer.py,StrategyRenderer._draw_warp_lanes,false,false,false
game/ui/screens/strategy_renderer.py,StrategyRenderer.is_on_screen,false,false,true
game/ui/screens/strategy_renderer.py,StrategyRenderer._draw_systems,false,false,false
game/ui/screens/strategy_renderer.py,StrategyRenderer._draw_colony_marker,false,false,false
game/ui/screens/strategy_renderer.py,StrategyRenderer._draw_star,false,false,false
game/ui/screens/strategy_renderer.py,StrategyRenderer._draw_system_details,false,false,false
game/ui/screens/strategy_renderer.py,StrategyRenderer._draw_dyson_spheres,false,false,false
game/ui/screens/strategy_renderer.py,StrategyRenderer._draw_storms,false,false,false
game/ui/screens/strategy_renderer.py,StrategyRenderer._draw_storms_low_detail,false,false,false
game/ui/screens/strategy_renderer.py,StrategyRenderer._draw_planet_sprite,false,false,false
game/ui/screens/strategy_renderer.py,StrategyRenderer._load_planet_v3_image,false,false,false
game/ui/screens/strategy_renderer.py,StrategyRenderer._load_dyson_sphere_image,false,false,false
game/ui/screens/strategy_renderer.py,StrategyRenderer._draw_fleets,false,false,false
game/ui/screens/strategy_renderer.py,StrategyRenderer._draw_fleet_path,false,false,false
game/ui/screens/strategy_renderer.py,StrategyRenderer.draw_processing_overlay,false,false,true
game/ui/screens/strategy_screen.py,StrategyScreen.galaxy,false,false,true
game/ui/screens/strategy_screen.py,StrategyScreen.empires,false,false,true
game/ui/screens/strategy_screen.py,StrategyScreen.systems,false,false,true
game/ui/screens/strategy_screen.py,StrategyScreen.player_empire,false,false,true
game/ui/screens/strategy_screen.py,StrategyScreen.enemy_empire,false,false,true
game/ui/screens/strategy_screen.py,StrategyScreen.human_player_ids,false,false,true
game/ui/screens/strategy_screen.py,StrategyScreen.current_empire,false,false,true
game/ui/screens/strategy_screen.py,StrategyScreen.facade,false,false,true
game/ui/screens/strategy_screen.py,StrategyScreen.input_mode,false,false,true
game/ui/screens/strategy_screen.py,StrategyScreen.input_mode,false,false,true
game/ui/screens/strategy_screen.py,StrategyScreen.update,false,false,true
game/ui/screens/strategy_screen.py,StrategyScreen.draw,false,false,true
game/ui/screens/strategy_screen.py,StrategyScreen.handle_resize,false,false,true
game/ui/screens/strategy_screen.py,StrategyScreen.handle_event,false,false,true
game/ui/screens/strategy_screen.py,StrategyScreen.handle_click,false,false,true
game/ui/screens/strategy_screen.py,StrategyScreen.update_input,false,false,true
game/ui/screens/strategy_screen.py,StrategyScreen.center_camera_on,false,false,true
game/ui/screens/strategy_screen.py,StrategyScreen.cycle_selection,false,false,true
game/ui/screens/strategy_screen.py,StrategyScreen.on_colonize_click,false,false,true
game/ui/screens/strategy_screen.py,StrategyScreen._on_colonize_planet_selected,false,false,false
game/ui/screens/strategy_screen.py,StrategyScreen.request_colonize_order,false,false,true
game/ui/screens/strategy_screen.py,StrategyScreen.on_edit_order,false,false,true
game/ui/screens/strategy_screen.py,StrategyScreen._start_edit_move,false,false,false
game/ui/screens/strategy_screen.py,StrategyScreen.complete_edit_move,false,false,true
game/ui/screens/strategy_screen.py,StrategyScreen._start_edit_transfer,false,false,false
game/ui/screens/strategy_screen.py,StrategyScreen.advance_turn,false,false,true
game/ui/screens/strategy_screen.py,StrategyScreen.on_ui_selection,false,false,true
game/ui/screens/strategy_screen.py,StrategyScreen.on_build_yard_click,false,false,true
game/ui/screens/strategy_screen.py,StrategyScreen.on_navigate_to_hex_build,false,false,true
game/ui/screens/strategy_screen.py,StrategyScreen.on_fleet_build_click,false,false,true
game/ui/screens/strategy_screen.py,StrategyScreen.on_design_click,false,false,true
game/ui/screens/strategy_screen.py,StrategyScreen.on_menu_option,false,false,true
game/ui/screens/strategy_screen.py,StrategyScreen._show_load_game_dialog,false,false,false
game/ui/screens/strategy_screen.py,StrategyScreen._on_load_selected,false,false,false
game/ui/screens/strategy_screen.py,StrategyScreen._confirm_quit_to_menu,false,false,false
game/ui/screens/strategy_screen.py,StrategyScreen._handle_quit_confirmed,false,false,false
game/ui/screens/strategy_screen.py,StrategyScreen._show_coming_soon,false,false,false
game/ui/screens/strategy_screen.py,StrategyScreen.on_save_game_click,false,false,true
game/ui/screens/strategy_screen.py,StrategyScreen.calculate_hybrid_path,false,false,true
game/ui/screens/strategy_screen.py,StrategyScreen._get_system_at_hex,false,false,false
game/ui/screens/strategy_screen.py,StrategyScreen._find_nearest_system,false,false,false
game/ui/screens/strategy_screen.py,StrategyScreen._focus_on_player_home,false,false,false
game/ui/screens/strategy_screen.py,StrategyScreen._load_assets,false,false,false
game/ui/screens/strategy_screen.py,StrategyScreen._get_object_asset,false,false,false
game/ui/screens/strategy_superweapons.py,SuperweaponOperations.systems,false,false,true
game/ui/screens/strategy_superweapons.py,SuperweaponOperations.camera,false,false,true
game/ui/screens/strategy_superweapons.py,SuperweaponOperations.hex_size,false,false,true
game/ui/screens/strategy_superweapons.py,SuperweaponOperations.galaxy,false,false,true
game/ui/screens/strategy_superweapons.py,SuperweaponOperations.on_selected,false,false,true
game/ui/screens/strategy_superweapons.py,SuperweaponOperations.on_confirm,false,false,true
game/ui/screens/strategy_superweapons.py,SuperweaponOperations.on_confirm,false,false,true
game/ui/screens/strategy_superweapons.py,SuperweaponOperations.on_system_selected,false,false,true
game/ui/screens/strategy_superweapons.py,SuperweaponOperations.on_confirm,false,false,true
game/ui/screens/strategy_superweapons.py,SuperweaponOperations.on_confirm,false,false,true
game/ui/screens/strategy_superweapons.py,SuperweaponOperations.on_ships_selected,false,false,true
game/ui/screens/strategy_superweapons.py,SuperweaponOperations._get_system_at_hex,false,false,false
game/ui/screens/strategy_superweapons.py,SuperweaponOperations._get_warp_point_at_hex,false,false,false
game/ui/screens/strategy_superweapons.py,SuperweaponOperations._show_confirmation,false,false,false
game/ui/screens/strategy_superweapons.py,SuperweaponOperations._show_system_picker,false,false,false
game/ui/screens/strategy_superweapons.py,SuperweaponOperations._show_ship_picker,false,false,false
game/ui/screens/strategy_ui.py,StrategyUI.toggle_menu_panel,false,false,true
game/ui/screens/strategy_ui.py,StrategyUI.open_menu_panel,false,false,true
game/ui/screens/strategy_ui.py,StrategyUI.close_menu_panel,false,false,true
game/ui/screens/strategy_ui.py,StrategyUI._on_menu_option_selected,false,false,false
game/ui/screens/strategy_ui.py,StrategyUI.hide_ui,false,false,true
game/ui/screens/strategy_ui.py,StrategyUI.show_ui,false,false,true
game/ui/screens/strategy_ui.py,StrategyUI.handle_resize,false,false,true
game/ui/screens/strategy_ui.py,StrategyUI.show_system_info,false,false,true
game/ui/screens/strategy_ui.py,StrategyUI.show_sector_info,false,false,true
game/ui/screens/strategy_ui.py,StrategyUI._get_label_for_obj,false,false,false
game/ui/screens/strategy_ui.py,StrategyUI._get_object_asset,false,false,false
game/ui/screens/strategy_ui.py,StrategyUI._format_spectrum,false,false,false
game/ui/screens/strategy_ui.py,StrategyUI.show_raw_data_popup,false,false,true
game/ui/screens/strategy_ui.py,StrategyUI.show_detailed_report,false,false,true
game/ui/screens/strategy_ui.py,StrategyUI._format_atmosphere_raw,false,false,false
game/ui/screens/strategy_ui.py,StrategyUI._update_resource_display,false,false,false
game/ui/screens/strategy_ui.py,StrategyUI.update,false,false,true
game/ui/screens/strategy_ui.py,StrategyUI.draw,false,false,true
game/ui/screens/strategy_ui.py,StrategyUI.on_ui_selection,false,false,true
game/ui/screens/strategy_ui.py,StrategyUI.handle_event,false,false,true
game/ui/screens/strategy_ui.py,StrategyUI.handle_click,false,false,true
game/ui/screens/strategy_ui.py,StrategyUI.prompt_planet_selection,false,false,true
game/ui/screens/strategy_ui.py,StrategyUI.prompt_fleet_selection,false,false,true
game/ui/screens/strategy_ui.py,StrategyUI.show_system_picker,false,false,true
game/ui/screens/strategy_ui.py,StrategyUI.prompt_move_choice,false,false,true
game/ui/screens/strategy_ui.py,StrategyUI.open_planet_list,false,false,true
game/ui/screens/strategy_ui.py,StrategyUI.open_star_list,false,false,true
game/ui/screens/strategy_ui.py,StrategyUI.open_build_queue_list,false,false,true
game/ui/screens/strategy_ui.py,StrategyUI.open_empire_build_queue_window,false,false,true
game/ui/screens/strategy_ui.py,StrategyUI.close_empire_build_queue_window,false,false,true
game/ui/screens/strategy_ui.py,StrategyUI.open_event_log,false,false,true
game/ui/screens/strategy_ui.py,StrategyUI.open_event_log_with_events,false,false,true
game/ui/screens/strategy_ui.py,StrategyUI.open_orders_window,false,false,true
game/ui/screens/strategy_ui.py,StrategyUI.open_fleet_report_window,false,false,true
game/ui/screens/strategy_ui.py,StrategyUI.open_transfer_dialog,false,false,true
game/ui/screens/strategy_ui.py,StrategyUI.open_cargo_quick_dialog,false,false,true
game/ui/screens/strategy_ui.py,StrategyUI.open_planet_abilities_window,false,false,true
game/ui/screens/strategy_ui.py,StrategyUI.open_empire_panel,false,false,true
game/ui/screens/strategy_ui.py,StrategyUI.show_confirmation_dialog,false,false,true
game/ui/screens/strategy_ui.py,StrategyUI.show_ship_picker,false,false,true
game/ui/screens/strategy_ui_action_router.py,UIActionRouter.scene,false,false,true
game/ui/screens/strategy_window_manager.py,StrategyWindowManager.split_fleet_callback,false,false,true
game/ui/screens/system_selection_window.py,SystemSelectionWindow.update,false,false,true
game/ui/screens/test_lab/component_dropdown.py,ComponentDropdown.handle_click,false,false,true
game/ui/screens/test_lab/component_dropdown.py,ComponentDropdown.handle_hover,false,false,true
game/ui/screens/test_lab/component_dropdown.py,ComponentDropdown.get_selected_component_id,false,false,true
game/ui/screens/test_lab/component_dropdown.py,ComponentDropdown.draw,false,false,true
game/ui/screens/test_lab/data_extractor.py,get_test_data_dir,false,false,true
game/ui/screens/test_lab/data_extractor.py,TestLabDataExtractor.extract_ships,false,false,true
game/ui/screens/test_lab/data_extractor.py,TestLabDataExtractor._extract_component_ids,false,false,false
game/ui/screens/test_lab/data_extractor.py,TestLabDataExtractor.load_component,false,false,true
game/ui/screens/test_lab/data_extractor.py,TestLabDataExtractor.get_components_cache,false,false,true
game/ui/screens/test_lab/dialogs.py,JSONPopup.close,false,false,true
game/ui/screens/test_lab/dialogs.py,JSONPopup.handle_event,false,false,true
game/ui/screens/test_lab/dialogs.py,JSONPopup.draw,false,false,true
game/ui/screens/test_lab/dialogs.py,ConfirmationDialog._handle_confirm,false,false,false
game/ui/screens/test_lab/dialogs.py,ConfirmationDialog._handle_cancel,false,false,false
game/ui/screens/test_lab/dialogs.py,ConfirmationDialog._kill_buttons,false,false,false
game/ui/screens/test_lab/dialogs.py,ConfirmationDialog.handle_event,false,false,true
game/ui/screens/test_lab/dialogs.py,ConfirmationDialog.draw,false,false,true
game/ui/screens/test_lab/renderer.py,TestLabRenderer._format_check_pair,false,false,false
game/ui/screens/test_lab/results_panel.py,ResultsPanel.set_details_panel,false,false,true
game/ui/screens/test_lab/results_panel.py,ResultsPanel.set_test,false,false,true
game/ui/screens/test_lab/results_panel.py,ResultsPanel._recalculate_scroll,false,false,false
game/ui/screens/test_lab/results_panel.py,ResultsPanel.handle_event,false,false,true
game/ui/screens/test_lab/results_panel.py,ResultsPanel.update,false,false,true
game/ui/screens/test_lab/results_panel.py,ResultsPanel.draw,false,false,true
game/ui/screens/test_lab/results_panel.py,ResultsPanel._draw_header,false,false,false
game/ui/screens/test_lab/results_panel.py,ResultsPanel._is_card_visible,false,false,false
game/ui/screens/test_lab/results_panel.py,ResultsPanel._draw_scrollbar,false,false,false
game/ui/screens/test_lab/screen.py,TestLabScreen.selected_category,false,false,true
game/ui/screens/test_lab/screen.py,TestLabScreen.selected_category,false,false,true
game/ui/screens/test_lab/screen.py,TestLabScreen.selected_test_id,false,false,true
game/ui/screens/test_lab/screen.py,TestLabScreen.selected_test_id,false,false,true
game/ui/screens/test_lab/screen.py,TestLabScreen.category_hover,false,false,true
game/ui/screens/test_lab/screen.py,TestLabScreen.category_hover,false,false,true
game/ui/screens/test_lab/screen.py,TestLabScreen.test_hover,false,false,true
game/ui/screens/test_lab/screen.py,TestLabScreen.test_hover,false,false,true
game/ui/screens/test_lab/screen.py,TestLabScreen.headless_running,false,false,true
game/ui/screens/test_lab/screen.py,TestLabScreen.headless_running,false,false,true
game/ui/screens/test_lab/screen.py,TestLabScreen.output_log,false,false,true
game/ui/screens/test_lab/screen.py,TestLabScreen.all_scenarios,false,false,true
game/ui/screens/test_lab/screen.py,TestLabScreen.batch_running,false,false,true
game/ui/screens/test_lab/screen.py,TestLabScreen.batch_current_index,false,false,true
game/ui/screens/test_lab/screen.py,TestLabScreen.batch_total,false,false,true
game/ui/screens/test_lab/screen.py,TestLabScreen.ship_panels,false,false,true
game/ui/screens/test_lab/screen.py,TestLabScreen.component_panels,false,false,true
game/ui/screens/test_lab/screen.py,TestLabScreen.tabbed_ship_panel,false,false,true
game/ui/screens/test_lab/screen.py,TestLabScreen.results_panel,false,false,true
game/ui/screens/test_lab/screen.py,TestLabScreen.test_details_panel,false,false,true
game/ui/screens/test_lab/screen.py,TestLabScreen.json_popup,false,false,true
game/ui/screens/test_lab/screen.py,TestLabScreen.confirmation_dialog,false,false,true
game/ui/screens/test_lab/screen.py,TestLabScreen._extract_ships_from_scenario,false,false,false
game/ui/screens/test_lab/screen.py,TestLabScreen._load_component_data,false,false,false
game/ui/screens/test_lab/screen.py,TestLabScreen._create_ship_panels,false,false,false
game/ui/screens/test_lab/screen.py,TestLabScreen._create_results_panel,false,false,false
game/ui/screens/test_lab/screen.py,TestLabScreen._create_ui,false,false,false
game/ui/screens/test_lab/screen.py,TestLabScreen._get_filtered_scenarios,false,false,false
game/ui/screens/test_lab/screen.py,TestLabScreen.reset_selection,false,false,true
game/ui/screens/test_lab/screen.py,TestLabScreen._on_back,false,false,false
game/ui/screens/test_lab/screen.py,TestLabScreen._render_progress,false,false,false
game/ui/screens/test_lab/screen.py,TestLabScreen._draw_and_flip,false,false,false
game/ui/screens/test_lab/screen.py,TestLabScreen._get_engine,false,false,false
game/ui/screens/test_lab/screen.py,TestLabScreen._ensure_engine,false,false,false
game/ui/screens/test_lab/screen.py,TestLabScreen._switch_to_battle,false,false,false
game/ui/screens/test_lab/screen.py,TestLabScreen._on_view_battle_states,false,false,false
game/ui/screens/test_lab/screen.py,TestLabScreen._on_use_seed_from_run,false,false,false
game/ui/screens/test_lab/screen.py,TestLabScreen._on_copy_results,false,false,false
game/ui/screens/test_lab/screen.py,TestLabScreen._on_run,false,false,false
game/ui/screens/test_lab/screen.py,TestLabScreen._on_run_visual_baseline,false,false,false
game/ui/screens/test_lab/screen.py,TestLabScreen._on_run_headless,false,false,false
game/ui/screens/test_lab/screen.py,TestLabScreen._on_run_all_tests,false,false,false
game/ui/screens/test_lab/screen.py,TestLabScreen._continue_batch_test,false,false,false
game/ui/screens/test_lab/screen.py,TestLabScreen._prompt_for_custom_seed,false,false,false
game/ui/screens/test_lab/screen.py,TestLabScreen.handle_event,false,false,true
game/ui/screens/test_lab/screen.py,TestLabScreen.handle_resize,false,false,true
game/ui/screens/test_lab/screen.py,TestLabScreen.handle_input,false,false,true
game/ui/screens/test_lab/screen.py,TestLabScreen.update,false,false,true
game/ui/screens/test_lab/screen.py,TestLabScreen.draw,false,false,true
game/ui/screens/test_lab/screen.py,TestLabScreen._show_ships_json,false,false,false
game/ui/screens/test_lab/screen.py,TestLabScreen._show_components_json,false,false,false
game/ui/screens/test_lab/ship_panels.py,ShipPanel.handle_event,false,false,true
game/ui/screens/test_lab/ship_panels.py,ShipPanel.update,false,false,true
game/ui/screens/test_lab/ship_panels.py,ShipPanel.draw,false,false,true
game/ui/screens/test_lab/ship_panels.py,TabbedShipPanel._calculate_tab_rects,false,false,false
game/ui/screens/test_lab/ship_panels.py,TabbedShipPanel.handle_event,false,false,true
game/ui/screens/test_lab/ship_panels.py,TabbedShipPanel.update,false,false,true
game/ui/screens/test_lab/ship_panels.py,TabbedShipPanel.draw,false,false,true
game/ui/screens/test_lab/ship_panels.py,TabbedShipPanel.get_selected_ship_info,false,false,true
game/ui/screens/test_lab/ship_panels.py,ComponentPanel.handle_event,false,false,true
game/ui/screens/test_lab/ship_panels.py,ComponentPanel.update,false,false,true
game/ui/screens/test_lab/ship_panels.py,ComponentPanel.draw,false,false,true
game/ui/screens/test_lab/test_executor.py,TestLabExecutor.run_visual,false,false,true
game/ui/screens/test_lab/test_executor.py,TestLabExecutor.run_visual_baseline,false,false,true
game/ui/screens/test_lab/test_executor.py,TestLabExecutor.run_headless,false,false,true
game/ui/screens/test_lab/test_executor.py,TestLabExecutor._run_scenario_via_run_battle,false,false,false
game/ui/screens/test_lab/test_executor.py,TestLabExecutor.pre_tick_loop_hook,false,false,true
game/ui/screens/test_lab/test_executor.py,TestLabExecutor.run_all,false,false,true
game/ui/screens/test_lab/test_executor.py,TestLabExecutor.run_next_batch,false,false,true
game/ui/screens/test_lab/test_executor.py,TestLabExecutor.continue_batch,false,false,true
game/ui/screens/test_lab/test_run_card.py,TestRunCard.get_height,false,false,true
game/ui/screens/test_lab/test_run_card.py,TestRunCard.handle_click,false,false,true
game/ui/screens/test_lab/test_run_card.py,TestRunCard.handle_hover,false,false,true
game/ui/screens/test_lab/test_run_card.py,TestRunCard.draw,false,false,true
game/ui/screens/test_lab/test_run_card.py,TestRunCard._draw_header,false,false,false
game/ui/screens/test_lab/test_run_card.py,TestRunCard._draw_propulsion_metrics,false,false,false
game/ui/screens/test_lab/test_run_card.py,TestRunCard._draw_resource_metrics,false,false,false
game/ui/screens/test_lab/test_run_details.py,TestRunDetailsPanel.set_run,false,false,true
game/ui/screens/test_lab/test_run_details.py,TestRunDetailsPanel.clear,false,false,true
game/ui/screens/test_lab/test_run_details.py,TestRunDetailsPanel._calculate_scroll,false,false,false
game/ui/screens/test_lab/test_run_details.py,TestRunDetailsPanel.handle_event,false,false,true
game/ui/screens/test_lab/test_run_details.py,TestRunDetailsPanel.draw,false,false,true
game/ui/screens/test_lab/test_run_details.py,TestRunDetailsPanel._draw_header_and_status,false,false,false
game/ui/screens/test_lab/test_run_details.py,TestRunDetailsPanel._draw_metadata,false,false,false
game/ui/screens/test_lab/test_run_details.py,TestRunDetailsPanel._draw_action_buttons,false,false,false
game/ui/screens/test_lab/test_run_details.py,TestRunDetailsPanel._draw_metrics,false,false,false
game/ui/screens/test_lab/test_run_details.py,TestRunDetailsPanel._draw_validation_results,false,false,false
game/ui/screens/test_lab/test_run_details.py,TestRunDetailsPanel._draw_single_validation,false,false,false
game/ui/screens/test_lab/test_run_details.py,TestRunDetailsPanel._draw_numeric_difference,false,false,false
game/ui/screens/test_lab/test_run_details.py,TestRunDetailsPanel._is_propulsion_test,false,false,false
game/ui/screens/test_lab/test_run_details.py,TestRunDetailsPanel._is_resource_test,false,false,false
game/ui/screens/test_lab/test_run_details.py,TestRunDetailsPanel._draw_resource_outcomes,false,false,false
game/ui/screens/test_lab/test_run_details.py,TestRunDetailsPanel._draw_fuel_outcomes,false,false,false
game/ui/screens/test_lab/test_run_details.py,TestRunDetailsPanel._draw_energy_outcomes,false,false,false
game/ui/screens/test_lab/test_run_details.py,TestRunDetailsPanel._draw_ammo_outcomes,false,false,false
game/ui/screens/test_lab/test_run_details.py,TestRunDetailsPanel._draw_propulsion_outcomes,false,false,false
game/ui/screens/test_lab/test_run_details.py,TestRunDetailsPanel._draw_motion_outcomes,false,false,false
game/ui/screens/test_lab/test_run_details.py,TestRunDetailsPanel._draw_turn_outcomes,false,false,false
game/ui/screens/test_lab/test_run_details.py,TestRunDetailsPanel._draw_stationary_outcomes,false,false,false
game/ui/screens/test_lab/test_run_details.py,TestRunDetailsPanel._draw_scrollbar,false,false,false
game/ui/screens/transfer_dialog.py,TransferDialog._setup_ui,false,false,false
game/ui/screens/transfer_dialog.py,TransferDialog._populate_initial_data,false,false,false
game/ui/screens/transfer_dialog.py,TransferDialog._recreate_dropdown,false,false,false
game/ui/screens/transfer_dialog.py,TransferDialog._extract_dropdown_value,false,false,false
game/ui/screens/transfer_dialog.py,TransferDialog._on_source_changed,false,false,false
game/ui/screens/transfer_dialog.py,TransferDialog._on_target_changed,false,false,false
game/ui/screens/transfer_dialog.py,TransferDialog._reset_and_build_grid,false,false,false
game/ui/screens/transfer_dialog.py,TransferDialog._build_grid,false,false,false
game/ui/screens/transfer_dialog.py,TransferDialog._add_pod_rows,false,false,false
game/ui/screens/transfer_dialog.py,TransferDialog._add_row,false,false,false
game/ui/screens/transfer_dialog.py,TransferDialog._on_arrow_click,false,false,false
game/ui/screens/transfer_dialog.py,TransferDialog._on_max_click,false,false,false
game/ui/screens/transfer_dialog.py,TransferDialog._update_pending_label,false,false,false
game/ui/screens/transfer_dialog.py,TransferDialog._on_filter_toggle,false,false,false
game/ui/screens/transfer_dialog.py,TransferDialog._on_clear_all,false,false,false
game/ui/screens/transfer_dialog.py,TransferDialog._on_confirm,false,false,false
game/ui/screens/transfer_dialog.py,TransferDialog.process_event,false,false,true
game/ui/screens/transfer_dialog.py,TransferDialog.handle_external_selection,false,false,true
game/ui/screens/water_target_editor.py,WaterTargetEditor._build_ui,false,false,false
game/ui/screens/water_target_editor.py,WaterTargetEditor.update,false,false,true
game/ui/screens/water_target_editor.py,WaterTargetEditor._on_apply,false,false,false
game/ui/screens/water_target_editor.py,WaterTargetEditor._set_species_ideal,false,false,false
game/ui/screens/water_target_editor.py,WaterTargetEditor._get_active_race_config,false,false,false
game/ui/screens/water_target_editor.py,WaterTargetEditor._set_match_current,false,false,false
game/ui/screens/water_target_editor.py,WaterTargetEditor._clear_target,false,false,false
game/ui/screens/workshop_data_reloader.py,WorkshopDataReloader.right_panel,false,false,true
game/ui/screens/workshop_data_reloader.py,WorkshopDataReloader.left_panel,false,false,true
game/ui/screens/workshop_data_reloader.py,WorkshopDataReloader.view,false,false,true
game/ui/screens/workshop_data_reloader.py,WorkshopDataReloader.controller,false,false,true
game/ui/screens/workshop_data_reloader.py,WorkshopDataReloader.on_select_data_pressed,false,false,true
game/ui/screens/workshop_data_reloader.py,WorkshopDataReloader.load_standard_data,false,false,true
game/ui/screens/workshop_data_reloader.py,WorkshopDataReloader.load_test_data,false,false,true
game/ui/screens/workshop_data_reloader.py,WorkshopDataReloader.reload_data,false,false,true
game/ui/screens/workshop_data_reloader.py,WorkshopDataReloader._refresh_ui_after_data_reload,false,false,false
game/ui/screens/workshop_event_router.py,WorkshopEventRouter._get_vehicle_classes,false,false,false
game/ui/screens/workshop_event_router.py,WorkshopEventRouter._handle_quick_add,false,false,false
game/ui/screens/workshop_event_router.py,WorkshopEventRouter._handle_move_individual,false,false,false
game/ui/screens/workshop_event_router.py,WorkshopEventRouter._handle_move_group,false,false,false
game/ui/screens/workshop_event_router.py,WorkshopEventRouter._handle_select_component_type,false,false,false
game/ui/screens/workshop_event_router.py,WorkshopEventRouter._handle_select_group,false,false,false
game/ui/screens/workshop_event_router.py,WorkshopEventRouter._handle_select_individual,false,false,false
game/ui/screens/workshop_event_router.py,WorkshopEventRouter._handle_remove_group,false,false,false
game/ui/screens/workshop_event_router.py,WorkshopEventRouter._handle_remove_individual,false,false,false
game/ui/screens/workshop_event_router.py,WorkshopEventRouter._handle_add_component,false,false,false
game/ui/screens/workshop_screen.py,DesignWorkshopScreen._get_vehicle_classes,false,false,false
game/ui/screens/workshop_screen.py,DesignWorkshopScreen._create_ui,false,false,false
game/ui/screens/workshop_screen.py,DesignWorkshopScreen.update_stats,false,false,true
game/ui/screens/workshop_screen.py,DesignWorkshopScreen.on_selection_changed,false,false,true
game/ui/screens/workshop_screen.py,DesignWorkshopScreen._on_modifier_change,false,false,false
game/ui/screens/workshop_screen.py,DesignWorkshopScreen.rebuild_modifier_ui,false,false,true
game/ui/screens/workshop_screen.py,DesignWorkshopScreen.selected_component,false,false,true
game/ui/screens/workshop_screen.py,DesignWorkshopScreen.selected_component,false,false,true
game/ui/screens/workshop_screen.py,DesignWorkshopScreen.dragged_item,false,false,true
game/ui/screens/workshop_screen.py,DesignWorkshopScreen.dragged_item,false,false,true
game/ui/screens/workshop_screen.py,DesignWorkshopScreen.ship,false,false,true
game/ui/screens/workshop_screen.py,DesignWorkshopScreen.selected_components,false,false,true
game/ui/screens/workshop_screen.py,DesignWorkshopScreen.selected_components,false,false,true
game/ui/screens/workshop_screen.py,DesignWorkshopScreen.available_components,false,false,true
game/ui/screens/workshop_screen.py,DesignWorkshopScreen.available_components,false,false,true
game/ui/screens/workshop_screen.py,DesignWorkshopScreen.show_error,false,false,true
game/ui/screens/workshop_screen.py,DesignWorkshopScreen.handle_event,false,false,true
game/ui/screens/workshop_screen.py,DesignWorkshopScreen.handle_resize,false,false,true
game/ui/screens/workshop_screen.py,DesignWorkshopScreen.execute_pending_action,false,false,true
game/ui/screens/workshop_screen.py,DesignWorkshopScreen.update,false,false,true
game/ui/screens/workshop_screen.py,DesignWorkshopScreen.draw,false,false,true
game/ui/screens/workshop_screen.py,DesignWorkshopScreen.save_ship,false,false,true
game/ui/screens/workshop_screen.py,DesignWorkshopScreen.load_ship,false,false,true
game/ui/screens/workshop_screen.py,DesignWorkshopScreen._apply_loaded_ship,false,false,false
game/ui/screens/workshop_screen.py,DesignWorkshopScreen.show_clear_confirmation,false,false,true
game/ui/screens/workshop_screen.py,DesignWorkshopScreen._get_button_definitions,false,false,false
game/ui/screens/workshop_screen.py,DesignWorkshopScreen._clear_design,false,false,false
game/ui/screens/workshop_screen.py,DesignWorkshopScreen.on_select_target_pressed,false,false,true
game/ui/screens/workshop_screen.py,DesignWorkshopScreen.cleanup,false,false,true
game/ui/screens/workshop_ship_io.py,WorkshopShipIO.save_ship,false,false,true
game/ui/screens/workshop_ship_io.py,WorkshopShipIO.load_ship,false,false,true
game/ui/screens/workshop_ship_io.py,WorkshopShipIO.on_design_selected,false,false,true
game/ui/screens/workshop_ship_io.py,WorkshopShipIO.select_target,false,false,true
game/ui/screens/workshop_ship_io.py,WorkshopShipIO.on_target_selected,false,false,true
game/ui/screens/workshop_viewmodel.py,WorkshopViewModel.ship,false,false,true
game/ui/screens/workshop_viewmodel.py,WorkshopViewModel._emit_ship_updated,false,false,false
game/ui/screens/workshop_viewmodel.py,WorkshopViewModel.notify_ship_changed,false,false,true
game/ui/screens/workshop_viewmodel.py,WorkshopViewModel.select_component,false,false,true
game/ui/screens/workshop_viewmodel.py,WorkshopViewModel._handle_append_selection,false,false,false
game/ui/screens/workshop_viewmodel.py,WorkshopViewModel._emit_selection_changed,false,false,false
game/ui/screens/workshop_viewmodel.py,WorkshopViewModel.clear_selection,false,false,true
game/ui/screens/workshop_viewmodel.py,WorkshopViewModel.dragged_item,false,false,true
game/ui/screens/workshop_viewmodel.py,WorkshopViewModel.refresh_available_components,false,false,true
game/ui/screens/workshop_viewmodel.py,WorkshopViewModel.show_hull_layer,false,false,true
game/ui/screens/workshop_viewmodel.py,WorkshopViewModel.on_modifier_changed,false,false,true
game/ui/screens/workshop_viewmodel.py,WorkshopViewModel._sync_modifiers_to_selection,false,false,false
game/ui/screens/workshop_viewmodel.py,WorkshopViewModel.validate_design,false,false,true
game/ui/screens/workshop_viewmodel.py,WorkshopViewModel.clear_design,false,false,true
game/ui/services/battle_ui_service.py,BattleUIService._get_engine_or_none,false,false,false
game/ui/services/modifier_icon_service.py,ModifierIconService.clear_cache,false,false,true
game/ui/utils/json_diff.py,_mark_all_paths,false,false,false
game/ui/widgets/panel_factory.py,PanelFactory.create_titled_panel,false,false,true
game/ui/widgets/scrollable_json_panel.py,ScrollableJsonPanel.set_json_with_diff,false,false,true
game/ui/widgets/scrollable_json_panel.py,ScrollableJsonPanel._format_json_with_diff,false,false,false
game/ui/widgets/scrollable_json_panel.py,ScrollableJsonPanel._add_key_value_line_with_diff,false,false,false
game/ui/widgets/scrollable_json_panel.py,ScrollableJsonPanel._add_value_line_with_diff,false,false,false
game/ui/widgets/scrollable_json_panel.py,ScrollableJsonPanel._handle_scrollbar_drag,false,false,false
game/ui/widgets/scrollable_json_panel.py,ScrollableJsonPanel.draw,false,false,true
game/ui/widgets/scrollable_json_panel.py,ScrollableJsonPanel._draw_scrollbar,false,false,false
game/ui/widgets/ui_element_registry.py,UIElementRegistry.register,false,false,true
game/ui/widgets/ui_element_registry.py,UIElementRegistry.kill_all,false,false,true
game/ui/widgets/ui_element_registry.py,UIElementRegistry.clear,false,false,true
