**********************
Windows PowerShell transcript start
Start time: 20260225215510
Username: 9950X3D\rossr
RunAs User: 9950X3D\rossr
Configuration Name: 
Machine: 9950X3D (Microsoft Windows NT 10.0.26200.0)
Host Application: C:\WINDOWS\System32\WindowsPowerShell\v1.0\powershell.exe -noexit -command try { . "c:\Development Tools\Antigravity\resources\app\out\vs\workbench\contrib\terminal\common\scripts\shellIntegration.ps1" } catch {}
Process ID: 52404
PSVersion: 5.1.26100.7705
PSEdition: Desktop
PSCompatibleVersions: 1.0, 2.0, 3.0, 4.0, 5.0, 5.1.26100.7705
BuildVersion: 10.0.26100.7705
CLRVersion: 4.0.30319.42000
WSManStackVersion: 3.0
PSRemotingProtocolVersion: 2.3
SerializationVersion: 1.1.0.1
**********************
Transcript started, output file is Projects/complexity_loop/logs/complexity_loop_2026-02-25_215510.log
[LOG] Transcript started: Projects/complexity_loop/logs/complexity_loop_2026-02-25_215510.log

[21:55:11 CLOOP] ======================================================
[21:55:11 CLOOP]   Complexity Reduction Loop Starting
[21:55:11 CLOOP] ======================================================

[21:55:11 CLOOP] CC Threshold: 20
[21:55:11 CLOOP] Max cycles: 50
[21:55:11 CLOOP] Max runtime: 8 hours
[21:55:11 CLOOP] Max attempts per function: 2
[21:55:11 CLOOP] Starting from cycle: 0

[21:55:11 CLOOP] ======================================================
[21:55:11 CLOOP]   CYCLE 1 / 50
[21:55:11 CLOOP] ======================================================

[21:55:11 CLOOP] Step A: Running complexity audit (threshold: 20)...
[21:55:12 CLOOP] Target: game/ui/screens/fleet_report_filters.py:124 filter_ships (CC=36)
[21:55:12 CLOOP] Remaining above threshold: 44 (skipped: 0)
[21:55:12 CLOOP] Step B: Creating branch: complexity-cycle-1
git : Already on 'main'
At C:\Dev\Starship Battles\Projects\complexity_loop\complexity_loop.ps1:317 char:5
+     git checkout main 2>$null
+     ~~~~~~~~~~~~~~~~~~~~~~~~~
    + CategoryInfo          : NotSpecified: (Already on 'main':String) [], RemoteException
    + FullyQualifiedErrorId : NativeCommandError


[21:55:12 CLOOP] Step C: Creating project scaffold...
Target: game/ui/screens/fleet_report_filters.py:124
  Function: filter_ships
  CC: 36 (grade F)
  Remaining above threshold: 44

==================================================
Creating New Project: PROJ-200
==================================================

STEP 1: Create directory structure
  Created: C:\Dev\Starship Battles\Projects\active_projects\PROJ-200
  Created: C:\Dev\Starship Battles\Projects\active_projects\PROJ-200\findings

STEP 2: Create project files
  Created: plan.md
  Created: design.md
  Created: decisions.md
  Created: phase_1_checklist.md

STEP 3: Update projects_index.md
  Added PROJ-200 to index

==================================================
PROJECT CREATED
  ID: PROJ-200
  Directory: C:\Dev\Starship Battles\Projects\active_projects\PROJ-200

Next step: Run 'Start Project' prompt to begin planning.
==================================================

Project created: PROJ-200
  Context: C:\Dev\Starship Battles\Projects\active_projects\PROJ-200\findings\complexity_target.md
  Audit data: C:\Dev\Starship Battles\Projects\active_projects\PROJ-200\findings\audit_data.json

PROJECT_ID=PROJ-200
[21:55:13 CLOOP] Created: PROJ-200
[21:55:13 CLOOP] Step D: Running multi-agent analysis...
**Analysis complete**

**Files modified:**
- `Projects/active_projects/PROJ-200/plan.md`
- `Projects/active_projects/PROJ-200/design.md`
- `Projects/active_projects/PROJ-200/decisions.md`
- `Projects/active_projects/PROJ-200/phase_1_checklist.md`
- `Projects/active_projects/PROJ-200/phase_2_checklist.md`
- `Projects/active_projects/PROJ-200/phase_3_checklist.md`
- `Projects/active_projects/PROJ-200/findings/structure_analysis.md`
- `Projects/active_projects/PROJ-200/findings/dependency_analysis.md`
- `Projects/active_projects/PROJ-200/findings/safety_analysis.md`

**Phase count:** 3
- Phase 1: Test Fortification (add edge case tests)
- Phase 2: Extract Helper Functions (6 predicates)
- Phase 3: Verify & Cleanup

**Commit:** `7606e4b5`
[22:00:27 CLOOP] Sleeping 15s before next cycle...

[22:00:42 CLOOP] ======================================================
[22:00:42 CLOOP]   CYCLE 2 / 50
[22:00:42 CLOOP] ======================================================

[22:00:42 CLOOP] Step A: Running complexity audit (threshold: 20)...
[22:00:42 CLOOP] Target: game/ui/screens/fleet_report_filters.py:124 filter_ships (CC=36)
[22:00:42 CLOOP] Remaining above threshold: 44 (skipped: 0)
[22:00:42 CLOOP] Step B: Creating branch: complexity-cycle-2
git : Switched to branch 'main'
At C:\Dev\Starship Battles\Projects\complexity_loop\complexity_loop.ps1:317 char:5
+     git checkout main 2>$null
+     ~~~~~~~~~~~~~~~~~~~~~~~~~
    + CategoryInfo          : NotSpecified: (Switched to branch 'main':String) [], RemoteException
    + FullyQualifiedErrorId : NativeCommandError


[22:00:42 CLOOP] Step C: Creating project scaffold...
Target: game/ui/screens/fleet_report_filters.py:124
  Function: filter_ships
  CC: 36 (grade F)
  Remaining above threshold: 44

==================================================
Creating New Project: PROJ-201
==================================================

STEP 1: Create directory structure
  Created: C:\Dev\Starship Battles\Projects\active_projects\PROJ-201
  Created: C:\Dev\Starship Battles\Projects\active_projects\PROJ-201\findings

STEP 2: Create project files
  Created: plan.md
  Created: design.md
  Created: decisions.md
  Created: phase_1_checklist.md

STEP 3: Update projects_index.md
  Added PROJ-201 to index

==================================================
PROJECT CREATED
  ID: PROJ-201
  Directory: C:\Dev\Starship Battles\Projects\active_projects\PROJ-201

Next step: Run 'Start Project' prompt to begin planning.
==================================================

Project created: PROJ-201
  Context: C:\Dev\Starship Battles\Projects\active_projects\PROJ-201\findings\complexity_target.md
  Audit data: C:\Dev\Starship Battles\Projects\active_projects\PROJ-201\findings\audit_data.json

PROJECT_ID=PROJ-201
[22:00:43 CLOOP] Created: PROJ-201
[22:00:43 CLOOP] Step D: Running multi-agent analysis...
**Analysis complete**

- Files modified: 11
- Phases: 3
- Commit: fc6b1020
- Target: `filter_ships` CC 36 ΓåÆ <20
[22:05:49 CLOOP] Sleeping 15s before next cycle...

[22:06:04 CLOOP] ======================================================
[22:06:04 CLOOP]   CYCLE 3 / 50
[22:06:04 CLOOP] ======================================================

[22:06:04 CLOOP] Step A: Running complexity audit (threshold: 20)...
[22:06:04 CLOOP] Target: game/ui/screens/fleet_report_filters.py:124 filter_ships (CC=36)
[22:06:04 CLOOP] Remaining above threshold: 44 (skipped: 0)
[22:06:04 CLOOP] Step B: Creating branch: complexity-cycle-3
git : Switched to branch 'main'
At C:\Dev\Starship Battles\Projects\complexity_loop\complexity_loop.ps1:317 char:5
+     git checkout main 2>$null
+     ~~~~~~~~~~~~~~~~~~~~~~~~~
    + CategoryInfo          : NotSpecified: (Switched to branch 'main':String) [], RemoteException
    + FullyQualifiedErrorId : NativeCommandError


[22:06:05 CLOOP] Step C: Creating project scaffold...
Target: game/ui/screens/fleet_report_filters.py:124
  Function: filter_ships
  CC: 36 (grade F)
  Remaining above threshold: 44

==================================================
Creating New Project: PROJ-202
==================================================

STEP 1: Create directory structure
  Created: C:\Dev\Starship Battles\Projects\active_projects\PROJ-202
  Created: C:\Dev\Starship Battles\Projects\active_projects\PROJ-202\findings

STEP 2: Create project files
  Created: plan.md
  Created: design.md
  Created: decisions.md
  Created: phase_1_checklist.md

STEP 3: Update projects_index.md
  Added PROJ-202 to index

==================================================
PROJECT CREATED
  ID: PROJ-202
  Directory: C:\Dev\Starship Battles\Projects\active_projects\PROJ-202

Next step: Run 'Start Project' prompt to begin planning.
==================================================

Project created: PROJ-202
  Context: C:\Dev\Starship Battles\Projects\active_projects\PROJ-202\findings\complexity_target.md
  Audit data: C:\Dev\Starship Battles\Projects\active_projects\PROJ-202\findings\audit_data.json

PROJECT_ID=PROJ-202
[22:06:06 CLOOP] Created: PROJ-202
[22:06:06 CLOOP] Step D: Running multi-agent analysis...
**Analysis complete.**

**Files modified:**
- `Projects/active_projects/PROJ-202/plan.md` - Full project plan
- `Projects/active_projects/PROJ-202/design.md` - Architecture analysis
- `Projects/active_projects/PROJ-202/decisions.md` - Decision log
- `Projects/active_projects/PROJ-202/phase_1_checklist.md` - Test fortification
- `Projects/active_projects/PROJ-202/phase_2_checklist.md` - Extract helpers
- `Projects/active_projects/PROJ-202/phase_3_checklist.md` - Refactor main function
- `Projects/active_projects/PROJ-202/phase_4_checklist.md` - Verify & cleanup
- `Projects/active_projects/PROJ-202/findings/structure_analysis.md`
- `Projects/active_projects/PROJ-202/findings/dependency_analysis.md`
- `Projects/active_projects/PROJ-202/findings/safety_analysis.md`

**Phase count:** 4

**Commit:** `9b79d9f7`
[22:10:51 CLOOP] Sleeping 15s before next cycle...

[22:11:06 CLOOP] ======================================================
[22:11:06 CLOOP]   CYCLE 4 / 50
[22:11:06 CLOOP] ======================================================

[22:11:06 CLOOP] Step A: Running complexity audit (threshold: 20)...
[22:11:07 CLOOP] Target: game/ui/screens/fleet_report_filters.py:124 filter_ships (CC=36)
[22:11:07 CLOOP] Remaining above threshold: 44 (skipped: 0)
[22:11:07 CLOOP] Step B: Creating branch: complexity-cycle-4
git : Switched to branch 'main'
At C:\Dev\Starship Battles\Projects\complexity_loop\complexity_loop.ps1:317 char:5
+     git checkout main 2>$null
+     ~~~~~~~~~~~~~~~~~~~~~~~~~
    + CategoryInfo          : NotSpecified: (Switched to branch 'main':String) [], RemoteException
    + FullyQualifiedErrorId : NativeCommandError


[22:11:07 CLOOP] Step C: Creating project scaffold...
Target: game/ui/screens/fleet_report_filters.py:124
  Function: filter_ships
  CC: 36 (grade F)
  Remaining above threshold: 44

==================================================
Creating New Project: PROJ-203
==================================================

STEP 1: Create directory structure
  Created: C:\Dev\Starship Battles\Projects\active_projects\PROJ-203
  Created: C:\Dev\Starship Battles\Projects\active_projects\PROJ-203\findings

STEP 2: Create project files
  Created: plan.md
  Created: design.md
  Created: decisions.md
  Created: phase_1_checklist.md

STEP 3: Update projects_index.md
  Added PROJ-203 to index

==================================================
PROJECT CREATED
  ID: PROJ-203
  Directory: C:\Dev\Starship Battles\Projects\active_projects\PROJ-203

Next step: Run 'Start Project' prompt to begin planning.
==================================================

Project created: PROJ-203
  Context: C:\Dev\Starship Battles\Projects\active_projects\PROJ-203\findings\complexity_target.md
  Audit data: C:\Dev\Starship Battles\Projects\active_projects\PROJ-203\findings\audit_data.json

PROJECT_ID=PROJ-203
[22:11:08 CLOOP] Created: PROJ-203
[22:11:08 CLOOP] Step D: Running multi-agent analysis...
**Analysis complete**

- **Files modified:** 12 files created/updated
- **Phases:** 4
- **Commit:** `3ef88008`
- **Target:** `filter_ships` (CC 36 ΓåÆ target < 20)
- **Strategy:** Extract 7 helper predicate functions
[22:16:52 CLOOP] Sleeping 15s before next cycle...

[22:17:07 CLOOP] ======================================================
[22:17:07 CLOOP]   CYCLE 5 / 50
[22:17:07 CLOOP] ======================================================

[22:17:07 CLOOP] Step A: Running complexity audit (threshold: 20)...
[22:17:07 CLOOP] Target: game/ui/screens/fleet_report_filters.py:124 filter_ships (CC=36)
[22:17:07 CLOOP] Remaining above threshold: 44 (skipped: 0)
[22:17:07 CLOOP] Step B: Creating branch: complexity-cycle-5
git : Switched to branch 'main'
At C:\Dev\Starship Battles\Projects\complexity_loop\complexity_loop.ps1:317 char:5
+     git checkout main 2>$null
+     ~~~~~~~~~~~~~~~~~~~~~~~~~
    + CategoryInfo          : NotSpecified: (Switched to branch 'main':String) [], RemoteException
    + FullyQualifiedErrorId : NativeCommandError


[22:17:08 CLOOP] Step C: Creating project scaffold...
Target: game/ui/screens/fleet_report_filters.py:124
  Function: filter_ships
  CC: 36 (grade F)
  Remaining above threshold: 44

==================================================
Creating New Project: PROJ-204
==================================================

STEP 1: Create directory structure
  Created: C:\Dev\Starship Battles\Projects\active_projects\PROJ-204
  Created: C:\Dev\Starship Battles\Projects\active_projects\PROJ-204\findings

STEP 2: Create project files
  Created: plan.md
  Created: design.md
  Created: decisions.md
  Created: phase_1_checklist.md

STEP 3: Update projects_index.md
  Added PROJ-204 to index

==================================================
PROJECT CREATED
  ID: PROJ-204
  Directory: C:\Dev\Starship Battles\Projects\active_projects\PROJ-204

Next step: Run 'Start Project' prompt to begin planning.
==================================================

Project created: PROJ-204
  Context: C:\Dev\Starship Battles\Projects\active_projects\PROJ-204\findings\complexity_target.md
  Audit data: C:\Dev\Starship Battles\Projects\active_projects\PROJ-204\findings\audit_data.json

PROJECT_ID=PROJ-204
[22:17:08 CLOOP] Created: PROJ-204
[22:17:08 CLOOP] Step D: Running multi-agent analysis...
**Analysis complete.**

**Files modified:**
- `Projects/active_projects/PROJ-204/plan.md`
- `Projects/active_projects/PROJ-204/design.md`
- `Projects/active_projects/PROJ-204/decisions.md`
- `Projects/active_projects/PROJ-204/phase_1_checklist.md`
- `Projects/active_projects/PROJ-204/phase_2_checklist.md`
- `Projects/active_projects/PROJ-204/phase_3_checklist.md`
- `Projects/active_projects/PROJ-204/phase_4_checklist.md`
- `Projects/active_projects/PROJ-204/findings/structure_analysis.md`
- `Projects/active_projects/PROJ-204/findings/dependency_analysis.md`
- `Projects/active_projects/PROJ-204/findings/safety_analysis.md`

**Phase count:** 4

**Commit:** `f0bdf841`

**Summary:**
- Target: `filter_ships` (CC 36 ΓåÆ target < 20)
- Strategy: Extract 4 helper functions to consolidate repeated binary filter pattern
- Phase 1 adds 5 missing edge case tests before refactoring
- Expected final CC: ~19 distributed across helpers
[22:22:41 CLOOP] Sleeping 15s before next cycle...

[22:22:56 CLOOP] ======================================================
[22:22:56 CLOOP]   CYCLE 6 / 50
[22:22:56 CLOOP] ======================================================

[22:22:56 CLOOP] Step A: Running complexity audit (threshold: 20)...
[22:22:57 CLOOP] Target: game/ui/screens/fleet_report_filters.py:124 filter_ships (CC=36)
[22:22:57 CLOOP] Remaining above threshold: 44 (skipped: 0)
[22:22:57 CLOOP] Step B: Creating branch: complexity-cycle-6
git : Switched to branch 'main'
At C:\Dev\Starship Battles\Projects\complexity_loop\complexity_loop.ps1:317 char:5
+     git checkout main 2>$null
+     ~~~~~~~~~~~~~~~~~~~~~~~~~
    + CategoryInfo          : NotSpecified: (Switched to branch 'main':String) [], RemoteException
    + FullyQualifiedErrorId : NativeCommandError


[22:22:57 CLOOP] Step C: Creating project scaffold...
Target: game/ui/screens/fleet_report_filters.py:124
  Function: filter_ships
  CC: 36 (grade F)
  Remaining above threshold: 44

==================================================
Creating New Project: PROJ-205
==================================================

STEP 1: Create directory structure
  Created: C:\Dev\Starship Battles\Projects\active_projects\PROJ-205
  Created: C:\Dev\Starship Battles\Projects\active_projects\PROJ-205\findings

STEP 2: Create project files
  Created: plan.md
  Created: design.md
  Created: decisions.md
  Created: phase_1_checklist.md

STEP 3: Update projects_index.md
  Added PROJ-205 to index

==================================================
PROJECT CREATED
  ID: PROJ-205
  Directory: C:\Dev\Starship Battles\Projects\active_projects\PROJ-205

Next step: Run 'Start Project' prompt to begin planning.
==================================================

Project created: PROJ-205
  Context: C:\Dev\Starship Battles\Projects\active_projects\PROJ-205\findings\complexity_target.md
  Audit data: C:\Dev\Starship Battles\Projects\active_projects\PROJ-205\findings\audit_data.json

PROJECT_ID=PROJ-205
[22:22:58 CLOOP] Created: PROJ-205
[22:22:58 CLOOP] Step D: Running multi-agent analysis...
Analysis complete.

**Files modified:** 11
- plan.md, design.md, decisions.md
- phase_1_checklist.md, phase_2_checklist.md, phase_3_checklist.md
- findings/structure_analysis.md, dependency_analysis.md, safety_analysis.md
- findings/audit_data.json, complexity_target.md

**Phase count:** 3
- Phase 1: Test Fortification (5 test cases)
- Phase 2: Extract Helpers (7 extraction tasks)
- Phase 3: Verify & Cleanup

**Commit:** 7ee56cf0

Analysis complete.
[22:28:16 CLOOP] Sleeping 15s before next cycle...

[22:28:31 CLOOP] ======================================================
[22:28:31 CLOOP]   CYCLE 7 / 50
[22:28:31 CLOOP] ======================================================

[22:28:31 CLOOP] Step A: Running complexity audit (threshold: 20)...
[22:28:31 CLOOP] Target: game/ui/screens/fleet_report_filters.py:124 filter_ships (CC=36)
[22:28:31 CLOOP] Remaining above threshold: 44 (skipped: 0)
[22:28:31 CLOOP] Step B: Creating branch: complexity-cycle-7
git : Switched to branch 'main'
At C:\Dev\Starship Battles\Projects\complexity_loop\complexity_loop.ps1:317 char:5
+     git checkout main 2>$null
+     ~~~~~~~~~~~~~~~~~~~~~~~~~
    + CategoryInfo          : NotSpecified: (Switched to branch 'main':String) [], RemoteException
    + FullyQualifiedErrorId : NativeCommandError


[22:28:32 CLOOP] Step C: Creating project scaffold...
Target: game/ui/screens/fleet_report_filters.py:124
  Function: filter_ships
  CC: 36 (grade F)
  Remaining above threshold: 44

==================================================
Creating New Project: PROJ-206
==================================================

STEP 1: Create directory structure
  Created: C:\Dev\Starship Battles\Projects\active_projects\PROJ-206
  Created: C:\Dev\Starship Battles\Projects\active_projects\PROJ-206\findings

STEP 2: Create project files
  Created: plan.md
  Created: design.md
  Created: decisions.md
  Created: phase_1_checklist.md

STEP 3: Update projects_index.md
  Added PROJ-206 to index

==================================================
PROJECT CREATED
  ID: PROJ-206
  Directory: C:\Dev\Starship Battles\Projects\active_projects\PROJ-206

Next step: Run 'Start Project' prompt to begin planning.
==================================================

Project created: PROJ-206
  Context: C:\Dev\Starship Battles\Projects\active_projects\PROJ-206\findings\complexity_target.md
  Audit data: C:\Dev\Starship Battles\Projects\active_projects\PROJ-206\findings\audit_data.json

PROJECT_ID=PROJ-206
[22:28:32 CLOOP] Created: PROJ-206
[22:28:32 CLOOP] Step D: Running multi-agent analysis...
**Analysis complete**

- **Files modified:** 12
- **Phase count:** 4
- **Commit:** `735852dd`
- **Target:** `filter_ships` CC 36 ΓåÆ <20
[22:34:16 CLOOP] Sleeping 15s before next cycle...

[22:34:31 CLOOP] ======================================================
[22:34:31 CLOOP]   CYCLE 8 / 50
[22:34:31 CLOOP] ======================================================

[22:34:31 CLOOP] Step A: Running complexity audit (threshold: 20)...
[22:34:32 CLOOP] Target: game/ui/screens/fleet_report_filters.py:124 filter_ships (CC=36)
[22:34:32 CLOOP] Remaining above threshold: 44 (skipped: 0)
[22:34:32 CLOOP] Step B: Creating branch: complexity-cycle-8
git : Switched to branch 'main'
At C:\Dev\Starship Battles\Projects\complexity_loop\complexity_loop.ps1:317 char:5
+     git checkout main 2>$null
+     ~~~~~~~~~~~~~~~~~~~~~~~~~
    + CategoryInfo          : NotSpecified: (Switched to branch 'main':String) [], RemoteException
    + FullyQualifiedErrorId : NativeCommandError


[22:34:32 CLOOP] Step C: Creating project scaffold...
Target: game/ui/screens/fleet_report_filters.py:124
  Function: filter_ships
  CC: 36 (grade F)
  Remaining above threshold: 44

==================================================
Creating New Project: PROJ-207
==================================================

STEP 1: Create directory structure
  Created: C:\Dev\Starship Battles\Projects\active_projects\PROJ-207
  Created: C:\Dev\Starship Battles\Projects\active_projects\PROJ-207\findings

STEP 2: Create project files
  Created: plan.md
  Created: design.md
  Created: decisions.md
  Created: phase_1_checklist.md

STEP 3: Update projects_index.md
  Added PROJ-207 to index

==================================================
PROJECT CREATED
  ID: PROJ-207
  Directory: C:\Dev\Starship Battles\Projects\active_projects\PROJ-207

Next step: Run 'Start Project' prompt to begin planning.
==================================================

Project created: PROJ-207
  Context: C:\Dev\Starship Battles\Projects\active_projects\PROJ-207\findings\complexity_target.md
  Audit data: C:\Dev\Starship Battles\Projects\active_projects\PROJ-207\findings\audit_data.json

PROJECT_ID=PROJ-207
[22:34:33 CLOOP] Created: PROJ-207
[22:34:33 CLOOP] Step D: Running multi-agent analysis...
**Analysis complete**

- **Files modified:** 12 (plan.md, design.md, decisions.md, 4 phase checklists, 4 findings files)
- **Phases:** 4
- **Commit:** c2ed3e9a
- **Target:** `filter_ships` (CC 36 ΓåÆ <20)
- **Strategy:** Extract binary filter helper, special capabilities filter, status category helper
[22:39:48 CLOOP] Sleeping 15s before next cycle...

[22:40:03 CLOOP] ======================================================
[22:40:03 CLOOP]   CYCLE 9 / 50
[22:40:03 CLOOP] ======================================================

[22:40:03 CLOOP] Step A: Running complexity audit (threshold: 20)...
[22:40:04 CLOOP] Target: game/ui/screens/fleet_report_filters.py:124 filter_ships (CC=36)
[22:40:04 CLOOP] Remaining above threshold: 44 (skipped: 0)
[22:40:04 CLOOP] Step B: Creating branch: complexity-cycle-9
git : Switched to branch 'main'
At C:\Dev\Starship Battles\Projects\complexity_loop\complexity_loop.ps1:317 char:5
+     git checkout main 2>$null
+     ~~~~~~~~~~~~~~~~~~~~~~~~~
    + CategoryInfo          : NotSpecified: (Switched to branch 'main':String) [], RemoteException
    + FullyQualifiedErrorId : NativeCommandError


[22:40:04 CLOOP] Step C: Creating project scaffold...
Target: game/ui/screens/fleet_report_filters.py:124
  Function: filter_ships
  CC: 36 (grade F)
  Remaining above threshold: 44

==================================================
Creating New Project: PROJ-208
==================================================

STEP 1: Create directory structure
  Created: C:\Dev\Starship Battles\Projects\active_projects\PROJ-208
  Created: C:\Dev\Starship Battles\Projects\active_projects\PROJ-208\findings

STEP 2: Create project files
  Created: plan.md
  Created: design.md
  Created: decisions.md
  Created: phase_1_checklist.md

STEP 3: Update projects_index.md
  Added PROJ-208 to index

==================================================
PROJECT CREATED
  ID: PROJ-208
  Directory: C:\Dev\Starship Battles\Projects\active_projects\PROJ-208

Next step: Run 'Start Project' prompt to begin planning.
==================================================

Project created: PROJ-208
  Context: C:\Dev\Starship Battles\Projects\active_projects\PROJ-208\findings\complexity_target.md
  Audit data: C:\Dev\Starship Battles\Projects\active_projects\PROJ-208\findings\audit_data.json

PROJECT_ID=PROJ-208
[22:40:05 CLOOP] Created: PROJ-208
[22:40:05 CLOOP] Step D: Running multi-agent analysis...
**Analysis complete.**

**Files modified:**
- `Projects/active_projects/PROJ-208/plan.md` - Full project plan
- `Projects/active_projects/PROJ-208/design.md` - Architecture analysis
- `Projects/active_projects/PROJ-208/decisions.md` - Decision log
- `Projects/active_projects/PROJ-208/phase_1_checklist.md` - Test fortification tasks
- `Projects/active_projects/PROJ-208/phase_2_checklist.md` - Extract helpers tasks
- `Projects/active_projects/PROJ-208/phase_3_checklist.md` - Verification tasks
- `Projects/active_projects/PROJ-208/findings/structure_analysis.md`
- `Projects/active_projects/PROJ-208/findings/dependency_analysis.md`
- `Projects/active_projects/PROJ-208/findings/safety_analysis.md`

**Phase count:** 3

**Commit hash:** edc1c8d6

**Summary:**
- Target: `filter_ships` in `fleet_report_filters.py` (CC 36)
- Strategy: Extract 8 filter predicate helpers
- Key risk: Status classification order must be preserved
- 4 edge case tests needed before refactoring
[22:47:27 CLOOP] Sleeping 15s before next cycle...

[22:47:42 CLOOP] ======================================================
[22:47:42 CLOOP]   CYCLE 10 / 50
[22:47:42 CLOOP] ======================================================

[22:47:42 CLOOP] Step A: Running complexity audit (threshold: 20)...
[22:47:42 CLOOP] Target: game/ui/screens/fleet_report_filters.py:124 filter_ships (CC=36)
[22:47:42 CLOOP] Remaining above threshold: 44 (skipped: 0)
[22:47:42 CLOOP] Step B: Creating branch: complexity-cycle-10
git : Switched to branch 'main'
At C:\Dev\Starship Battles\Projects\complexity_loop\complexity_loop.ps1:317 char:5
+     git checkout main 2>$null
+     ~~~~~~~~~~~~~~~~~~~~~~~~~
    + CategoryInfo          : NotSpecified: (Switched to branch 'main':String) [], RemoteException
    + FullyQualifiedErrorId : NativeCommandError


[22:47:43 CLOOP] Step C: Creating project scaffold...
Target: game/ui/screens/fleet_report_filters.py:124
  Function: filter_ships
  CC: 36 (grade F)
  Remaining above threshold: 44

==================================================
Creating New Project: PROJ-209
==================================================

STEP 1: Create directory structure
  Created: C:\Dev\Starship Battles\Projects\active_projects\PROJ-209
  Created: C:\Dev\Starship Battles\Projects\active_projects\PROJ-209\findings

STEP 2: Create project files
  Created: plan.md
  Created: design.md
  Created: decisions.md
  Created: phase_1_checklist.md

STEP 3: Update projects_index.md
  Added PROJ-209 to index

==================================================
PROJECT CREATED
  ID: PROJ-209
  Directory: C:\Dev\Starship Battles\Projects\active_projects\PROJ-209

Next step: Run 'Start Project' prompt to begin planning.
==================================================

Project created: PROJ-209
  Context: C:\Dev\Starship Battles\Projects\active_projects\PROJ-209\findings\complexity_target.md
  Audit data: C:\Dev\Starship Battles\Projects\active_projects\PROJ-209\findings\audit_data.json

PROJECT_ID=PROJ-209
[22:47:43 CLOOP] Created: PROJ-209
[22:47:43 CLOOP] Step D: Running multi-agent analysis...
**Analysis complete**

Files modified:
- `Projects/active_projects/PROJ-209/plan.md`
- `Projects/active_projects/PROJ-209/design.md`
- `Projects/active_projects/PROJ-209/decisions.md`
- `Projects/active_projects/PROJ-209/phase_1_checklist.md`
- `Projects/active_projects/PROJ-209/phase_2_checklist.md`
- `Projects/active_projects/PROJ-209/phase_3_checklist.md`
- `Projects/active_projects/PROJ-209/findings/structure_analysis.md`
- `Projects/active_projects/PROJ-209/findings/dependency_analysis.md`
- `Projects/active_projects/PROJ-209/findings/safety_analysis.md`

Phase count: 3
Commit: `bd3dd71a`
[22:52:46 CLOOP] Sleeping 15s before next cycle...

[22:53:01 CLOOP] ======================================================
[22:53:01 CLOOP]   CYCLE 11 / 50
[22:53:01 CLOOP] ======================================================

[22:53:01 CLOOP] Step A: Running complexity audit (threshold: 20)...
[22:53:02 CLOOP] Target: game/ui/screens/fleet_report_filters.py:124 filter_ships (CC=36)
[22:53:02 CLOOP] Remaining above threshold: 44 (skipped: 0)
[22:53:02 CLOOP] Step B: Creating branch: complexity-cycle-11
git : Switched to branch 'main'
At C:\Dev\Starship Battles\Projects\complexity_loop\complexity_loop.ps1:317 char:5
+     git checkout main 2>$null
+     ~~~~~~~~~~~~~~~~~~~~~~~~~
    + CategoryInfo          : NotSpecified: (Switched to branch 'main':String) [], RemoteException
    + FullyQualifiedErrorId : NativeCommandError


[22:53:02 CLOOP] Step C: Creating project scaffold...
Target: game/ui/screens/fleet_report_filters.py:124
  Function: filter_ships
  CC: 36 (grade F)
  Remaining above threshold: 44

==================================================
Creating New Project: PROJ-210
==================================================

STEP 1: Create directory structure
  Created: C:\Dev\Starship Battles\Projects\active_projects\PROJ-210
  Created: C:\Dev\Starship Battles\Projects\active_projects\PROJ-210\findings

STEP 2: Create project files
  Created: plan.md
  Created: design.md
  Created: decisions.md
  Created: phase_1_checklist.md

STEP 3: Update projects_index.md
  Added PROJ-210 to index

==================================================
PROJECT CREATED
  ID: PROJ-210
  Directory: C:\Dev\Starship Battles\Projects\active_projects\PROJ-210

Next step: Run 'Start Project' prompt to begin planning.
==================================================

Project created: PROJ-210
  Context: C:\Dev\Starship Battles\Projects\active_projects\PROJ-210\findings\complexity_target.md
  Audit data: C:\Dev\Starship Battles\Projects\active_projects\PROJ-210\findings\audit_data.json

PROJECT_ID=PROJ-210
[22:53:03 CLOOP] Created: PROJ-210
[22:53:03 CLOOP] Step D: Running multi-agent analysis...
**Analysis complete.**

**Files modified:**
- `Projects/active_projects/PROJ-210/plan.md` - Full project plan
- `Projects/active_projects/PROJ-210/design.md` - Architecture analysis
- `Projects/active_projects/PROJ-210/decisions.md` - Decision log
- `Projects/active_projects/PROJ-210/phase_1_checklist.md` - Test fortification
- `Projects/active_projects/PROJ-210/phase_2_checklist.md` - Extract helpers
- `Projects/active_projects/PROJ-210/phase_3_checklist.md` - Simplify main function
- `Projects/active_projects/PROJ-210/phase_4_checklist.md` - Verify & cleanup
- `Projects/active_projects/PROJ-210/findings/*.md` - 3 review agent findings

**Phase count:** 4

**Commit:** `819c2ef1`
[22:58:45 CLOOP] Sleeping 15s before next cycle...

[22:59:00 CLOOP] ======================================================
[22:59:00 CLOOP]   CYCLE 12 / 50
[22:59:00 CLOOP] ======================================================

[22:59:00 CLOOP] Step A: Running complexity audit (threshold: 20)...
[22:59:01 CLOOP] Target: game/ui/screens/fleet_report_filters.py:124 filter_ships (CC=36)
[22:59:01 CLOOP] Remaining above threshold: 44 (skipped: 0)
[22:59:01 CLOOP] Step B: Creating branch: complexity-cycle-12
git : Switched to branch 'main'
At C:\Dev\Starship Battles\Projects\complexity_loop\complexity_loop.ps1:317 char:5
+     git checkout main 2>$null
+     ~~~~~~~~~~~~~~~~~~~~~~~~~
    + CategoryInfo          : NotSpecified: (Switched to branch 'main':String) [], RemoteException
    + FullyQualifiedErrorId : NativeCommandError


[22:59:01 CLOOP] Step C: Creating project scaffold...
Target: game/ui/screens/fleet_report_filters.py:124
  Function: filter_ships
  CC: 36 (grade F)
  Remaining above threshold: 44

==================================================
Creating New Project: PROJ-211
==================================================

STEP 1: Create directory structure
  Created: C:\Dev\Starship Battles\Projects\active_projects\PROJ-211
  Created: C:\Dev\Starship Battles\Projects\active_projects\PROJ-211\findings

STEP 2: Create project files
  Created: plan.md
  Created: design.md
  Created: decisions.md
  Created: phase_1_checklist.md

STEP 3: Update projects_index.md
  Added PROJ-211 to index

==================================================
PROJECT CREATED
  ID: PROJ-211
  Directory: C:\Dev\Starship Battles\Projects\active_projects\PROJ-211

Next step: Run 'Start Project' prompt to begin planning.
==================================================

Project created: PROJ-211
  Context: C:\Dev\Starship Battles\Projects\active_projects\PROJ-211\findings\complexity_target.md
  Audit data: C:\Dev\Starship Battles\Projects\active_projects\PROJ-211\findings\audit_data.json

PROJECT_ID=PROJ-211
[22:59:02 CLOOP] Created: PROJ-211
[22:59:02 CLOOP] Step D: Running multi-agent analysis...
**Analysis complete**

**Files modified:**
- `Projects/active_projects/PROJ-211/plan.md`
- `Projects/active_projects/PROJ-211/design.md`
- `Projects/active_projects/PROJ-211/decisions.md`
- `Projects/active_projects/PROJ-211/findings/structure_analysis.md`
- `Projects/active_projects/PROJ-211/findings/dependency_analysis.md`
- `Projects/active_projects/PROJ-211/findings/safety_analysis.md`
- `Projects/active_projects/PROJ-211/phase_1_checklist.md`
- `Projects/active_projects/PROJ-211/phase_2_checklist.md`
- `Projects/active_projects/PROJ-211/phase_3_checklist.md`
- `Projects/active_projects/PROJ-211/phase_4_checklist.md`

**Phase count:** 4

**Commit hash:** 183db6b3
[23:05:03 CLOOP] Sleeping 15s before next cycle...

[23:05:18 CLOOP] ======================================================
[23:05:18 CLOOP]   CYCLE 13 / 50
[23:05:18 CLOOP] ======================================================

[23:05:18 CLOOP] Step A: Running complexity audit (threshold: 20)...
[23:05:19 CLOOP] Target: game/ui/screens/fleet_report_filters.py:124 filter_ships (CC=36)
[23:05:19 CLOOP] Remaining above threshold: 44 (skipped: 0)
[23:05:19 CLOOP] Step B: Creating branch: complexity-cycle-13
git : Switched to branch 'main'
At C:\Dev\Starship Battles\Projects\complexity_loop\complexity_loop.ps1:317 char:5
+     git checkout main 2>$null
+     ~~~~~~~~~~~~~~~~~~~~~~~~~
    + CategoryInfo          : NotSpecified: (Switched to branch 'main':String) [], RemoteException
    + FullyQualifiedErrorId : NativeCommandError


[23:05:19 CLOOP] Step C: Creating project scaffold...
Target: game/ui/screens/fleet_report_filters.py:124
  Function: filter_ships
  CC: 36 (grade F)
  Remaining above threshold: 44

==================================================
Creating New Project: PROJ-212
==================================================

STEP 1: Create directory structure
  Created: C:\Dev\Starship Battles\Projects\active_projects\PROJ-212
  Created: C:\Dev\Starship Battles\Projects\active_projects\PROJ-212\findings

STEP 2: Create project files
  Created: plan.md
  Created: design.md
  Created: decisions.md
  Created: phase_1_checklist.md

STEP 3: Update projects_index.md
  Added PROJ-212 to index

==================================================
PROJECT CREATED
  ID: PROJ-212
  Directory: C:\Dev\Starship Battles\Projects\active_projects\PROJ-212

Next step: Run 'Start Project' prompt to begin planning.
==================================================

Project created: PROJ-212
  Context: C:\Dev\Starship Battles\Projects\active_projects\PROJ-212\findings\complexity_target.md
  Audit data: C:\Dev\Starship Battles\Projects\active_projects\PROJ-212\findings\audit_data.json

PROJECT_ID=PROJ-212
[23:05:20 CLOOP] Created: PROJ-212
[23:05:20 CLOOP] Step D: Running multi-agent analysis...
**Analysis complete**

Files modified:
- `Projects/active_projects/PROJ-212/plan.md`
- `Projects/active_projects/PROJ-212/design.md`
- `Projects/active_projects/PROJ-212/decisions.md`
- `Projects/active_projects/PROJ-212/phase_1_checklist.md` through `phase_5_checklist.md`
- `Projects/active_projects/PROJ-212/findings/structure_analysis.md`
- `Projects/active_projects/PROJ-212/findings/dependency_analysis.md`
- `Projects/active_projects/PROJ-212/findings/safety_analysis.md`

Phase count: 5
Commit hash: `4d247559`
[23:12:09 CLOOP] Sleeping 15s before next cycle...

[23:12:24 CLOOP] ======================================================
[23:12:24 CLOOP]   CYCLE 14 / 50
[23:12:24 CLOOP] ======================================================

[23:12:24 CLOOP] Step A: Running complexity audit (threshold: 20)...
[23:12:25 CLOOP] Target: game/ui/screens/fleet_report_filters.py:124 filter_ships (CC=36)
[23:12:25 CLOOP] Remaining above threshold: 44 (skipped: 0)
[23:12:25 CLOOP] Step B: Creating branch: complexity-cycle-14
git : Switched to branch 'main'
At C:\Dev\Starship Battles\Projects\complexity_loop\complexity_loop.ps1:317 char:5
+     git checkout main 2>$null
+     ~~~~~~~~~~~~~~~~~~~~~~~~~
    + CategoryInfo          : NotSpecified: (Switched to branch 'main':String) [], RemoteException
    + FullyQualifiedErrorId : NativeCommandError


[23:12:25 CLOOP] Step C: Creating project scaffold...
Target: game/ui/screens/fleet_report_filters.py:124
  Function: filter_ships
  CC: 36 (grade F)
  Remaining above threshold: 44

==================================================
Creating New Project: PROJ-213
==================================================

STEP 1: Create directory structure
  Created: C:\Dev\Starship Battles\Projects\active_projects\PROJ-213
  Created: C:\Dev\Starship Battles\Projects\active_projects\PROJ-213\findings

STEP 2: Create project files
  Created: plan.md
  Created: design.md
  Created: decisions.md
  Created: phase_1_checklist.md

STEP 3: Update projects_index.md
  Added PROJ-213 to index

==================================================
PROJECT CREATED
  ID: PROJ-213
  Directory: C:\Dev\Starship Battles\Projects\active_projects\PROJ-213

Next step: Run 'Start Project' prompt to begin planning.
==================================================

Project created: PROJ-213
  Context: C:\Dev\Starship Battles\Projects\active_projects\PROJ-213\findings\complexity_target.md
  Audit data: C:\Dev\Starship Battles\Projects\active_projects\PROJ-213\findings\audit_data.json

PROJECT_ID=PROJ-213
[23:12:26 CLOOP] Created: PROJ-213
[23:12:26 CLOOP] Step D: Running multi-agent analysis...
**Analysis complete.**

**Files modified:**
- `Projects/active_projects/PROJ-213/plan.md` - Full project plan
- `Projects/active_projects/PROJ-213/design.md` - Architecture analysis
- `Projects/active_projects/PROJ-213/decisions.md` - Decision log
- `Projects/active_projects/PROJ-213/findings/structure_analysis.md`
- `Projects/active_projects/PROJ-213/findings/dependency_analysis.md`
- `Projects/active_projects/PROJ-213/findings/safety_analysis.md`
- `Projects/active_projects/PROJ-213/phase_1_checklist.md` - Test fortification
- `Projects/active_projects/PROJ-213/phase_2_checklist.md` - Extract helpers
- `Projects/active_projects/PROJ-213/phase_3_checklist.md` - Simplify main loop
- `Projects/active_projects/PROJ-213/phase_4_checklist.md` - Verify & cleanup

**Phase count:** 4

**Commit:** `b72de950`
[23:17:22 CLOOP] Sleeping 15s before next cycle...

[23:17:37 CLOOP] ======================================================
[23:17:37 CLOOP]   CYCLE 15 / 50
[23:17:37 CLOOP] ======================================================

[23:17:37 CLOOP] Step A: Running complexity audit (threshold: 20)...
[23:17:37 CLOOP] Target: game/ui/screens/fleet_report_filters.py:124 filter_ships (CC=36)
[23:17:37 CLOOP] Remaining above threshold: 44 (skipped: 0)
[23:17:37 CLOOP] Step B: Creating branch: complexity-cycle-15
git : Switched to branch 'main'
At C:\Dev\Starship Battles\Projects\complexity_loop\complexity_loop.ps1:317 char:5
+     git checkout main 2>$null
+     ~~~~~~~~~~~~~~~~~~~~~~~~~
    + CategoryInfo          : NotSpecified: (Switched to branch 'main':String) [], RemoteException
    + FullyQualifiedErrorId : NativeCommandError


[23:17:38 CLOOP] Step C: Creating project scaffold...
Target: game/ui/screens/fleet_report_filters.py:124
  Function: filter_ships
  CC: 36 (grade F)
  Remaining above threshold: 44

==================================================
Creating New Project: PROJ-214
==================================================

STEP 1: Create directory structure
  Created: C:\Dev\Starship Battles\Projects\active_projects\PROJ-214
  Created: C:\Dev\Starship Battles\Projects\active_projects\PROJ-214\findings

STEP 2: Create project files
  Created: plan.md
  Created: design.md
  Created: decisions.md
  Created: phase_1_checklist.md

STEP 3: Update projects_index.md
  Added PROJ-214 to index

==================================================
PROJECT CREATED
  ID: PROJ-214
  Directory: C:\Dev\Starship Battles\Projects\active_projects\PROJ-214

Next step: Run 'Start Project' prompt to begin planning.
==================================================

Project created: PROJ-214
  Context: C:\Dev\Starship Battles\Projects\active_projects\PROJ-214\findings\complexity_target.md
  Audit data: C:\Dev\Starship Battles\Projects\active_projects\PROJ-214\findings\audit_data.json

PROJECT_ID=PROJ-214
[23:17:38 CLOOP] Created: PROJ-214
[23:17:38 CLOOP] Step D: Running multi-agent analysis...
**Analysis complete.**

Files modified:
- `Projects/active_projects/PROJ-214/plan.md`
- `Projects/active_projects/PROJ-214/design.md`
- `Projects/active_projects/PROJ-214/decisions.md`
- `Projects/active_projects/PROJ-214/phase_1_checklist.md`
- `Projects/active_projects/PROJ-214/phase_2_checklist.md`
- `Projects/active_projects/PROJ-214/phase_3_checklist.md`
- `Projects/active_projects/PROJ-214/findings/structure_analysis.md`
- `Projects/active_projects/PROJ-214/findings/dependency_analysis.md`
- `Projects/active_projects/PROJ-214/findings/safety_analysis.md`

Phases: 3
Commit: `f52c1ba5`

Analysis complete.
[23:22:44 CLOOP] Sleeping 15s before next cycle...

[23:22:59 CLOOP] ======================================================
[23:22:59 CLOOP]   CYCLE 16 / 50
[23:22:59 CLOOP] ======================================================

[23:22:59 CLOOP] Step A: Running complexity audit (threshold: 20)...
[23:23:00 CLOOP] Target: game/ui/screens/fleet_report_filters.py:124 filter_ships (CC=36)
[23:23:00 CLOOP] Remaining above threshold: 44 (skipped: 0)
[23:23:00 CLOOP] Step B: Creating branch: complexity-cycle-16
git : Switched to branch 'main'
At C:\Dev\Starship Battles\Projects\complexity_loop\complexity_loop.ps1:317 char:5
+     git checkout main 2>$null
+     ~~~~~~~~~~~~~~~~~~~~~~~~~
    + CategoryInfo          : NotSpecified: (Switched to branch 'main':String) [], RemoteException
    + FullyQualifiedErrorId : NativeCommandError


[23:23:00 CLOOP] Step C: Creating project scaffold...
Target: game/ui/screens/fleet_report_filters.py:124
  Function: filter_ships
  CC: 36 (grade F)
  Remaining above threshold: 44

==================================================
Creating New Project: PROJ-215
==================================================

STEP 1: Create directory structure
  Created: C:\Dev\Starship Battles\Projects\active_projects\PROJ-215
  Created: C:\Dev\Starship Battles\Projects\active_projects\PROJ-215\findings

STEP 2: Create project files
  Created: plan.md
  Created: design.md
  Created: decisions.md
  Created: phase_1_checklist.md

STEP 3: Update projects_index.md
  Added PROJ-215 to index

==================================================
PROJECT CREATED
  ID: PROJ-215
  Directory: C:\Dev\Starship Battles\Projects\active_projects\PROJ-215

Next step: Run 'Start Project' prompt to begin planning.
==================================================

Project created: PROJ-215
  Context: C:\Dev\Starship Battles\Projects\active_projects\PROJ-215\findings\complexity_target.md
  Audit data: C:\Dev\Starship Battles\Projects\active_projects\PROJ-215\findings\audit_data.json

PROJECT_ID=PROJ-215
[23:23:01 CLOOP] Created: PROJ-215
[23:23:01 CLOOP] Step D: Running multi-agent analysis...
**Analysis complete.**

- **Files modified:** 12 (plan.md, design.md, decisions.md, 4 phase checklists, 4 findings files)
- **Phases:** 4
- **Commit:** 95823db0
- **Target CC reduction:** 36 ΓåÆ <20
[23:28:46 CLOOP] Sleeping 15s before next cycle...

[23:29:01 CLOOP] ======================================================
[23:29:01 CLOOP]   CYCLE 17 / 50
[23:29:01 CLOOP] ======================================================

[23:29:01 CLOOP] Step A: Running complexity audit (threshold: 20)...
[23:29:01 CLOOP] Target: game/ui/screens/fleet_report_filters.py:124 filter_ships (CC=36)
[23:29:01 CLOOP] Remaining above threshold: 44 (skipped: 0)
[23:29:01 CLOOP] Step B: Creating branch: complexity-cycle-17
git : Switched to branch 'main'
At C:\Dev\Starship Battles\Projects\complexity_loop\complexity_loop.ps1:317 char:5
+     git checkout main 2>$null
+     ~~~~~~~~~~~~~~~~~~~~~~~~~
    + CategoryInfo          : NotSpecified: (Switched to branch 'main':String) [], RemoteException
    + FullyQualifiedErrorId : NativeCommandError


[23:29:02 CLOOP] Step C: Creating project scaffold...
Target: game/ui/screens/fleet_report_filters.py:124
  Function: filter_ships
  CC: 36 (grade F)
  Remaining above threshold: 44

==================================================
Creating New Project: PROJ-216
==================================================

STEP 1: Create directory structure
  Created: C:\Dev\Starship Battles\Projects\active_projects\PROJ-216
  Created: C:\Dev\Starship Battles\Projects\active_projects\PROJ-216\findings

STEP 2: Create project files
  Created: plan.md
  Created: design.md
  Created: decisions.md
  Created: phase_1_checklist.md

STEP 3: Update projects_index.md
  Added PROJ-216 to index

==================================================
PROJECT CREATED
  ID: PROJ-216
  Directory: C:\Dev\Starship Battles\Projects\active_projects\PROJ-216

Next step: Run 'Start Project' prompt to begin planning.
==================================================

Project created: PROJ-216
  Context: C:\Dev\Starship Battles\Projects\active_projects\PROJ-216\findings\complexity_target.md
  Audit data: C:\Dev\Starship Battles\Projects\active_projects\PROJ-216\findings\audit_data.json

PROJECT_ID=PROJ-216
[23:29:02 CLOOP] Created: PROJ-216
[23:29:02 CLOOP] Step D: Running multi-agent analysis...
**Analysis complete.**

**Files modified:**
- `Projects/active_projects/PROJ-216/plan.md`
- `Projects/active_projects/PROJ-216/design.md`
- `Projects/active_projects/PROJ-216/decisions.md`
- `Projects/active_projects/PROJ-216/phase_1_checklist.md`
- `Projects/active_projects/PROJ-216/phase_2_checklist.md`
- `Projects/active_projects/PROJ-216/phase_3_checklist.md`
- `Projects/active_projects/PROJ-216/findings/structure_analysis.md`
- `Projects/active_projects/PROJ-216/findings/dependency_analysis.md`
- `Projects/active_projects/PROJ-216/findings/safety_analysis.md`

**Phase count:** 3

**Commit:** `ccfcd989`

**Summary:**
- Target: `filter_ships` (CC 36 ΓåÆ goal <20)
- Strategy: Extract 6 helper functions for binary filter pattern and filter predicates
- Risk: Status cascade is HIGH RISK, requires test fortification first
- Recommendation: PROCEED WITH CAUTION
[23:34:10 CLOOP] Sleeping 15s before next cycle...

[23:34:25 CLOOP] ======================================================
[23:34:25 CLOOP]   CYCLE 18 / 50
[23:34:25 CLOOP] ======================================================

[23:34:25 CLOOP] Step A: Running complexity audit (threshold: 20)...
[23:34:26 CLOOP] Target: game/ui/screens/fleet_report_filters.py:124 filter_ships (CC=36)
[23:34:26 CLOOP] Remaining above threshold: 44 (skipped: 0)
[23:34:26 CLOOP] Step B: Creating branch: complexity-cycle-18
git : Switched to branch 'main'
At C:\Dev\Starship Battles\Projects\complexity_loop\complexity_loop.ps1:317 char:5
+     git checkout main 2>$null
+     ~~~~~~~~~~~~~~~~~~~~~~~~~
    + CategoryInfo          : NotSpecified: (Switched to branch 'main':String) [], RemoteException
    + FullyQualifiedErrorId : NativeCommandError


[23:34:26 CLOOP] Step C: Creating project scaffold...
Target: game/ui/screens/fleet_report_filters.py:124
  Function: filter_ships
  CC: 36 (grade F)
  Remaining above threshold: 44

==================================================
Creating New Project: PROJ-217
==================================================

STEP 1: Create directory structure
  Created: C:\Dev\Starship Battles\Projects\active_projects\PROJ-217
  Created: C:\Dev\Starship Battles\Projects\active_projects\PROJ-217\findings

STEP 2: Create project files
  Created: plan.md
  Created: design.md
  Created: decisions.md
  Created: phase_1_checklist.md

STEP 3: Update projects_index.md
  Added PROJ-217 to index

==================================================
PROJECT CREATED
  ID: PROJ-217
  Directory: C:\Dev\Starship Battles\Projects\active_projects\PROJ-217

Next step: Run 'Start Project' prompt to begin planning.
==================================================

Project created: PROJ-217
  Context: C:\Dev\Starship Battles\Projects\active_projects\PROJ-217\findings\complexity_target.md
  Audit data: C:\Dev\Starship Battles\Projects\active_projects\PROJ-217\findings\audit_data.json

PROJECT_ID=PROJ-217
[23:34:27 CLOOP] Created: PROJ-217
[23:34:27 CLOOP] Step D: Running multi-agent analysis...
**Analysis complete**

- **Files modified:** 11
- **Phases:** 3
- **Commit:** d6468c74
- **Target:** `filter_ships` (CC 36 ΓåÆ expected ~14)
[23:39:38 CLOOP] Sleeping 15s before next cycle...

[23:39:53 CLOOP] ======================================================
[23:39:53 CLOOP]   CYCLE 19 / 50
[23:39:53 CLOOP] ======================================================

[23:39:53 CLOOP] Step A: Running complexity audit (threshold: 20)...
[23:39:54 CLOOP] Target: game/ui/screens/fleet_report_filters.py:124 filter_ships (CC=36)
[23:39:54 CLOOP] Remaining above threshold: 44 (skipped: 0)
[23:39:54 CLOOP] Step B: Creating branch: complexity-cycle-19
git : Switched to branch 'main'
At C:\Dev\Starship Battles\Projects\complexity_loop\complexity_loop.ps1:317 char:5
+     git checkout main 2>$null
+     ~~~~~~~~~~~~~~~~~~~~~~~~~
    + CategoryInfo          : NotSpecified: (Switched to branch 'main':String) [], RemoteException
    + FullyQualifiedErrorId : NativeCommandError


[23:39:54 CLOOP] Step C: Creating project scaffold...
Target: game/ui/screens/fleet_report_filters.py:124
  Function: filter_ships
  CC: 36 (grade F)
  Remaining above threshold: 44

==================================================
Creating New Project: PROJ-218
==================================================

STEP 1: Create directory structure
  Created: C:\Dev\Starship Battles\Projects\active_projects\PROJ-218
  Created: C:\Dev\Starship Battles\Projects\active_projects\PROJ-218\findings

STEP 2: Create project files
  Created: plan.md
  Created: design.md
  Created: decisions.md
  Created: phase_1_checklist.md

STEP 3: Update projects_index.md
  Added PROJ-218 to index

==================================================
PROJECT CREATED
  ID: PROJ-218
  Directory: C:\Dev\Starship Battles\Projects\active_projects\PROJ-218

Next step: Run 'Start Project' prompt to begin planning.
==================================================

Project created: PROJ-218
  Context: C:\Dev\Starship Battles\Projects\active_projects\PROJ-218\findings\complexity_target.md
  Audit data: C:\Dev\Starship Battles\Projects\active_projects\PROJ-218\findings\audit_data.json

PROJECT_ID=PROJ-218
[23:39:55 CLOOP] Created: PROJ-218
[23:39:55 CLOOP] Step D: Running multi-agent analysis...
**Analysis complete.**

Files modified:
- `Projects/active_projects/PROJ-218/plan.md`
- `Projects/active_projects/PROJ-218/design.md`
- `Projects/active_projects/PROJ-218/decisions.md`
- `Projects/active_projects/PROJ-218/phase_1_checklist.md`
- `Projects/active_projects/PROJ-218/phase_2_checklist.md`
- `Projects/active_projects/PROJ-218/phase_3_checklist.md`
- `Projects/active_projects/PROJ-218/findings/structure_analysis.md`
- `Projects/active_projects/PROJ-218/findings/dependency_analysis.md`
- `Projects/active_projects/PROJ-218/findings/safety_analysis.md`

Phase count: 3
Commit hash: ae4cd93a
[23:45:55 CLOOP] Sleeping 15s before next cycle...

[23:46:10 CLOOP] ======================================================
[23:46:10 CLOOP]   CYCLE 20 / 50
[23:46:10 CLOOP] ======================================================

[23:46:10 CLOOP] Step A: Running complexity audit (threshold: 20)...
[23:46:11 CLOOP] Target: game/ui/screens/fleet_report_filters.py:124 filter_ships (CC=36)
[23:46:11 CLOOP] Remaining above threshold: 44 (skipped: 0)
[23:46:11 CLOOP] Step B: Creating branch: complexity-cycle-20
git : Switched to branch 'main'
At C:\Dev\Starship Battles\Projects\complexity_loop\complexity_loop.ps1:317 char:5
+     git checkout main 2>$null
+     ~~~~~~~~~~~~~~~~~~~~~~~~~
    + CategoryInfo          : NotSpecified: (Switched to branch 'main':String) [], RemoteException
    + FullyQualifiedErrorId : NativeCommandError


[23:46:11 CLOOP] Step C: Creating project scaffold...
Target: game/ui/screens/fleet_report_filters.py:124
  Function: filter_ships
  CC: 36 (grade F)
  Remaining above threshold: 44

==================================================
Creating New Project: PROJ-219
==================================================

STEP 1: Create directory structure
  Created: C:\Dev\Starship Battles\Projects\active_projects\PROJ-219
  Created: C:\Dev\Starship Battles\Projects\active_projects\PROJ-219\findings

STEP 2: Create project files
  Created: plan.md
  Created: design.md
  Created: decisions.md
  Created: phase_1_checklist.md

STEP 3: Update projects_index.md
  Added PROJ-219 to index

==================================================
PROJECT CREATED
  ID: PROJ-219
  Directory: C:\Dev\Starship Battles\Projects\active_projects\PROJ-219

Next step: Run 'Start Project' prompt to begin planning.
==================================================

Project created: PROJ-219
  Context: C:\Dev\Starship Battles\Projects\active_projects\PROJ-219\findings\complexity_target.md
  Audit data: C:\Dev\Starship Battles\Projects\active_projects\PROJ-219\findings\audit_data.json

PROJECT_ID=PROJ-219
[23:46:12 CLOOP] Created: PROJ-219
[23:46:12 CLOOP] Step D: Running multi-agent analysis...
**Analysis complete**

- **Files modified:** 13 files created
- **Phase count:** 5 phases
- **Commit hash:** f39ac412
- **Target:** `filter_ships` (CC 36 ΓåÆ target <20)
- **Strategy:** Extract binary filter helper (4x reuse) + status classification
[23:51:52 CLOOP] Sleeping 15s before next cycle...

[23:52:07 CLOOP] ======================================================
[23:52:07 CLOOP]   CYCLE 21 / 50
[23:52:07 CLOOP] ======================================================

[23:52:07 CLOOP] Step A: Running complexity audit (threshold: 20)...
[23:52:08 CLOOP] Target: game/ui/screens/fleet_report_filters.py:124 filter_ships (CC=36)
[23:52:08 CLOOP] Remaining above threshold: 44 (skipped: 0)
[23:52:08 CLOOP] Step B: Creating branch: complexity-cycle-21
git : Switched to branch 'main'
At C:\Dev\Starship Battles\Projects\complexity_loop\complexity_loop.ps1:317 char:5
+     git checkout main 2>$null
+     ~~~~~~~~~~~~~~~~~~~~~~~~~
    + CategoryInfo          : NotSpecified: (Switched to branch 'main':String) [], RemoteException
    + FullyQualifiedErrorId : NativeCommandError


[23:52:08 CLOOP] Step C: Creating project scaffold...
Target: game/ui/screens/fleet_report_filters.py:124
  Function: filter_ships
  CC: 36 (grade F)
  Remaining above threshold: 44

==================================================
Creating New Project: PROJ-220
==================================================

STEP 1: Create directory structure
  Created: C:\Dev\Starship Battles\Projects\active_projects\PROJ-220
  Created: C:\Dev\Starship Battles\Projects\active_projects\PROJ-220\findings

STEP 2: Create project files
  Created: plan.md
  Created: design.md
  Created: decisions.md
  Created: phase_1_checklist.md

STEP 3: Update projects_index.md
  Added PROJ-220 to index

==================================================
PROJECT CREATED
  ID: PROJ-220
  Directory: C:\Dev\Starship Battles\Projects\active_projects\PROJ-220

Next step: Run 'Start Project' prompt to begin planning.
==================================================

Project created: PROJ-220
  Context: C:\Dev\Starship Battles\Projects\active_projects\PROJ-220\findings\complexity_target.md
  Audit data: C:\Dev\Starship Battles\Projects\active_projects\PROJ-220\findings\audit_data.json

PROJECT_ID=PROJ-220
[23:52:09 CLOOP] Created: PROJ-220
[23:52:09 CLOOP] Step D: Running multi-agent analysis...
**Analysis complete.**

**Files modified:**
- `Projects/active_projects/PROJ-220/plan.md` ΓÇö Full project plan
- `Projects/active_projects/PROJ-220/design.md` ΓÇö Architecture analysis
- `Projects/active_projects/PROJ-220/decisions.md` ΓÇö Decision log
- `Projects/active_projects/PROJ-220/phase_1_checklist.md` ΓÇö Test fortification tasks
- `Projects/active_projects/PROJ-220/phase_2_checklist.md` ΓÇö Extract helpers tasks
- `Projects/active_projects/PROJ-220/phase_3_checklist.md` ΓÇö Simplify main function tasks
- `Projects/active_projects/PROJ-220/phase_4_checklist.md` ΓÇö Verify & cleanup tasks
- `Projects/active_projects/PROJ-220/findings/structure_analysis.md`
- `Projects/active_projects/PROJ-220/findings/dependency_analysis.md`
- `Projects/active_projects/PROJ-220/findings/safety_analysis.md`

**Phase count:** 4

**Commit:** `ba810c87`
[23:57:18 CLOOP] Sleeping 15s before next cycle...

[23:57:33 CLOOP] ======================================================
[23:57:33 CLOOP]   CYCLE 22 / 50
[23:57:33 CLOOP] ======================================================

[23:57:33 CLOOP] Step A: Running complexity audit (threshold: 20)...
[23:57:34 CLOOP] Target: game/ui/screens/fleet_report_filters.py:124 filter_ships (CC=36)
[23:57:34 CLOOP] Remaining above threshold: 44 (skipped: 0)
[23:57:34 CLOOP] Step B: Creating branch: complexity-cycle-22
git : Switched to branch 'main'
At C:\Dev\Starship Battles\Projects\complexity_loop\complexity_loop.ps1:317 char:5
+     git checkout main 2>$null
+     ~~~~~~~~~~~~~~~~~~~~~~~~~
    + CategoryInfo          : NotSpecified: (Switched to branch 'main':String) [], RemoteException
    + FullyQualifiedErrorId : NativeCommandError


[23:57:34 CLOOP] Step C: Creating project scaffold...
Target: game/ui/screens/fleet_report_filters.py:124
  Function: filter_ships
  CC: 36 (grade F)
  Remaining above threshold: 44

==================================================
Creating New Project: PROJ-221
==================================================

STEP 1: Create directory structure
  Created: C:\Dev\Starship Battles\Projects\active_projects\PROJ-221
  Created: C:\Dev\Starship Battles\Projects\active_projects\PROJ-221\findings

STEP 2: Create project files
  Created: plan.md
  Created: design.md
  Created: decisions.md
  Created: phase_1_checklist.md

STEP 3: Update projects_index.md
  Added PROJ-221 to index

==================================================
PROJECT CREATED
  ID: PROJ-221
  Directory: C:\Dev\Starship Battles\Projects\active_projects\PROJ-221

Next step: Run 'Start Project' prompt to begin planning.
==================================================

Project created: PROJ-221
  Context: C:\Dev\Starship Battles\Projects\active_projects\PROJ-221\findings\complexity_target.md
  Audit data: C:\Dev\Starship Battles\Projects\active_projects\PROJ-221\findings\audit_data.json

PROJECT_ID=PROJ-221
[23:57:35 CLOOP] Created: PROJ-221
[23:57:35 CLOOP] Step D: Running multi-agent analysis...
**Analysis complete**

- **Files modified:** 11 files
- **Phase count:** 3 phases
- **Commit hash:** f1a848aa
- **Target:** `filter_ships` CC 36 ΓåÆ < 20
[00:02:32 CLOOP] Sleeping 15s before next cycle...

[00:02:47 CLOOP] ======================================================
[00:02:47 CLOOP]   CYCLE 23 / 50
[00:02:47 CLOOP] ======================================================

[00:02:47 CLOOP] Step A: Running complexity audit (threshold: 20)...
[00:02:48 CLOOP] Target: game/ui/screens/fleet_report_filters.py:124 filter_ships (CC=36)
[00:02:48 CLOOP] Remaining above threshold: 44 (skipped: 0)
[00:02:48 CLOOP] Step B: Creating branch: complexity-cycle-23
git : Switched to branch 'main'
At C:\Dev\Starship Battles\Projects\complexity_loop\complexity_loop.ps1:317 char:5
+     git checkout main 2>$null
+     ~~~~~~~~~~~~~~~~~~~~~~~~~
    + CategoryInfo          : NotSpecified: (Switched to branch 'main':String) [], RemoteException
    + FullyQualifiedErrorId : NativeCommandError


[00:02:48 CLOOP] Step C: Creating project scaffold...
Target: game/ui/screens/fleet_report_filters.py:124
  Function: filter_ships
  CC: 36 (grade F)
  Remaining above threshold: 44

==================================================
Creating New Project: PROJ-222
==================================================

STEP 1: Create directory structure
  Created: C:\Dev\Starship Battles\Projects\active_projects\PROJ-222
  Created: C:\Dev\Starship Battles\Projects\active_projects\PROJ-222\findings

STEP 2: Create project files
  Created: plan.md
  Created: design.md
  Created: decisions.md
  Created: phase_1_checklist.md

STEP 3: Update projects_index.md
  Added PROJ-222 to index

==================================================
PROJECT CREATED
  ID: PROJ-222
  Directory: C:\Dev\Starship Battles\Projects\active_projects\PROJ-222

Next step: Run 'Start Project' prompt to begin planning.
==================================================

Project created: PROJ-222
  Context: C:\Dev\Starship Battles\Projects\active_projects\PROJ-222\findings\complexity_target.md
  Audit data: C:\Dev\Starship Battles\Projects\active_projects\PROJ-222\findings\audit_data.json

PROJECT_ID=PROJ-222
[00:02:49 CLOOP] Created: PROJ-222
[00:02:49 CLOOP] Step D: Running multi-agent analysis...
**Analysis complete.**

Files modified:
- `Projects/active_projects/PROJ-222/plan.md`
- `Projects/active_projects/PROJ-222/design.md`
- `Projects/active_projects/PROJ-222/decisions.md`
- `Projects/active_projects/PROJ-222/phase_1_checklist.md`
- `Projects/active_projects/PROJ-222/phase_2_checklist.md`
- `Projects/active_projects/PROJ-222/phase_3_checklist.md`
- `Projects/active_projects/PROJ-222/phase_4_checklist.md`
- `Projects/active_projects/PROJ-222/findings/structure_analysis.md`
- `Projects/active_projects/PROJ-222/findings/dependency_analysis.md`
- `Projects/active_projects/PROJ-222/findings/safety_analysis.md`

Phase count: 4
Commit hash: e279eb00
[00:08:12 CLOOP] Sleeping 15s before next cycle...

[00:08:27 CLOOP] ======================================================
[00:08:27 CLOOP]   CYCLE 24 / 50
[00:08:27 CLOOP] ======================================================

[00:08:27 CLOOP] Step A: Running complexity audit (threshold: 20)...
[00:08:28 CLOOP] Target: game/ui/screens/fleet_report_filters.py:124 filter_ships (CC=36)
[00:08:28 CLOOP] Remaining above threshold: 44 (skipped: 0)
[00:08:28 CLOOP] Step B: Creating branch: complexity-cycle-24
git : Switched to branch 'main'
At C:\Dev\Starship Battles\Projects\complexity_loop\complexity_loop.ps1:317 char:5
+     git checkout main 2>$null
+     ~~~~~~~~~~~~~~~~~~~~~~~~~
    + CategoryInfo          : NotSpecified: (Switched to branch 'main':String) [], RemoteException
    + FullyQualifiedErrorId : NativeCommandError


[00:08:28 CLOOP] Step C: Creating project scaffold...
Target: game/ui/screens/fleet_report_filters.py:124
  Function: filter_ships
  CC: 36 (grade F)
  Remaining above threshold: 44

==================================================
Creating New Project: PROJ-223
==================================================

STEP 1: Create directory structure
  Created: C:\Dev\Starship Battles\Projects\active_projects\PROJ-223
  Created: C:\Dev\Starship Battles\Projects\active_projects\PROJ-223\findings

STEP 2: Create project files
  Created: plan.md
  Created: design.md
  Created: decisions.md
  Created: phase_1_checklist.md

STEP 3: Update projects_index.md
  Added PROJ-223 to index

==================================================
PROJECT CREATED
  ID: PROJ-223
  Directory: C:\Dev\Starship Battles\Projects\active_projects\PROJ-223

Next step: Run 'Start Project' prompt to begin planning.
==================================================

Project created: PROJ-223
  Context: C:\Dev\Starship Battles\Projects\active_projects\PROJ-223\findings\complexity_target.md
  Audit data: C:\Dev\Starship Battles\Projects\active_projects\PROJ-223\findings\audit_data.json

PROJECT_ID=PROJ-223
[00:08:29 CLOOP] Created: PROJ-223
[00:08:29 CLOOP] Step D: Running multi-agent analysis...
**Analysis complete.**

Files modified:
- `Projects/active_projects/PROJ-223/plan.md`
- `Projects/active_projects/PROJ-223/design.md`
- `Projects/active_projects/PROJ-223/decisions.md`
- `Projects/active_projects/PROJ-223/phase_1_checklist.md`
- `Projects/active_projects/PROJ-223/phase_2_checklist.md`
- `Projects/active_projects/PROJ-223/phase_3_checklist.md`
- `Projects/active_projects/PROJ-223/phase_4_checklist.md`
- `Projects/active_projects/PROJ-223/findings/structure_analysis.md`
- `Projects/active_projects/PROJ-223/findings/dependency_analysis.md`
- `Projects/active_projects/PROJ-223/findings/safety_analysis.md`

Phase count: 4
Commit hash: 326f1d9f
[00:13:53 CLOOP] Sleeping 15s before next cycle...

[00:14:08 CLOOP] ======================================================
[00:14:08 CLOOP]   CYCLE 25 / 50
[00:14:08 CLOOP] ======================================================

[00:14:08 CLOOP] Step A: Running complexity audit (threshold: 20)...
[00:14:09 CLOOP] Target: game/ui/screens/fleet_report_filters.py:124 filter_ships (CC=36)
[00:14:09 CLOOP] Remaining above threshold: 44 (skipped: 0)
[00:14:09 CLOOP] Step B: Creating branch: complexity-cycle-25
git : Switched to branch 'main'
At C:\Dev\Starship Battles\Projects\complexity_loop\complexity_loop.ps1:317 char:5
+     git checkout main 2>$null
+     ~~~~~~~~~~~~~~~~~~~~~~~~~
    + CategoryInfo          : NotSpecified: (Switched to branch 'main':String) [], RemoteException
    + FullyQualifiedErrorId : NativeCommandError


[00:14:09 CLOOP] Step C: Creating project scaffold...
Target: game/ui/screens/fleet_report_filters.py:124
  Function: filter_ships
  CC: 36 (grade F)
  Remaining above threshold: 44

==================================================
Creating New Project: PROJ-224
==================================================

STEP 1: Create directory structure
  Created: C:\Dev\Starship Battles\Projects\active_projects\PROJ-224
  Created: C:\Dev\Starship Battles\Projects\active_projects\PROJ-224\findings

STEP 2: Create project files
  Created: plan.md
  Created: design.md
  Created: decisions.md
  Created: phase_1_checklist.md

STEP 3: Update projects_index.md
  Added PROJ-224 to index

==================================================
PROJECT CREATED
  ID: PROJ-224
  Directory: C:\Dev\Starship Battles\Projects\active_projects\PROJ-224

Next step: Run 'Start Project' prompt to begin planning.
==================================================

Project created: PROJ-224
  Context: C:\Dev\Starship Battles\Projects\active_projects\PROJ-224\findings\complexity_target.md
  Audit data: C:\Dev\Starship Battles\Projects\active_projects\PROJ-224\findings\audit_data.json

PROJECT_ID=PROJ-224
[00:14:10 CLOOP] Created: PROJ-224
[00:14:10 CLOOP] Step D: Running multi-agent analysis...
**Analysis complete**

- **Files modified:** 12 (plan.md, design.md, decisions.md, 4 phase checklists, 5 findings files)
- **Phases:** 4
- **Commit:** `9631682a`
- **Target:** `filter_ships` (CC 36 ΓåÆ target <20)

Exit.
[00:18:58 CLOOP] Sleeping 15s before next cycle...

[00:19:13 CLOOP] ======================================================
[00:19:13 CLOOP]   CYCLE 26 / 50
[00:19:13 CLOOP] ======================================================

[00:19:13 CLOOP] Step A: Running complexity audit (threshold: 20)...
[00:19:13 CLOOP] Target: game/ui/screens/fleet_report_filters.py:124 filter_ships (CC=36)
[00:19:13 CLOOP] Remaining above threshold: 44 (skipped: 0)
[00:19:13 CLOOP] Step B: Creating branch: complexity-cycle-26
git : Switched to branch 'main'
At C:\Dev\Starship Battles\Projects\complexity_loop\complexity_loop.ps1:317 char:5
+     git checkout main 2>$null
+     ~~~~~~~~~~~~~~~~~~~~~~~~~
    + CategoryInfo          : NotSpecified: (Switched to branch 'main':String) [], RemoteException
    + FullyQualifiedErrorId : NativeCommandError


[00:19:13 CLOOP] Step C: Creating project scaffold...
Target: game/ui/screens/fleet_report_filters.py:124
  Function: filter_ships
  CC: 36 (grade F)
  Remaining above threshold: 44

==================================================
Creating New Project: PROJ-225
==================================================

STEP 1: Create directory structure
  Created: C:\Dev\Starship Battles\Projects\active_projects\PROJ-225
  Created: C:\Dev\Starship Battles\Projects\active_projects\PROJ-225\findings

STEP 2: Create project files
  Created: plan.md
  Created: design.md
  Created: decisions.md
  Created: phase_1_checklist.md

STEP 3: Update projects_index.md
  Added PROJ-225 to index

==================================================
PROJECT CREATED
  ID: PROJ-225
  Directory: C:\Dev\Starship Battles\Projects\active_projects\PROJ-225

Next step: Run 'Start Project' prompt to begin planning.
==================================================

Project created: PROJ-225
  Context: C:\Dev\Starship Battles\Projects\active_projects\PROJ-225\findings\complexity_target.md
  Audit data: C:\Dev\Starship Battles\Projects\active_projects\PROJ-225\findings\audit_data.json

PROJECT_ID=PROJ-225
[00:19:14 CLOOP] Created: PROJ-225
[00:19:14 CLOOP] Step D: Running multi-agent analysis...
**Analysis complete**

Files modified:
- `Projects/active_projects/PROJ-225/plan.md`
- `Projects/active_projects/PROJ-225/design.md`
- `Projects/active_projects/PROJ-225/decisions.md`
- `Projects/active_projects/PROJ-225/phase_1_checklist.md`
- `Projects/active_projects/PROJ-225/phase_2_checklist.md`
- `Projects/active_projects/PROJ-225/phase_3_checklist.md`
- `Projects/active_projects/PROJ-225/phase_4_checklist.md`
- `Projects/active_projects/PROJ-225/findings/structure_analysis.md`
- `Projects/active_projects/PROJ-225/findings/dependency_analysis.md`
- `Projects/active_projects/PROJ-225/findings/safety_analysis.md`

Phase count: **4**

Commit hash: **5ed9ff9e**
[00:24:58 CLOOP] Sleeping 15s before next cycle...

[00:25:13 CLOOP] ======================================================
[00:25:13 CLOOP]   CYCLE 27 / 50
[00:25:13 CLOOP] ======================================================

[00:25:13 CLOOP] Step A: Running complexity audit (threshold: 20)...
[00:25:14 CLOOP] Target: game/ui/screens/fleet_report_filters.py:124 filter_ships (CC=36)
[00:25:14 CLOOP] Remaining above threshold: 44 (skipped: 0)
[00:25:14 CLOOP] Step B: Creating branch: complexity-cycle-27
git : Switched to branch 'main'
At C:\Dev\Starship Battles\Projects\complexity_loop\complexity_loop.ps1:317 char:5
+     git checkout main 2>$null
+     ~~~~~~~~~~~~~~~~~~~~~~~~~
    + CategoryInfo          : NotSpecified: (Switched to branch 'main':String) [], RemoteException
    + FullyQualifiedErrorId : NativeCommandError


[00:25:14 CLOOP] Step C: Creating project scaffold...
Target: game/ui/screens/fleet_report_filters.py:124
  Function: filter_ships
  CC: 36 (grade F)
  Remaining above threshold: 44

==================================================
Creating New Project: PROJ-226
==================================================

STEP 1: Create directory structure
  Created: C:\Dev\Starship Battles\Projects\active_projects\PROJ-226
  Created: C:\Dev\Starship Battles\Projects\active_projects\PROJ-226\findings

STEP 2: Create project files
  Created: plan.md
  Created: design.md
  Created: decisions.md
  Created: phase_1_checklist.md

STEP 3: Update projects_index.md
  Added PROJ-226 to index

==================================================
PROJECT CREATED
  ID: PROJ-226
  Directory: C:\Dev\Starship Battles\Projects\active_projects\PROJ-226

Next step: Run 'Start Project' prompt to begin planning.
==================================================

Project created: PROJ-226
  Context: C:\Dev\Starship Battles\Projects\active_projects\PROJ-226\findings\complexity_target.md
  Audit data: C:\Dev\Starship Battles\Projects\active_projects\PROJ-226\findings\audit_data.json

PROJECT_ID=PROJ-226
[00:25:15 CLOOP] Created: PROJ-226
[00:25:15 CLOOP] Step D: Running multi-agent analysis...
**Analysis complete**

- Files modified: 11 (plan.md, design.md, decisions.md, 3 phase checklists, 4 findings)
- Phase count: 3
- Commit: `f693e291`
- Target: `filter_ships` CC 36 ΓåÆ goal <20
[00:30:21 CLOOP] Sleeping 15s before next cycle...

[00:30:36 CLOOP] ======================================================
[00:30:36 CLOOP]   CYCLE 28 / 50
[00:30:36 CLOOP] ======================================================

[00:30:36 CLOOP] Step A: Running complexity audit (threshold: 20)...
[00:30:37 CLOOP] Target: game/ui/screens/fleet_report_filters.py:124 filter_ships (CC=36)
[00:30:37 CLOOP] Remaining above threshold: 44 (skipped: 0)
[00:30:37 CLOOP] Step B: Creating branch: complexity-cycle-28
git : Switched to branch 'main'
At C:\Dev\Starship Battles\Projects\complexity_loop\complexity_loop.ps1:317 char:5
+     git checkout main 2>$null
+     ~~~~~~~~~~~~~~~~~~~~~~~~~
    + CategoryInfo          : NotSpecified: (Switched to branch 'main':String) [], RemoteException
    + FullyQualifiedErrorId : NativeCommandError


[00:30:37 CLOOP] Step C: Creating project scaffold...
Target: game/ui/screens/fleet_report_filters.py:124
  Function: filter_ships
  CC: 36 (grade F)
  Remaining above threshold: 44

==================================================
Creating New Project: PROJ-227
==================================================

STEP 1: Create directory structure
  Created: C:\Dev\Starship Battles\Projects\active_projects\PROJ-227
  Created: C:\Dev\Starship Battles\Projects\active_projects\PROJ-227\findings

STEP 2: Create project files
  Created: plan.md
  Created: design.md
  Created: decisions.md
  Created: phase_1_checklist.md

STEP 3: Update projects_index.md
  Added PROJ-227 to index

==================================================
PROJECT CREATED
  ID: PROJ-227
  Directory: C:\Dev\Starship Battles\Projects\active_projects\PROJ-227

Next step: Run 'Start Project' prompt to begin planning.
==================================================

Project created: PROJ-227
  Context: C:\Dev\Starship Battles\Projects\active_projects\PROJ-227\findings\complexity_target.md
  Audit data: C:\Dev\Starship Battles\Projects\active_projects\PROJ-227\findings\audit_data.json

PROJECT_ID=PROJ-227
[00:30:38 CLOOP] Created: PROJ-227
[00:30:38 CLOOP] Step D: Running multi-agent analysis...
**Analysis complete**

**Files modified:**
- `Projects/active_projects/PROJ-227/plan.md`
- `Projects/active_projects/PROJ-227/design.md`
- `Projects/active_projects/PROJ-227/decisions.md`
- `Projects/active_projects/PROJ-227/phase_1_checklist.md`
- `Projects/active_projects/PROJ-227/phase_2_checklist.md`
- `Projects/active_projects/PROJ-227/phase_3_checklist.md`
- `Projects/active_projects/PROJ-227/phase_4_checklist.md`
- `Projects/active_projects/PROJ-227/findings/structure_analysis.md`
- `Projects/active_projects/PROJ-227/findings/dependency_analysis.md`
- `Projects/active_projects/PROJ-227/findings/safety_analysis.md`

**Phase count:** 4

**Commit:** `f73bf14c`
[00:36:07 CLOOP] Sleeping 15s before next cycle...

[00:36:22 CLOOP] ======================================================
[00:36:22 CLOOP]   CYCLE 29 / 50
[00:36:22 CLOOP] ======================================================

[00:36:22 CLOOP] Step A: Running complexity audit (threshold: 20)...
[00:36:23 CLOOP] Target: game/ui/screens/fleet_report_filters.py:124 filter_ships (CC=36)
[00:36:23 CLOOP] Remaining above threshold: 44 (skipped: 0)
[00:36:23 CLOOP] Step B: Creating branch: complexity-cycle-29
git : error: Your local changes to the following files would be overwritten by checkout:
At C:\Dev\Starship Battles\Projects\complexity_loop\complexity_loop.ps1:317 char:5
+     git checkout main 2>$null
+     ~~~~~~~~~~~~~~~~~~~~~~~~~
    + CategoryInfo          : NotSpecified: (error: Your loc...en by checkout::String) [], RemoteException
    + FullyQualifiedErrorId : NativeCommandError
	Projects/complexity_loop/complexity_history.jsonl
	Projects/complexity_loop/cycle_state.json
Please commit your changes or stash them before you switch branches.
Aborting


[00:36:23 CLOOP] Step C: Creating project scaffold...
Target: game/ui/screens/fleet_report_filters.py:124
  Function: filter_ships
  CC: 36 (grade F)
  Remaining above threshold: 44

==================================================
Creating New Project: PROJ-228
==================================================

STEP 1: Create directory structure
  Created: C:\Dev\Starship Battles\Projects\active_projects\PROJ-228
  Created: C:\Dev\Starship Battles\Projects\active_projects\PROJ-228\findings

STEP 2: Create project files
  Created: plan.md
  Created: design.md
  Created: decisions.md
  Created: phase_1_checklist.md

STEP 3: Update projects_index.md
  Added PROJ-228 to index

==================================================
PROJECT CREATED
  ID: PROJ-228
  Directory: C:\Dev\Starship Battles\Projects\active_projects\PROJ-228

Next step: Run 'Start Project' prompt to begin planning.
==================================================

Project created: PROJ-228
  Context: C:\Dev\Starship Battles\Projects\active_projects\PROJ-228\findings\complexity_target.md
  Audit data: C:\Dev\Starship Battles\Projects\active_projects\PROJ-228\findings\audit_data.json

PROJECT_ID=PROJ-228
[00:36:24 CLOOP] Created: PROJ-228
[00:36:24 CLOOP] Step D: Running multi-agent analysis...
**Analysis complete**

- **Files modified:** 11 (plan.md, design.md, decisions.md, 3 phase checklists, 4 findings)
- **Phase count:** 3
- **Commit:** `b3b3e692`
- **Target:** `filter_ships` CC 36 ΓåÆ <20
[00:51:37 CLOOP] Sleeping 15s before next cycle...

[00:51:52 CLOOP] ======================================================
[00:51:52 CLOOP]   CYCLE 30 / 50
[00:51:52 CLOOP] ======================================================

[00:51:52 CLOOP] Step A: Running complexity audit (threshold: 20)...
[00:51:53 CLOOP] Target: game/ui/screens/fleet_report_filters.py:124 filter_ships (CC=36)
[00:51:53 CLOOP] Remaining above threshold: 44 (skipped: 0)
[00:51:53 CLOOP] Step B: Creating branch: complexity-cycle-30
git : error: Your local changes to the following files would be overwritten by checkout:
At C:\Dev\Starship Battles\Projects\complexity_loop\complexity_loop.ps1:317 char:5
+     git checkout main 2>$null
+     ~~~~~~~~~~~~~~~~~~~~~~~~~
    + CategoryInfo          : NotSpecified: (error: Your loc...en by checkout::String) [], RemoteException
    + FullyQualifiedErrorId : NativeCommandError
	Projects/complexity_loop/complexity_history.jsonl
	Projects/complexity_loop/cycle_state.json
	Projects/complexity_loop/logs/complexity_loop_2026-02-25_215510.log
	Projects/projects_index.md
Please commit your changes or stash them before you switch branches.
Aborting


[00:51:53 CLOOP] Step C: Creating project scaffold...
Target: game/ui/screens/fleet_report_filters.py:124
  Function: filter_ships
  CC: 36 (grade F)
  Remaining above threshold: 44

==================================================
Creating New Project: PROJ-229
==================================================

STEP 1: Create directory structure
  Created: C:\Dev\Starship Battles\Projects\active_projects\PROJ-229
  Created: C:\Dev\Starship Battles\Projects\active_projects\PROJ-229\findings

STEP 2: Create project files
  Created: plan.md
  Created: design.md
  Created: decisions.md
  Created: phase_1_checklist.md

STEP 3: Update projects_index.md
  Added PROJ-229 to index

==================================================
PROJECT CREATED
  ID: PROJ-229
  Directory: C:\Dev\Starship Battles\Projects\active_projects\PROJ-229

Next step: Run 'Start Project' prompt to begin planning.
==================================================

Project created: PROJ-229
  Context: C:\Dev\Starship Battles\Projects\active_projects\PROJ-229\findings\complexity_target.md
  Audit data: C:\Dev\Starship Battles\Projects\active_projects\PROJ-229\findings\audit_data.json

PROJECT_ID=PROJ-229
[00:51:54 CLOOP] Created: PROJ-229
[00:51:54 CLOOP] Step D: Running multi-agent analysis...
**Analysis complete.**

**Files modified:**
- `Projects/active_projects/PROJ-229/plan.md`
- `Projects/active_projects/PROJ-229/design.md`
- `Projects/active_projects/PROJ-229/decisions.md`
- `Projects/active_projects/PROJ-229/phase_1_checklist.md`
- `Projects/active_projects/PROJ-229/phase_2_checklist.md`
- `Projects/active_projects/PROJ-229/phase_3_checklist.md`
- `Projects/active_projects/PROJ-229/phase_4_checklist.md`
- `Projects/active_projects/PROJ-229/findings/structure_analysis.md`
- `Projects/active_projects/PROJ-229/findings/dependency_analysis.md`
- `Projects/active_projects/PROJ-229/findings/safety_analysis.md`

**Phase count:** 4

**Commit:** `91dc91ee`
[00:57:48 CLOOP] Sleeping 15s before next cycle...

[00:58:03 CLOOP] ======================================================
[00:58:03 CLOOP]   CYCLE 31 / 50
[00:58:03 CLOOP] ======================================================

[00:58:03 CLOOP] Step A: Running complexity audit (threshold: 20)...
[00:58:04 CLOOP] Target: game/ui/screens/fleet_report_filters.py:124 filter_ships (CC=36)
[00:58:04 CLOOP] Remaining above threshold: 44 (skipped: 0)
[00:58:04 CLOOP] Step B: Creating branch: complexity-cycle-31
git : error: Your local changes to the following files would be overwritten by checkout:
At C:\Dev\Starship Battles\Projects\complexity_loop\complexity_loop.ps1:317 char:5
+     git checkout main 2>$null
+     ~~~~~~~~~~~~~~~~~~~~~~~~~
    + CategoryInfo          : NotSpecified: (error: Your loc...en by checkout::String) [], RemoteException
    + FullyQualifiedErrorId : NativeCommandError
	Projects/complexity_loop/complexity_history.jsonl
	Projects/complexity_loop/cycle_state.json
	Projects/complexity_loop/logs/complexity_loop_2026-02-25_215510.log
	Projects/projects_index.md
Please commit your changes or stash them before you switch branches.
Aborting


[00:58:04 CLOOP] Step C: Creating project scaffold...
Target: game/ui/screens/fleet_report_filters.py:124
  Function: filter_ships
  CC: 36 (grade F)
  Remaining above threshold: 44

==================================================
Creating New Project: PROJ-230
==================================================

STEP 1: Create directory structure
  Created: C:\Dev\Starship Battles\Projects\active_projects\PROJ-230
  Created: C:\Dev\Starship Battles\Projects\active_projects\PROJ-230\findings

STEP 2: Create project files
  Created: plan.md
  Created: design.md
  Created: decisions.md
  Created: phase_1_checklist.md

STEP 3: Update projects_index.md
  Added PROJ-230 to index

==================================================
PROJECT CREATED
  ID: PROJ-230
  Directory: C:\Dev\Starship Battles\Projects\active_projects\PROJ-230

Next step: Run 'Start Project' prompt to begin planning.
==================================================

Project created: PROJ-230
  Context: C:\Dev\Starship Battles\Projects\active_projects\PROJ-230\findings\complexity_target.md
  Audit data: C:\Dev\Starship Battles\Projects\active_projects\PROJ-230\findings\audit_data.json

PROJECT_ID=PROJ-230
[00:58:05 CLOOP] Created: PROJ-230
[00:58:05 CLOOP] Step D: Running multi-agent analysis...
**Analysis complete.**

**Files modified:** 12 files (plan.md, design.md, decisions.md, 4 phase checklists, 5 analysis findings)

**Phase count:** 4 phases
- Phase 1: Test Fortification (8 safety tests)
- Phase 2: Extract Filter Helpers (5 predicate functions)
- Phase 3: Simplify Main Function
- Phase 4: Verify & Cleanup

**Commit:** `baa5c1e5`
[01:03:22 CLOOP] Sleeping 15s before next cycle...

[01:03:37 CLOOP] ======================================================
[01:03:37 CLOOP]   CYCLE 32 / 50
[01:03:37 CLOOP] ======================================================

[01:03:37 CLOOP] Step A: Running complexity audit (threshold: 20)...
[01:03:38 CLOOP] Target: game/ui/screens/fleet_report_filters.py:124 filter_ships (CC=36)
[01:03:38 CLOOP] Remaining above threshold: 44 (skipped: 0)
[01:03:38 CLOOP] Step B: Creating branch: complexity-cycle-32
git : error: Your local changes to the following files would be overwritten by checkout:
At C:\Dev\Starship Battles\Projects\complexity_loop\complexity_loop.ps1:317 char:5
+     git checkout main 2>$null
+     ~~~~~~~~~~~~~~~~~~~~~~~~~
    + CategoryInfo          : NotSpecified: (error: Your loc...en by checkout::String) [], RemoteException
    + FullyQualifiedErrorId : NativeCommandError
	Projects/complexity_loop/complexity_history.jsonl
	Projects/complexity_loop/cycle_state.json
	Projects/complexity_loop/logs/complexity_loop_2026-02-25_215510.log
	Projects/projects_index.md
Please commit your changes or stash them before you switch branches.
Aborting


[01:03:38 CLOOP] Step C: Creating project scaffold...
Target: game/ui/screens/fleet_report_filters.py:124
  Function: filter_ships
  CC: 36 (grade F)
  Remaining above threshold: 44

==================================================
Creating New Project: PROJ-231
==================================================

STEP 1: Create directory structure
  Created: C:\Dev\Starship Battles\Projects\active_projects\PROJ-231
  Created: C:\Dev\Starship Battles\Projects\active_projects\PROJ-231\findings

STEP 2: Create project files
  Created: plan.md
  Created: design.md
  Created: decisions.md
  Created: phase_1_checklist.md

STEP 3: Update projects_index.md
  Added PROJ-231 to index

==================================================
PROJECT CREATED
  ID: PROJ-231
  Directory: C:\Dev\Starship Battles\Projects\active_projects\PROJ-231

Next step: Run 'Start Project' prompt to begin planning.
==================================================

Project created: PROJ-231
  Context: C:\Dev\Starship Battles\Projects\active_projects\PROJ-231\findings\complexity_target.md
  Audit data: C:\Dev\Starship Battles\Projects\active_projects\PROJ-231\findings\audit_data.json

PROJECT_ID=PROJ-231
[01:03:39 CLOOP] Created: PROJ-231
[01:03:39 CLOOP] Step D: Running multi-agent analysis...
**Analysis complete**

- **Files modified:** 11 (plan.md, design.md, decisions.md, 3 phase checklists, 4 findings)
- **Phases:** 3
- **Commit:** `ff0ab418`
- **Target:** `filter_ships` CC 36 ΓåÆ <20
[01:08:58 CLOOP] Sleeping 15s before next cycle...

[01:09:13 CLOOP] ======================================================
[01:09:13 CLOOP]   CYCLE 33 / 50
[01:09:13 CLOOP] ======================================================

[01:09:13 CLOOP] Step A: Running complexity audit (threshold: 20)...
[01:09:14 CLOOP] Target: game/ui/screens/fleet_report_filters.py:124 filter_ships (CC=36)
[01:09:14 CLOOP] Remaining above threshold: 44 (skipped: 0)
[01:09:14 CLOOP] Step B: Creating branch: complexity-cycle-33
git : error: Your local changes to the following files would be overwritten by checkout:
At C:\Dev\Starship Battles\Projects\complexity_loop\complexity_loop.ps1:317 char:5
+     git checkout main 2>$null
+     ~~~~~~~~~~~~~~~~~~~~~~~~~
    + CategoryInfo          : NotSpecified: (error: Your loc...en by checkout::String) [], RemoteException
    + FullyQualifiedErrorId : NativeCommandError
	Projects/complexity_loop/complexity_history.jsonl
	Projects/complexity_loop/cycle_state.json
	Projects/complexity_loop/logs/complexity_loop_2026-02-25_215510.log
	Projects/projects_index.md
Please commit your changes or stash them before you switch branches.
Aborting


[01:09:14 CLOOP] Step C: Creating project scaffold...
Target: game/ui/screens/fleet_report_filters.py:124
  Function: filter_ships
  CC: 36 (grade F)
  Remaining above threshold: 44

==================================================
Creating New Project: PROJ-232
==================================================

STEP 1: Create directory structure
  Created: C:\Dev\Starship Battles\Projects\active_projects\PROJ-232
  Created: C:\Dev\Starship Battles\Projects\active_projects\PROJ-232\findings

STEP 2: Create project files
  Created: plan.md
  Created: design.md
  Created: decisions.md
  Created: phase_1_checklist.md

STEP 3: Update projects_index.md
  Added PROJ-232 to index

==================================================
PROJECT CREATED
  ID: PROJ-232
  Directory: C:\Dev\Starship Battles\Projects\active_projects\PROJ-232

Next step: Run 'Start Project' prompt to begin planning.
==================================================

Project created: PROJ-232
  Context: C:\Dev\Starship Battles\Projects\active_projects\PROJ-232\findings\complexity_target.md
  Audit data: C:\Dev\Starship Battles\Projects\active_projects\PROJ-232\findings\audit_data.json

PROJECT_ID=PROJ-232
[01:09:15 CLOOP] Created: PROJ-232
[01:09:15 CLOOP] Step D: Running multi-agent analysis...
**Analysis complete**

**Files modified:**
- `Projects/active_projects/PROJ-232/plan.md` - Full project plan
- `Projects/active_projects/PROJ-232/design.md` - Architecture analysis
- `Projects/active_projects/PROJ-232/decisions.md` - Decision log
- `Projects/active_projects/PROJ-232/phase_1_checklist.md` - Test fortification
- `Projects/active_projects/PROJ-232/phase_2_checklist.md` - Extract helpers
- `Projects/active_projects/PROJ-232/phase_3_checklist.md` - Simplify main function
- `Projects/active_projects/PROJ-232/phase_4_checklist.md` - Verify & cleanup
- `Projects/active_projects/PROJ-232/findings/structure_analysis.md`
- `Projects/active_projects/PROJ-232/findings/dependency_analysis.md`
- `Projects/active_projects/PROJ-232/findings/safety_analysis.md`

**Phase count:** 4

**Commit:** cd09d6e3
[01:14:23 CLOOP] Sleeping 15s before next cycle...

[01:14:38 CLOOP] ======================================================
[01:14:38 CLOOP]   CYCLE 34 / 50
[01:14:38 CLOOP] ======================================================

[01:14:38 CLOOP] Step A: Running complexity audit (threshold: 20)...
[01:14:39 CLOOP] Target: game/ui/screens/fleet_report_filters.py:124 filter_ships (CC=36)
[01:14:39 CLOOP] Remaining above threshold: 44 (skipped: 0)
[01:14:39 CLOOP] Step B: Creating branch: complexity-cycle-34
git : error: Your local changes to the following files would be overwritten by checkout:
At C:\Dev\Starship Battles\Projects\complexity_loop\complexity_loop.ps1:317 char:5
+     git checkout main 2>$null
+     ~~~~~~~~~~~~~~~~~~~~~~~~~
    + CategoryInfo          : NotSpecified: (error: Your loc...en by checkout::String) [], RemoteException
    + FullyQualifiedErrorId : NativeCommandError
	Projects/complexity_loop/complexity_history.jsonl
	Projects/complexity_loop/cycle_state.json
	Projects/complexity_loop/logs/complexity_loop_2026-02-25_215510.log
	Projects/projects_index.md
Please commit your changes or stash them before you switch branches.
Aborting


[01:14:39 CLOOP] Step C: Creating project scaffold...
Target: game/ui/screens/fleet_report_filters.py:124
  Function: filter_ships
  CC: 36 (grade F)
  Remaining above threshold: 44

==================================================
Creating New Project: PROJ-233
==================================================

STEP 1: Create directory structure
  Created: C:\Dev\Starship Battles\Projects\active_projects\PROJ-233
  Created: C:\Dev\Starship Battles\Projects\active_projects\PROJ-233\findings

STEP 2: Create project files
  Created: plan.md
  Created: design.md
  Created: decisions.md
  Created: phase_1_checklist.md

STEP 3: Update projects_index.md
  Added PROJ-233 to index

==================================================
PROJECT CREATED
  ID: PROJ-233
  Directory: C:\Dev\Starship Battles\Projects\active_projects\PROJ-233

Next step: Run 'Start Project' prompt to begin planning.
==================================================

Project created: PROJ-233
  Context: C:\Dev\Starship Battles\Projects\active_projects\PROJ-233\findings\complexity_target.md
  Audit data: C:\Dev\Starship Battles\Projects\active_projects\PROJ-233\findings\audit_data.json

PROJECT_ID=PROJ-233
[01:14:40 CLOOP] Created: PROJ-233
[01:14:40 CLOOP] Step D: Running multi-agent analysis...
**Analysis complete.**

**Files modified:**
- `Projects/active_projects/PROJ-233/plan.md`
- `Projects/active_projects/PROJ-233/design.md`
- `Projects/active_projects/PROJ-233/decisions.md`
- `Projects/active_projects/PROJ-233/phase_1_checklist.md`
- `Projects/active_projects/PROJ-233/phase_2_checklist.md`
- `Projects/active_projects/PROJ-233/phase_3_checklist.md`
- `Projects/active_projects/PROJ-233/phase_4_checklist.md`
- `Projects/active_projects/PROJ-233/findings/structure_analysis.md`
- `Projects/active_projects/PROJ-233/findings/dependency_analysis.md`
- `Projects/active_projects/PROJ-233/findings/safety_analysis.md`

**Phase count:** 4

**Commit hash:** 55cc1a28
[01:20:51 CLOOP] Sleeping 15s before next cycle...

[01:21:06 CLOOP] ======================================================
[01:21:06 CLOOP]   CYCLE 35 / 50
[01:21:06 CLOOP] ======================================================

[01:21:06 CLOOP] Step A: Running complexity audit (threshold: 20)...
[01:21:07 CLOOP] Target: game/ui/screens/fleet_report_filters.py:124 filter_ships (CC=36)
[01:21:07 CLOOP] Remaining above threshold: 44 (skipped: 0)
[01:21:07 CLOOP] Step B: Creating branch: complexity-cycle-35
git : error: Your local changes to the following files would be overwritten by checkout:
At C:\Dev\Starship Battles\Projects\complexity_loop\complexity_loop.ps1:317 char:5
+     git checkout main 2>$null
+     ~~~~~~~~~~~~~~~~~~~~~~~~~
    + CategoryInfo          : NotSpecified: (error: Your loc...en by checkout::String) [], RemoteException
    + FullyQualifiedErrorId : NativeCommandError
	Projects/complexity_loop/complexity_history.jsonl
	Projects/complexity_loop/cycle_state.json
	Projects/complexity_loop/logs/complexity_loop_2026-02-25_215510.log
	Projects/projects_index.md
Please commit your changes or stash them before you switch branches.
Aborting


[01:21:07 CLOOP] Step C: Creating project scaffold...
Target: game/ui/screens/fleet_report_filters.py:124
  Function: filter_ships
  CC: 36 (grade F)
  Remaining above threshold: 44

==================================================
Creating New Project: PROJ-234
==================================================

STEP 1: Create directory structure
  Created: C:\Dev\Starship Battles\Projects\active_projects\PROJ-234
  Created: C:\Dev\Starship Battles\Projects\active_projects\PROJ-234\findings

STEP 2: Create project files
  Created: plan.md
  Created: design.md
  Created: decisions.md
  Created: phase_1_checklist.md

STEP 3: Update projects_index.md
  Added PROJ-234 to index

==================================================
PROJECT CREATED
  ID: PROJ-234
  Directory: C:\Dev\Starship Battles\Projects\active_projects\PROJ-234

Next step: Run 'Start Project' prompt to begin planning.
==================================================

Project created: PROJ-234
  Context: C:\Dev\Starship Battles\Projects\active_projects\PROJ-234\findings\complexity_target.md
  Audit data: C:\Dev\Starship Battles\Projects\active_projects\PROJ-234\findings\audit_data.json

PROJECT_ID=PROJ-234
[01:21:08 CLOOP] Created: PROJ-234
[01:21:08 CLOOP] Step D: Running multi-agent analysis...
**Analysis complete**

Files modified:
- `Projects/active_projects/PROJ-234/plan.md`
- `Projects/active_projects/PROJ-234/design.md`
- `Projects/active_projects/PROJ-234/decisions.md`
- `Projects/active_projects/PROJ-234/phase_1_checklist.md`
- `Projects/active_projects/PROJ-234/phase_2_checklist.md`
- `Projects/active_projects/PROJ-234/phase_3_checklist.md`
- `Projects/active_projects/PROJ-234/phase_4_checklist.md`
- `Projects/active_projects/PROJ-234/findings/structure_analysis.md`
- `Projects/active_projects/PROJ-234/findings/dependency_analysis.md`
- `Projects/active_projects/PROJ-234/findings/safety_analysis.md`

Phase count: 4
Commit hash: `14bdcc12`
[01:26:25 CLOOP] Sleeping 15s before next cycle...

[01:26:40 CLOOP] ======================================================
[01:26:40 CLOOP]   CYCLE 36 / 50
[01:26:40 CLOOP] ======================================================

[01:26:40 CLOOP] Step A: Running complexity audit (threshold: 20)...
[01:26:41 CLOOP] Target: game/ui/screens/fleet_report_filters.py:124 filter_ships (CC=36)
[01:26:41 CLOOP] Remaining above threshold: 44 (skipped: 0)
[01:26:41 CLOOP] Step B: Creating branch: complexity-cycle-36
git : error: Your local changes to the following files would be overwritten by checkout:
At C:\Dev\Starship Battles\Projects\complexity_loop\complexity_loop.ps1:317 char:5
+     git checkout main 2>$null
+     ~~~~~~~~~~~~~~~~~~~~~~~~~
    + CategoryInfo          : NotSpecified: (error: Your loc...en by checkout::String) [], RemoteException
    + FullyQualifiedErrorId : NativeCommandError
	Projects/complexity_loop/complexity_history.jsonl
	Projects/complexity_loop/cycle_state.json
	Projects/complexity_loop/logs/complexity_loop_2026-02-25_215510.log
	Projects/projects_index.md
Please commit your changes or stash them before you switch branches.
Aborting


[01:26:41 CLOOP] Step C: Creating project scaffold...
Target: game/ui/screens/fleet_report_filters.py:124
  Function: filter_ships
  CC: 36 (grade F)
  Remaining above threshold: 44

==================================================
Creating New Project: PROJ-235
==================================================

STEP 1: Create directory structure
  Created: C:\Dev\Starship Battles\Projects\active_projects\PROJ-235
  Created: C:\Dev\Starship Battles\Projects\active_projects\PROJ-235\findings

STEP 2: Create project files
  Created: plan.md
  Created: design.md
  Created: decisions.md
  Created: phase_1_checklist.md

STEP 3: Update projects_index.md
  Added PROJ-235 to index

==================================================
PROJECT CREATED
  ID: PROJ-235
  Directory: C:\Dev\Starship Battles\Projects\active_projects\PROJ-235

Next step: Run 'Start Project' prompt to begin planning.
==================================================

Project created: PROJ-235
  Context: C:\Dev\Starship Battles\Projects\active_projects\PROJ-235\findings\complexity_target.md
  Audit data: C:\Dev\Starship Battles\Projects\active_projects\PROJ-235\findings\audit_data.json

PROJECT_ID=PROJ-235
[01:26:42 CLOOP] Created: PROJ-235
[01:26:42 CLOOP] Step D: Running multi-agent analysis...
**Analysis complete**

**Files modified:**
- `Projects/active_projects/PROJ-235/plan.md`
- `Projects/active_projects/PROJ-235/design.md`
- `Projects/active_projects/PROJ-235/decisions.md`
- `Projects/active_projects/PROJ-235/phase_1_checklist.md`
- `Projects/active_projects/PROJ-235/phase_2_checklist.md`
- `Projects/active_projects/PROJ-235/phase_3_checklist.md`
- `Projects/active_projects/PROJ-235/phase_4_checklist.md`
- `Projects/active_projects/PROJ-235/findings/structure_analysis.md`
- `Projects/active_projects/PROJ-235/findings/dependency_analysis.md`
- `Projects/active_projects/PROJ-235/findings/safety_analysis.md`

**Phase count:** 4

**Commit:** `c61ef051`

**Summary:**
- Target: `filter_ships` (CC=36 ΓåÆ target <15)
- Verdict: REFACTORABLE (pure function, 46 tests, single caller)
- Strategy: Extract 4 helpers (`_get_ship_status`, `_passes_boolean_filter`, `_passes_status_filter`, `_passes_capability_filters`)
- Critical invariant: Status filter order (destroyed > derelict > damaged > undamaged)
[01:31:59 CLOOP] Sleeping 15s before next cycle...

[01:32:14 CLOOP] ======================================================
[01:32:14 CLOOP]   CYCLE 37 / 50
[01:32:14 CLOOP] ======================================================

[01:32:14 CLOOP] Step A: Running complexity audit (threshold: 20)...
[01:32:15 CLOOP] Target: game/ui/screens/fleet_report_filters.py:124 filter_ships (CC=36)
[01:32:15 CLOOP] Remaining above threshold: 44 (skipped: 0)
[01:32:15 CLOOP] Step B: Creating branch: complexity-cycle-37
git : error: Your local changes to the following files would be overwritten by checkout:
At C:\Dev\Starship Battles\Projects\complexity_loop\complexity_loop.ps1:317 char:5
+     git checkout main 2>$null
+     ~~~~~~~~~~~~~~~~~~~~~~~~~
    + CategoryInfo          : NotSpecified: (error: Your loc...en by checkout::String) [], RemoteException
    + FullyQualifiedErrorId : NativeCommandError
	Projects/complexity_loop/complexity_history.jsonl
	Projects/complexity_loop/cycle_state.json
	Projects/complexity_loop/logs/complexity_loop_2026-02-25_215510.log
	Projects/projects_index.md
Please commit your changes or stash them before you switch branches.
Aborting


[01:32:15 CLOOP] Step C: Creating project scaffold...
Target: game/ui/screens/fleet_report_filters.py:124
  Function: filter_ships
  CC: 36 (grade F)
  Remaining above threshold: 44

==================================================
Creating New Project: PROJ-236
==================================================

STEP 1: Create directory structure
  Created: C:\Dev\Starship Battles\Projects\active_projects\PROJ-236
  Created: C:\Dev\Starship Battles\Projects\active_projects\PROJ-236\findings

STEP 2: Create project files
  Created: plan.md
  Created: design.md
  Created: decisions.md
  Created: phase_1_checklist.md

STEP 3: Update projects_index.md
  Added PROJ-236 to index

==================================================
PROJECT CREATED
  ID: PROJ-236
  Directory: C:\Dev\Starship Battles\Projects\active_projects\PROJ-236

Next step: Run 'Start Project' prompt to begin planning.
==================================================

Project created: PROJ-236
  Context: C:\Dev\Starship Battles\Projects\active_projects\PROJ-236\findings\complexity_target.md
  Audit data: C:\Dev\Starship Battles\Projects\active_projects\PROJ-236\findings\audit_data.json

PROJECT_ID=PROJ-236
[01:32:16 CLOOP] Created: PROJ-236
[01:32:16 CLOOP] Step D: Running multi-agent analysis...
**Analysis complete.**

**Files modified:**
- `Projects/active_projects/PROJ-236/plan.md` - Project overview with 4 phases
- `Projects/active_projects/PROJ-236/design.md` - Architecture analysis
- `Projects/active_projects/PROJ-236/decisions.md` - Decision log
- `Projects/active_projects/PROJ-236/phase_1_checklist.md` - Test fortification (6 tests)
- `Projects/active_projects/PROJ-236/phase_2_checklist.md` - Extract status helpers
- `Projects/active_projects/PROJ-236/phase_3_checklist.md` - Extract capability helpers
- `Projects/active_projects/PROJ-236/phase_4_checklist.md` - Verify & cleanup
- `Projects/active_projects/PROJ-236/findings/*.md` - Multi-agent analysis reports

**Phase count:** 4

**Commit:** `c46c30a2`

**Summary:**
- `filter_ships` (CC 36) is **SAFE TO REFACTOR**
- Complexity from repeated patterns, not inherent problem complexity
- 4-phase plan: Test Fortification ΓåÆ Extract Status ΓåÆ Extract Capabilities ΓåÆ Verify
- Expected final CC: 8-12 (well below threshold of 20)
[01:37:27 CLOOP] Sleeping 15s before next cycle...

[01:37:42 CLOOP] ======================================================
[01:37:42 CLOOP]   CYCLE 38 / 50
[01:37:42 CLOOP] ======================================================

[01:37:42 CLOOP] Step A: Running complexity audit (threshold: 20)...
[01:37:43 CLOOP] Target: game/ui/screens/fleet_report_filters.py:124 filter_ships (CC=36)
[01:37:43 CLOOP] Remaining above threshold: 44 (skipped: 0)
[01:37:43 CLOOP] Step B: Creating branch: complexity-cycle-38
git : error: Your local changes to the following files would be overwritten by checkout:
At C:\Dev\Starship Battles\Projects\complexity_loop\complexity_loop.ps1:317 char:5
+     git checkout main 2>$null
+     ~~~~~~~~~~~~~~~~~~~~~~~~~
    + CategoryInfo          : NotSpecified: (error: Your loc...en by checkout::String) [], RemoteException
    + FullyQualifiedErrorId : NativeCommandError
	Projects/complexity_loop/complexity_history.jsonl
	Projects/complexity_loop/cycle_state.json
	Projects/complexity_loop/logs/complexity_loop_2026-02-25_215510.log
	Projects/projects_index.md
Please commit your changes or stash them before you switch branches.
Aborting


[01:37:43 CLOOP] Step C: Creating project scaffold...
Target: game/ui/screens/fleet_report_filters.py:124
  Function: filter_ships
  CC: 36 (grade F)
  Remaining above threshold: 44

==================================================
Creating New Project: PROJ-237
==================================================

STEP 1: Create directory structure
  Created: C:\Dev\Starship Battles\Projects\active_projects\PROJ-237
  Created: C:\Dev\Starship Battles\Projects\active_projects\PROJ-237\findings

STEP 2: Create project files
  Created: plan.md
  Created: design.md
  Created: decisions.md
  Created: phase_1_checklist.md

STEP 3: Update projects_index.md
  Added PROJ-237 to index

==================================================
PROJECT CREATED
  ID: PROJ-237
  Directory: C:\Dev\Starship Battles\Projects\active_projects\PROJ-237

Next step: Run 'Start Project' prompt to begin planning.
==================================================

Project created: PROJ-237
  Context: C:\Dev\Starship Battles\Projects\active_projects\PROJ-237\findings\complexity_target.md
  Audit data: C:\Dev\Starship Battles\Projects\active_projects\PROJ-237\findings\audit_data.json

PROJECT_ID=PROJ-237
[01:37:44 CLOOP] Created: PROJ-237
[01:37:44 CLOOP] Step D: Running multi-agent analysis...
**Analysis complete.**

**Files modified:**
- `Projects/active_projects/PROJ-237/plan.md`
- `Projects/active_projects/PROJ-237/design.md`
- `Projects/active_projects/PROJ-237/decisions.md`
- `Projects/active_projects/PROJ-237/phase_1_checklist.md`
- `Projects/active_projects/PROJ-237/phase_2_checklist.md`
- `Projects/active_projects/PROJ-237/phase_3_checklist.md`
- `Projects/active_projects/PROJ-237/phase_4_checklist.md`
- `Projects/active_projects/PROJ-237/findings/structure_analysis.md`
- `Projects/active_projects/PROJ-237/findings/dependency_analysis.md`
- `Projects/active_projects/PROJ-237/findings/safety_analysis.md`

**Phase count:** 4
**Commit hash:** 29df0692
[01:43:07 CLOOP] Sleeping 15s before next cycle...

[01:43:22 CLOOP] ======================================================
[01:43:22 CLOOP]   CYCLE 39 / 50
[01:43:22 CLOOP] ======================================================

[01:43:22 CLOOP] Step A: Running complexity audit (threshold: 20)...
[01:43:23 CLOOP] Target: game/ui/screens/fleet_report_filters.py:124 filter_ships (CC=36)
[01:43:23 CLOOP] Remaining above threshold: 44 (skipped: 0)
[01:43:23 CLOOP] Step B: Creating branch: complexity-cycle-39
git : error: Your local changes to the following files would be overwritten by checkout:
At C:\Dev\Starship Battles\Projects\complexity_loop\complexity_loop.ps1:317 char:5
+     git checkout main 2>$null
+     ~~~~~~~~~~~~~~~~~~~~~~~~~
    + CategoryInfo          : NotSpecified: (error: Your loc...en by checkout::String) [], RemoteException
    + FullyQualifiedErrorId : NativeCommandError
	Projects/complexity_loop/complexity_history.jsonl
	Projects/complexity_loop/cycle_state.json
	Projects/complexity_loop/logs/complexity_loop_2026-02-25_215510.log
	Projects/projects_index.md
Please commit your changes or stash them before you switch branches.
Aborting


[01:43:23 CLOOP] Step C: Creating project scaffold...
Target: game/ui/screens/fleet_report_filters.py:124
  Function: filter_ships
  CC: 36 (grade F)
  Remaining above threshold: 44

==================================================
Creating New Project: PROJ-238
==================================================

STEP 1: Create directory structure
  Created: C:\Dev\Starship Battles\Projects\active_projects\PROJ-238
  Created: C:\Dev\Starship Battles\Projects\active_projects\PROJ-238\findings

STEP 2: Create project files
  Created: plan.md
  Created: design.md
  Created: decisions.md
  Created: phase_1_checklist.md

STEP 3: Update projects_index.md
  Added PROJ-238 to index

==================================================
PROJECT CREATED
  ID: PROJ-238
  Directory: C:\Dev\Starship Battles\Projects\active_projects\PROJ-238

Next step: Run 'Start Project' prompt to begin planning.
==================================================

Project created: PROJ-238
  Context: C:\Dev\Starship Battles\Projects\active_projects\PROJ-238\findings\complexity_target.md
  Audit data: C:\Dev\Starship Battles\Projects\active_projects\PROJ-238\findings\audit_data.json

PROJECT_ID=PROJ-238
[01:43:24 CLOOP] Created: PROJ-238
[01:43:24 CLOOP] Step D: Running multi-agent analysis...
**Analysis complete.**

**Files modified:**
- `Projects/active_projects/PROJ-238/plan.md`
- `Projects/active_projects/PROJ-238/design.md`
- `Projects/active_projects/PROJ-238/decisions.md`
- `Projects/active_projects/PROJ-238/phase_1_checklist.md`
- `Projects/active_projects/PROJ-238/phase_2_checklist.md`
- `Projects/active_projects/PROJ-238/phase_3_checklist.md`
- `Projects/active_projects/PROJ-238/phase_4_checklist.md`
- `Projects/active_projects/PROJ-238/findings/structure_analysis.md`
- `Projects/active_projects/PROJ-238/findings/dependency_analysis.md`
- `Projects/active_projects/PROJ-238/findings/safety_analysis.md`

**Phase count:** 4

**Commit hash:** be7a2bc0
[01:48:25 CLOOP] Sleeping 15s before next cycle...

[01:48:40 CLOOP] ======================================================
[01:48:40 CLOOP]   CYCLE 40 / 50
[01:48:40 CLOOP] ======================================================

[01:48:40 CLOOP] Step A: Running complexity audit (threshold: 20)...
[01:48:41 CLOOP] Target: game/ui/screens/fleet_report_filters.py:124 filter_ships (CC=36)
[01:48:41 CLOOP] Remaining above threshold: 44 (skipped: 0)
[01:48:41 CLOOP] Step B: Creating branch: complexity-cycle-40
git : error: Your local changes to the following files would be overwritten by checkout:
At C:\Dev\Starship Battles\Projects\complexity_loop\complexity_loop.ps1:317 char:5
+     git checkout main 2>$null
+     ~~~~~~~~~~~~~~~~~~~~~~~~~
    + CategoryInfo          : NotSpecified: (error: Your loc...en by checkout::String) [], RemoteException
    + FullyQualifiedErrorId : NativeCommandError
	Projects/complexity_loop/complexity_history.jsonl
	Projects/complexity_loop/cycle_state.json
	Projects/complexity_loop/logs/complexity_loop_2026-02-25_215510.log
	Projects/projects_index.md
Please commit your changes or stash them before you switch branches.
Aborting


[01:48:41 CLOOP] Step C: Creating project scaffold...
Target: game/ui/screens/fleet_report_filters.py:124
  Function: filter_ships
  CC: 36 (grade F)
  Remaining above threshold: 44

==================================================
Creating New Project: PROJ-239
==================================================

STEP 1: Create directory structure
  Created: C:\Dev\Starship Battles\Projects\active_projects\PROJ-239
  Created: C:\Dev\Starship Battles\Projects\active_projects\PROJ-239\findings

STEP 2: Create project files
  Created: plan.md
  Created: design.md
  Created: decisions.md
  Created: phase_1_checklist.md

STEP 3: Update projects_index.md
  Added PROJ-239 to index

==================================================
PROJECT CREATED
  ID: PROJ-239
  Directory: C:\Dev\Starship Battles\Projects\active_projects\PROJ-239

Next step: Run 'Start Project' prompt to begin planning.
==================================================

Project created: PROJ-239
  Context: C:\Dev\Starship Battles\Projects\active_projects\PROJ-239\findings\complexity_target.md
  Audit data: C:\Dev\Starship Battles\Projects\active_projects\PROJ-239\findings\audit_data.json

PROJECT_ID=PROJ-239
[01:48:42 CLOOP] Created: PROJ-239
[01:48:42 CLOOP] Step D: Running multi-agent analysis...
**Analysis complete.**

**Files modified:**
- `Projects/active_projects/PROJ-239/plan.md`
- `Projects/active_projects/PROJ-239/design.md`
- `Projects/active_projects/PROJ-239/decisions.md`
- `Projects/active_projects/PROJ-239/phase_1_checklist.md`
- `Projects/active_projects/PROJ-239/phase_2_checklist.md`
- `Projects/active_projects/PROJ-239/phase_3_checklist.md`
- `Projects/active_projects/PROJ-239/findings/structure_analysis.md`
- `Projects/active_projects/PROJ-239/findings/dependency_analysis.md`
- `Projects/active_projects/PROJ-239/findings/safety_analysis.md`

**Phase count:** 3

**Commit:** a64fcd1f
[01:53:57 CLOOP] Sleeping 15s before next cycle...

[01:54:12 CLOOP] ======================================================
[01:54:12 CLOOP]   CYCLE 41 / 50
[01:54:12 CLOOP] ======================================================

[01:54:12 CLOOP] Step A: Running complexity audit (threshold: 20)...
[01:54:13 CLOOP] Target: game/ui/screens/fleet_report_filters.py:124 filter_ships (CC=36)
[01:54:13 CLOOP] Remaining above threshold: 44 (skipped: 0)
[01:54:13 CLOOP] Step B: Creating branch: complexity-cycle-41
git : error: Your local changes to the following files would be overwritten by checkout:
At C:\Dev\Starship Battles\Projects\complexity_loop\complexity_loop.ps1:317 char:5
+     git checkout main 2>$null
+     ~~~~~~~~~~~~~~~~~~~~~~~~~
    + CategoryInfo          : NotSpecified: (error: Your loc...en by checkout::String) [], RemoteException
    + FullyQualifiedErrorId : NativeCommandError
	Projects/complexity_loop/complexity_history.jsonl
	Projects/complexity_loop/cycle_state.json
	Projects/complexity_loop/logs/complexity_loop_2026-02-25_215510.log
	Projects/projects_index.md
Please commit your changes or stash them before you switch branches.
Aborting


[01:54:13 CLOOP] Step C: Creating project scaffold...
Target: game/ui/screens/fleet_report_filters.py:124
  Function: filter_ships
  CC: 36 (grade F)
  Remaining above threshold: 44

==================================================
Creating New Project: PROJ-240
==================================================

STEP 1: Create directory structure
  Created: C:\Dev\Starship Battles\Projects\active_projects\PROJ-240
  Created: C:\Dev\Starship Battles\Projects\active_projects\PROJ-240\findings

STEP 2: Create project files
  Created: plan.md
  Created: design.md
  Created: decisions.md
  Created: phase_1_checklist.md

STEP 3: Update projects_index.md
  Added PROJ-240 to index

==================================================
PROJECT CREATED
  ID: PROJ-240
  Directory: C:\Dev\Starship Battles\Projects\active_projects\PROJ-240

Next step: Run 'Start Project' prompt to begin planning.
==================================================

Project created: PROJ-240
  Context: C:\Dev\Starship Battles\Projects\active_projects\PROJ-240\findings\complexity_target.md
  Audit data: C:\Dev\Starship Battles\Projects\active_projects\PROJ-240\findings\audit_data.json

PROJECT_ID=PROJ-240
[01:54:14 CLOOP] Created: PROJ-240
[01:54:14 CLOOP] Step D: Running multi-agent analysis...
**Analysis complete.**

**Files modified:**
- `Projects/active_projects/PROJ-240/plan.md`
- `Projects/active_projects/PROJ-240/design.md`
- `Projects/active_projects/PROJ-240/decisions.md`
- `Projects/active_projects/PROJ-240/phase_1_checklist.md`
- `Projects/active_projects/PROJ-240/phase_2_checklist.md`
- `Projects/active_projects/PROJ-240/phase_3_checklist.md`
- `Projects/active_projects/PROJ-240/phase_4_checklist.md`
- `Projects/active_projects/PROJ-240/findings/structure_analysis.md`
- `Projects/active_projects/PROJ-240/findings/dependency_analysis.md`
- `Projects/active_projects/PROJ-240/findings/safety_analysis.md`

**Phase count:** 4

**Commit:** bb5c9d29
[01:59:24 CLOOP] Sleeping 15s before next cycle...

[01:59:39 CLOOP] ======================================================
[01:59:39 CLOOP]   CYCLE 42 / 50
[01:59:39 CLOOP] ======================================================

[01:59:39 CLOOP] Step A: Running complexity audit (threshold: 20)...
[01:59:40 CLOOP] Target: game/ui/screens/fleet_report_filters.py:124 filter_ships (CC=36)
[01:59:40 CLOOP] Remaining above threshold: 44 (skipped: 0)
[01:59:40 CLOOP] Step B: Creating branch: complexity-cycle-42
git : error: Your local changes to the following files would be overwritten by checkout:
At C:\Dev\Starship Battles\Projects\complexity_loop\complexity_loop.ps1:317 char:5
+     git checkout main 2>$null
+     ~~~~~~~~~~~~~~~~~~~~~~~~~
    + CategoryInfo          : NotSpecified: (error: Your loc...en by checkout::String) [], RemoteException
    + FullyQualifiedErrorId : NativeCommandError
	Projects/complexity_loop/complexity_history.jsonl
	Projects/complexity_loop/cycle_state.json
	Projects/complexity_loop/logs/complexity_loop_2026-02-25_215510.log
	Projects/projects_index.md
Please commit your changes or stash them before you switch branches.
Aborting


[01:59:40 CLOOP] Step C: Creating project scaffold...
Target: game/ui/screens/fleet_report_filters.py:124
  Function: filter_ships
  CC: 36 (grade F)
  Remaining above threshold: 44

==================================================
Creating New Project: PROJ-241
==================================================

STEP 1: Create directory structure
  Created: C:\Dev\Starship Battles\Projects\active_projects\PROJ-241
  Created: C:\Dev\Starship Battles\Projects\active_projects\PROJ-241\findings

STEP 2: Create project files
  Created: plan.md
  Created: design.md
  Created: decisions.md
  Created: phase_1_checklist.md

STEP 3: Update projects_index.md
  Added PROJ-241 to index

==================================================
PROJECT CREATED
  ID: PROJ-241
  Directory: C:\Dev\Starship Battles\Projects\active_projects\PROJ-241

Next step: Run 'Start Project' prompt to begin planning.
==================================================

Project created: PROJ-241
  Context: C:\Dev\Starship Battles\Projects\active_projects\PROJ-241\findings\complexity_target.md
  Audit data: C:\Dev\Starship Battles\Projects\active_projects\PROJ-241\findings\audit_data.json

PROJECT_ID=PROJ-241
[01:59:41 CLOOP] Created: PROJ-241
[01:59:41 CLOOP] Step D: Running multi-agent analysis...
**Analysis complete.**

**Files modified:**
- `Projects/active_projects/PROJ-241/plan.md`
- `Projects/active_projects/PROJ-241/design.md`
- `Projects/active_projects/PROJ-241/decisions.md`
- `Projects/active_projects/PROJ-241/phase_1_checklist.md`
- `Projects/active_projects/PROJ-241/phase_2_checklist.md`
- `Projects/active_projects/PROJ-241/phase_3_checklist.md`
- `Projects/active_projects/PROJ-241/phase_4_checklist.md`
- `Projects/active_projects/PROJ-241/findings/structure_analysis.md`
- `Projects/active_projects/PROJ-241/findings/dependency_analysis.md`
- `Projects/active_projects/PROJ-241/findings/safety_analysis.md`

**Phase count:** 4

**Commit:** `1b21287b`

Analysis complete.
[02:05:28 CLOOP] Sleeping 15s before next cycle...

[02:05:43 CLOOP] ======================================================
[02:05:43 CLOOP]   CYCLE 43 / 50
[02:05:43 CLOOP] ======================================================

[02:05:43 CLOOP] Step A: Running complexity audit (threshold: 20)...
[02:05:44 CLOOP] Target: game/ui/screens/fleet_report_filters.py:124 filter_ships (CC=36)
[02:05:44 CLOOP] Remaining above threshold: 44 (skipped: 0)
[02:05:44 CLOOP] Step B: Creating branch: complexity-cycle-43
git : error: Your local changes to the following files would be overwritten by checkout:
At C:\Dev\Starship Battles\Projects\complexity_loop\complexity_loop.ps1:317 char:5
+     git checkout main 2>$null
+     ~~~~~~~~~~~~~~~~~~~~~~~~~
    + CategoryInfo          : NotSpecified: (error: Your loc...en by checkout::String) [], RemoteException
    + FullyQualifiedErrorId : NativeCommandError
	Projects/complexity_loop/complexity_history.jsonl
	Projects/complexity_loop/cycle_state.json
	Projects/complexity_loop/logs/complexity_loop_2026-02-25_215510.log
	Projects/projects_index.md
Please commit your changes or stash them before you switch branches.
Aborting


[02:05:44 CLOOP] Step C: Creating project scaffold...
Target: game/ui/screens/fleet_report_filters.py:124
  Function: filter_ships
  CC: 36 (grade F)
  Remaining above threshold: 44

==================================================
Creating New Project: PROJ-242
==================================================

STEP 1: Create directory structure
  Created: C:\Dev\Starship Battles\Projects\active_projects\PROJ-242
  Created: C:\Dev\Starship Battles\Projects\active_projects\PROJ-242\findings

STEP 2: Create project files
  Created: plan.md
  Created: design.md
  Created: decisions.md
  Created: phase_1_checklist.md

STEP 3: Update projects_index.md
  Added PROJ-242 to index

==================================================
PROJECT CREATED
  ID: PROJ-242
  Directory: C:\Dev\Starship Battles\Projects\active_projects\PROJ-242

Next step: Run 'Start Project' prompt to begin planning.
==================================================

Project created: PROJ-242
  Context: C:\Dev\Starship Battles\Projects\active_projects\PROJ-242\findings\complexity_target.md
  Audit data: C:\Dev\Starship Battles\Projects\active_projects\PROJ-242\findings\audit_data.json

PROJECT_ID=PROJ-242
[02:05:45 CLOOP] Created: PROJ-242
[02:05:45 CLOOP] Step D: Running multi-agent analysis...
**Analysis complete**

**Files modified:**
- `Projects/active_projects/PROJ-242/plan.md` - Full project plan
- `Projects/active_projects/PROJ-242/design.md` - Architecture analysis
- `Projects/active_projects/PROJ-242/decisions.md` - Decision log
- `Projects/active_projects/PROJ-242/phase_1_checklist.md` - Test fortification
- `Projects/active_projects/PROJ-242/phase_2_checklist.md` - Extract filter helpers
- `Projects/active_projects/PROJ-242/phase_3_checklist.md` - Refactor main function
- `Projects/active_projects/PROJ-242/phase_4_checklist.md` - Verify & cleanup
- `Projects/active_projects/PROJ-242/findings/structure_analysis.md`
- `Projects/active_projects/PROJ-242/findings/dependency_analysis.md`
- `Projects/active_projects/PROJ-242/findings/safety_analysis.md`

**Phase count:** 4

**Commit hash:** 2c6580b1
[02:11:24 CLOOP] Sleeping 15s before next cycle...

[02:11:39 CLOOP] ======================================================
[02:11:39 CLOOP]   CYCLE 44 / 50
[02:11:39 CLOOP] ======================================================

[02:11:39 CLOOP] Step A: Running complexity audit (threshold: 20)...
[02:11:40 CLOOP] Target: game/ui/screens/fleet_report_filters.py:124 filter_ships (CC=36)
[02:11:40 CLOOP] Remaining above threshold: 44 (skipped: 0)
[02:11:40 CLOOP] Step B: Creating branch: complexity-cycle-44
git : error: Your local changes to the following files would be overwritten by checkout:
At C:\Dev\Starship Battles\Projects\complexity_loop\complexity_loop.ps1:317 char:5
+     git checkout main 2>$null
+     ~~~~~~~~~~~~~~~~~~~~~~~~~
    + CategoryInfo          : NotSpecified: (error: Your loc...en by checkout::String) [], RemoteException
    + FullyQualifiedErrorId : NativeCommandError
	Projects/complexity_loop/complexity_history.jsonl
	Projects/complexity_loop/cycle_state.json
	Projects/complexity_loop/logs/complexity_loop_2026-02-25_215510.log
	Projects/projects_index.md
Please commit your changes or stash them before you switch branches.
Aborting


[02:11:40 CLOOP] Step C: Creating project scaffold...
Target: game/ui/screens/fleet_report_filters.py:124
  Function: filter_ships
  CC: 36 (grade F)
  Remaining above threshold: 44

==================================================
Creating New Project: PROJ-243
==================================================

STEP 1: Create directory structure
  Created: C:\Dev\Starship Battles\Projects\active_projects\PROJ-243
  Created: C:\Dev\Starship Battles\Projects\active_projects\PROJ-243\findings

STEP 2: Create project files
  Created: plan.md
  Created: design.md
  Created: decisions.md
  Created: phase_1_checklist.md

STEP 3: Update projects_index.md
  Added PROJ-243 to index

==================================================
PROJECT CREATED
  ID: PROJ-243
  Directory: C:\Dev\Starship Battles\Projects\active_projects\PROJ-243

Next step: Run 'Start Project' prompt to begin planning.
==================================================

Project created: PROJ-243
  Context: C:\Dev\Starship Battles\Projects\active_projects\PROJ-243\findings\complexity_target.md
  Audit data: C:\Dev\Starship Battles\Projects\active_projects\PROJ-243\findings\audit_data.json

PROJECT_ID=PROJ-243
[02:11:41 CLOOP] Created: PROJ-243
[02:11:41 CLOOP] Step D: Running multi-agent analysis...
Analysis complete.

**Files modified:**
- `Projects/active_projects/PROJ-243/plan.md`
- `Projects/active_projects/PROJ-243/design.md`
- `Projects/active_projects/PROJ-243/decisions.md`
- `Projects/active_projects/PROJ-243/phase_1_checklist.md`
- `Projects/active_projects/PROJ-243/phase_2_checklist.md`
- `Projects/active_projects/PROJ-243/phase_3_checklist.md`
- `Projects/active_projects/PROJ-243/phase_4_checklist.md`
- `Projects/active_projects/PROJ-243/findings/structure_analysis.md`
- `Projects/active_projects/PROJ-243/findings/dependency_analysis.md`
- `Projects/active_projects/PROJ-243/findings/safety_analysis.md`

**Phase count:** 4

**Commit:** d01bbd23

Analysis complete.
[02:17:33 CLOOP] Sleeping 15s before next cycle...

[02:17:48 CLOOP] ======================================================
[02:17:48 CLOOP]   CYCLE 45 / 50
[02:17:48 CLOOP] ======================================================

[02:17:48 CLOOP] Step A: Running complexity audit (threshold: 20)...
[02:17:48 CLOOP] Target: game/ui/screens/fleet_report_filters.py:124 filter_ships (CC=36)
[02:17:48 CLOOP] Remaining above threshold: 44 (skipped: 0)
[02:17:48 CLOOP] Step B: Creating branch: complexity-cycle-45
git : error: Your local changes to the following files would be overwritten by checkout:
At C:\Dev\Starship Battles\Projects\complexity_loop\complexity_loop.ps1:317 char:5
+     git checkout main 2>$null
+     ~~~~~~~~~~~~~~~~~~~~~~~~~
    + CategoryInfo          : NotSpecified: (error: Your loc...en by checkout::String) [], RemoteException
    + FullyQualifiedErrorId : NativeCommandError
	Projects/complexity_loop/complexity_history.jsonl
	Projects/complexity_loop/cycle_state.json
	Projects/complexity_loop/logs/complexity_loop_2026-02-25_215510.log
	Projects/projects_index.md
Please commit your changes or stash them before you switch branches.
Aborting


[02:17:49 CLOOP] Step C: Creating project scaffold...
Target: game/ui/screens/fleet_report_filters.py:124
  Function: filter_ships
  CC: 36 (grade F)
  Remaining above threshold: 44

==================================================
Creating New Project: PROJ-244
==================================================

STEP 1: Create directory structure
  Created: C:\Dev\Starship Battles\Projects\active_projects\PROJ-244
  Created: C:\Dev\Starship Battles\Projects\active_projects\PROJ-244\findings

STEP 2: Create project files
  Created: plan.md
  Created: design.md
  Created: decisions.md
  Created: phase_1_checklist.md

STEP 3: Update projects_index.md
  Added PROJ-244 to index

==================================================
PROJECT CREATED
  ID: PROJ-244
  Directory: C:\Dev\Starship Battles\Projects\active_projects\PROJ-244

Next step: Run 'Start Project' prompt to begin planning.
==================================================

Project created: PROJ-244
  Context: C:\Dev\Starship Battles\Projects\active_projects\PROJ-244\findings\complexity_target.md
  Audit data: C:\Dev\Starship Battles\Projects\active_projects\PROJ-244\findings\audit_data.json

PROJECT_ID=PROJ-244
[02:17:50 CLOOP] Created: PROJ-244
[02:17:50 CLOOP] Step D: Running multi-agent analysis...
**Analysis complete**

- Files modified: 12
- Phases: 4
- Commit: `48946107`

**Summary:**
- Target: `filter_ships` (CC 36 ΓåÆ target < 20)
- Strategy: Extract 6 helper predicate functions
- Phase 1: Add 6 safety tests (combined filters, derelict precedence, partial state)
- Phase 2: Extract helpers (`_passes_warp_filter`, `_passes_spaceyard_filter`, etc.)
- Phase 3: Simplify main function to use helpers
- Phase 4: Verify CC reduction and cleanup
[02:22:34 CLOOP] Sleeping 15s before next cycle...

[02:22:49 CLOOP] ======================================================
[02:22:49 CLOOP]   CYCLE 46 / 50
[02:22:49 CLOOP] ======================================================

[02:22:49 CLOOP] Step A: Running complexity audit (threshold: 20)...
[02:22:50 CLOOP] Target: game/ui/screens/fleet_report_filters.py:124 filter_ships (CC=36)
[02:22:50 CLOOP] Remaining above threshold: 44 (skipped: 0)
[02:22:50 CLOOP] Step B: Creating branch: complexity-cycle-46
git : error: Your local changes to the following files would be overwritten by checkout:
At C:\Dev\Starship Battles\Projects\complexity_loop\complexity_loop.ps1:317 char:5
+     git checkout main 2>$null
+     ~~~~~~~~~~~~~~~~~~~~~~~~~
    + CategoryInfo          : NotSpecified: (error: Your loc...en by checkout::String) [], RemoteException
    + FullyQualifiedErrorId : NativeCommandError
	Projects/complexity_loop/complexity_history.jsonl
	Projects/complexity_loop/cycle_state.json
	Projects/complexity_loop/logs/complexity_loop_2026-02-25_215510.log
	Projects/projects_index.md
Please commit your changes or stash them before you switch branches.
Aborting


[02:22:50 CLOOP] Step C: Creating project scaffold...
Target: game/ui/screens/fleet_report_filters.py:124
  Function: filter_ships
  CC: 36 (grade F)
  Remaining above threshold: 44

==================================================
Creating New Project: PROJ-245
==================================================

STEP 1: Create directory structure
  Created: C:\Dev\Starship Battles\Projects\active_projects\PROJ-245
  Created: C:\Dev\Starship Battles\Projects\active_projects\PROJ-245\findings

STEP 2: Create project files
  Created: plan.md
  Created: design.md
  Created: decisions.md
  Created: phase_1_checklist.md

STEP 3: Update projects_index.md
  Added PROJ-245 to index

==================================================
PROJECT CREATED
  ID: PROJ-245
  Directory: C:\Dev\Starship Battles\Projects\active_projects\PROJ-245

Next step: Run 'Start Project' prompt to begin planning.
==================================================

Project created: PROJ-245
  Context: C:\Dev\Starship Battles\Projects\active_projects\PROJ-245\findings\complexity_target.md
  Audit data: C:\Dev\Starship Battles\Projects\active_projects\PROJ-245\findings\audit_data.json

PROJECT_ID=PROJ-245
[02:22:51 CLOOP] Created: PROJ-245
[02:22:51 CLOOP] Step D: Running multi-agent analysis...
**Analysis complete**

- **Files modified:** 12
- **Phase count:** 4
- **Commit hash:** 223873f0
- **Target:** `filter_ships` (CC 36 ΓåÆ target <20)
- **Strategy:** Extract 5 predicate helpers from repeated binary filter pattern
[02:27:24 CLOOP] Sleeping 15s before next cycle...

[02:27:39 CLOOP] ======================================================
[02:27:39 CLOOP]   CYCLE 47 / 50
[02:27:39 CLOOP] ======================================================

[02:27:39 CLOOP] Step A: Running complexity audit (threshold: 20)...
[02:27:40 CLOOP] Target: game/ui/screens/fleet_report_filters.py:124 filter_ships (CC=36)
[02:27:40 CLOOP] Remaining above threshold: 44 (skipped: 0)
[02:27:40 CLOOP] Step B: Creating branch: complexity-cycle-47
git : error: Your local changes to the following files would be overwritten by checkout:
At C:\Dev\Starship Battles\Projects\complexity_loop\complexity_loop.ps1:317 char:5
+     git checkout main 2>$null
+     ~~~~~~~~~~~~~~~~~~~~~~~~~
    + CategoryInfo          : NotSpecified: (error: Your loc...en by checkout::String) [], RemoteException
    + FullyQualifiedErrorId : NativeCommandError
	Projects/complexity_loop/complexity_history.jsonl
	Projects/complexity_loop/cycle_state.json
	Projects/complexity_loop/logs/complexity_loop_2026-02-25_215510.log
	Projects/projects_index.md
Please commit your changes or stash them before you switch branches.
Aborting


[02:27:40 CLOOP] Step C: Creating project scaffold...
Target: game/ui/screens/fleet_report_filters.py:124
  Function: filter_ships
  CC: 36 (grade F)
  Remaining above threshold: 44

==================================================
Creating New Project: PROJ-246
==================================================

STEP 1: Create directory structure
  Created: C:\Dev\Starship Battles\Projects\active_projects\PROJ-246
  Created: C:\Dev\Starship Battles\Projects\active_projects\PROJ-246\findings

STEP 2: Create project files
  Created: plan.md
  Created: design.md
  Created: decisions.md
  Created: phase_1_checklist.md

STEP 3: Update projects_index.md
  Added PROJ-246 to index

==================================================
PROJECT CREATED
  ID: PROJ-246
  Directory: C:\Dev\Starship Battles\Projects\active_projects\PROJ-246

Next step: Run 'Start Project' prompt to begin planning.
==================================================

Project created: PROJ-246
  Context: C:\Dev\Starship Battles\Projects\active_projects\PROJ-246\findings\complexity_target.md
  Audit data: C:\Dev\Starship Battles\Projects\active_projects\PROJ-246\findings\audit_data.json

PROJECT_ID=PROJ-246
[02:27:41 CLOOP] Created: PROJ-246
[02:27:41 CLOOP] Step D: Running multi-agent analysis...
**Analysis complete**

- **Files modified:** 11
- **Phase count:** 3
- **Commit:** `5a39d5f0`
- **Target:** `filter_ships` (CC 36 ΓåÆ target <20)
- **Strategy:** Extract 7 helper functions to reduce main function to ~20 lines
[02:32:29 CLOOP] Sleeping 15s before next cycle...

[02:32:44 CLOOP] ======================================================
[02:32:44 CLOOP]   CYCLE 48 / 50
[02:32:44 CLOOP] ======================================================

[02:32:44 CLOOP] Step A: Running complexity audit (threshold: 20)...
[02:32:45 CLOOP] Target: game/ui/screens/fleet_report_filters.py:124 filter_ships (CC=36)
[02:32:45 CLOOP] Remaining above threshold: 44 (skipped: 0)
[02:32:45 CLOOP] Step B: Creating branch: complexity-cycle-48
git : error: Your local changes to the following files would be overwritten by checkout:
At C:\Dev\Starship Battles\Projects\complexity_loop\complexity_loop.ps1:317 char:5
+     git checkout main 2>$null
+     ~~~~~~~~~~~~~~~~~~~~~~~~~
    + CategoryInfo          : NotSpecified: (error: Your loc...en by checkout::String) [], RemoteException
    + FullyQualifiedErrorId : NativeCommandError
	Projects/complexity_loop/complexity_history.jsonl
	Projects/complexity_loop/cycle_state.json
	Projects/complexity_loop/logs/complexity_loop_2026-02-25_215510.log
	Projects/projects_index.md
Please commit your changes or stash them before you switch branches.
Aborting


[02:32:45 CLOOP] Step C: Creating project scaffold...
Target: game/ui/screens/fleet_report_filters.py:124
  Function: filter_ships
  CC: 36 (grade F)
  Remaining above threshold: 44

==================================================
Creating New Project: PROJ-247
==================================================

STEP 1: Create directory structure
  Created: C:\Dev\Starship Battles\Projects\active_projects\PROJ-247
  Created: C:\Dev\Starship Battles\Projects\active_projects\PROJ-247\findings

STEP 2: Create project files
  Created: plan.md
  Created: design.md
  Created: decisions.md
  Created: phase_1_checklist.md

STEP 3: Update projects_index.md
  Added PROJ-247 to index

==================================================
PROJECT CREATED
  ID: PROJ-247
  Directory: C:\Dev\Starship Battles\Projects\active_projects\PROJ-247

Next step: Run 'Start Project' prompt to begin planning.
==================================================

Project created: PROJ-247
  Context: C:\Dev\Starship Battles\Projects\active_projects\PROJ-247\findings\complexity_target.md
  Audit data: C:\Dev\Starship Battles\Projects\active_projects\PROJ-247\findings\audit_data.json

PROJECT_ID=PROJ-247
[02:32:46 CLOOP] Created: PROJ-247
[02:32:46 CLOOP] Step D: Running multi-agent analysis...
**Analysis complete**

**Files modified:**
- `Projects/active_projects/PROJ-247/plan.md`
- `Projects/active_projects/PROJ-247/design.md`
- `Projects/active_projects/PROJ-247/decisions.md`
- `Projects/active_projects/PROJ-247/phase_1_checklist.md`
- `Projects/active_projects/PROJ-247/phase_2_checklist.md`
- `Projects/active_projects/PROJ-247/phase_3_checklist.md`
- `Projects/active_projects/PROJ-247/phase_4_checklist.md`
- `Projects/active_projects/PROJ-247/findings/structure_analysis.md`
- `Projects/active_projects/PROJ-247/findings/dependency_analysis.md`
- `Projects/active_projects/PROJ-247/findings/safety_analysis.md`

**Phase count:** 4

**Commit:** `cc184ef5`
[02:38:20 CLOOP] Sleeping 15s before next cycle...

[02:38:35 CLOOP] ======================================================
[02:38:35 CLOOP]   CYCLE 49 / 50
[02:38:35 CLOOP] ======================================================

[02:38:35 CLOOP] Step A: Running complexity audit (threshold: 20)...
[02:38:36 CLOOP] Target: game/ui/screens/fleet_report_filters.py:124 filter_ships (CC=36)
[02:38:36 CLOOP] Remaining above threshold: 44 (skipped: 0)
[02:38:36 CLOOP] Step B: Creating branch: complexity-cycle-49
git : error: Your local changes to the following files would be overwritten by checkout:
At C:\Dev\Starship Battles\Projects\complexity_loop\complexity_loop.ps1:317 char:5
+     git checkout main 2>$null
+     ~~~~~~~~~~~~~~~~~~~~~~~~~
    + CategoryInfo          : NotSpecified: (error: Your loc...en by checkout::String) [], RemoteException
    + FullyQualifiedErrorId : NativeCommandError
	Projects/complexity_loop/complexity_history.jsonl
	Projects/complexity_loop/cycle_state.json
	Projects/complexity_loop/logs/complexity_loop_2026-02-25_215510.log
	Projects/projects_index.md
Please commit your changes or stash them before you switch branches.
Aborting


[02:38:36 CLOOP] Step C: Creating project scaffold...
Target: game/ui/screens/fleet_report_filters.py:124
  Function: filter_ships
  CC: 36 (grade F)
  Remaining above threshold: 44

==================================================
Creating New Project: PROJ-248
==================================================

STEP 1: Create directory structure
  Created: C:\Dev\Starship Battles\Projects\active_projects\PROJ-248
  Created: C:\Dev\Starship Battles\Projects\active_projects\PROJ-248\findings

STEP 2: Create project files
  Created: plan.md
  Created: design.md
  Created: decisions.md
  Created: phase_1_checklist.md

STEP 3: Update projects_index.md
  Added PROJ-248 to index

==================================================
PROJECT CREATED
  ID: PROJ-248
  Directory: C:\Dev\Starship Battles\Projects\active_projects\PROJ-248

Next step: Run 'Start Project' prompt to begin planning.
==================================================

Project created: PROJ-248
  Context: C:\Dev\Starship Battles\Projects\active_projects\PROJ-248\findings\complexity_target.md
  Audit data: C:\Dev\Starship Battles\Projects\active_projects\PROJ-248\findings\audit_data.json

PROJECT_ID=PROJ-248
[02:38:37 CLOOP] Created: PROJ-248
[02:38:37 CLOOP] Step D: Running multi-agent analysis...
**Analysis complete.**

**Files modified:**
- `Projects/active_projects/PROJ-248/plan.md`
- `Projects/active_projects/PROJ-248/design.md`
- `Projects/active_projects/PROJ-248/decisions.md`
- `Projects/active_projects/PROJ-248/phase_1_checklist.md`
- `Projects/active_projects/PROJ-248/phase_2_checklist.md`
- `Projects/active_projects/PROJ-248/phase_3_checklist.md`
- `Projects/active_projects/PROJ-248/phase_4_checklist.md`
- `Projects/active_projects/PROJ-248/findings/structure_analysis.md`
- `Projects/active_projects/PROJ-248/findings/dependency_analysis.md`
- `Projects/active_projects/PROJ-248/findings/safety_analysis.md`

**Phase count:** 4

**Commit:** `037e967b`
[02:44:05 CLOOP] Sleeping 15s before next cycle...

[02:44:20 CLOOP] ======================================================
[02:44:20 CLOOP]   CYCLE 50 / 50
[02:44:20 CLOOP] ======================================================

[02:44:20 CLOOP] Step A: Running complexity audit (threshold: 20)...
[02:44:20 CLOOP] Target: game/ui/screens/fleet_report_filters.py:124 filter_ships (CC=36)
[02:44:20 CLOOP] Remaining above threshold: 44 (skipped: 0)
[02:44:20 CLOOP] Step B: Creating branch: complexity-cycle-50
git : error: Your local changes to the following files would be overwritten by checkout:
At C:\Dev\Starship Battles\Projects\complexity_loop\complexity_loop.ps1:317 char:5
+     git checkout main 2>$null
+     ~~~~~~~~~~~~~~~~~~~~~~~~~
    + CategoryInfo          : NotSpecified: (error: Your loc...en by checkout::String) [], RemoteException
    + FullyQualifiedErrorId : NativeCommandError
	Projects/complexity_loop/complexity_history.jsonl
	Projects/complexity_loop/cycle_state.json
	Projects/complexity_loop/logs/complexity_loop_2026-02-25_215510.log
	Projects/projects_index.md
Please commit your changes or stash them before you switch branches.
Aborting


[02:44:21 CLOOP] Step C: Creating project scaffold...
Target: game/ui/screens/fleet_report_filters.py:124
  Function: filter_ships
  CC: 36 (grade F)
  Remaining above threshold: 44

==================================================
Creating New Project: PROJ-249
==================================================

STEP 1: Create directory structure
  Created: C:\Dev\Starship Battles\Projects\active_projects\PROJ-249
  Created: C:\Dev\Starship Battles\Projects\active_projects\PROJ-249\findings

STEP 2: Create project files
  Created: plan.md
  Created: design.md
  Created: decisions.md
  Created: phase_1_checklist.md

STEP 3: Update projects_index.md
  Added PROJ-249 to index

==================================================
PROJECT CREATED
  ID: PROJ-249
  Directory: C:\Dev\Starship Battles\Projects\active_projects\PROJ-249

Next step: Run 'Start Project' prompt to begin planning.
==================================================

Project created: PROJ-249
  Context: C:\Dev\Starship Battles\Projects\active_projects\PROJ-249\findings\complexity_target.md
  Audit data: C:\Dev\Starship Battles\Projects\active_projects\PROJ-249\findings\audit_data.json

PROJECT_ID=PROJ-249
[02:44:22 CLOOP] Created: PROJ-249
[02:44:22 CLOOP] Step D: Running multi-agent analysis...
**Analysis complete.**

**Files modified:**
- `Projects/active_projects/PROJ-249/plan.md`
- `Projects/active_projects/PROJ-249/design.md`
- `Projects/active_projects/PROJ-249/decisions.md`
- `Projects/active_projects/PROJ-249/phase_1_checklist.md`
- `Projects/active_projects/PROJ-249/phase_2_checklist.md`
- `Projects/active_projects/PROJ-249/phase_3_checklist.md`
- `Projects/active_projects/PROJ-249/phase_4_checklist.md`
- `Projects/active_projects/PROJ-249/findings/structure_analysis.md`
- `Projects/active_projects/PROJ-249/findings/dependency_analysis.md`
- `Projects/active_projects/PROJ-249/findings/safety_analysis.md`

**Phase count:** 4

**Commit:** `443a1d7c`
[02:49:10 CLOOP] Sleeping 15s before next cycle...

[02:49:25 CLOOP] ======================================================
[02:49:25 CLOOP]   Complexity Reduction Loop Complete
[02:49:25 CLOOP] ======================================================

[02:49:25 CLOOP] Cycles completed: 0
[02:49:25 CLOOP] Functions refactored: 0
[02:49:25 CLOOP] Functions skipped: 0
[02:49:25 CLOOP] Total CC reduced: 0
[02:49:25 CLOOP] Final status: analyzing
[02:49:25 CLOOP] State file: Projects/complexity_loop/cycle_state.json
[02:49:25 CLOOP] Log file: Projects/complexity_loop/logs/complexity_loop_2026-02-25_215510.log
**********************
Windows PowerShell transcript end
End time: 20260226024925
**********************
